timestamp, clocks.current.sm [MHz], clocks.current.memory [MHz], power.draw [W], temperature.gpu
2026/09/26 14:58:56.443, 180, 405, 15.44, 38
2026/09/26 14:58:56.556, 180, 405, 15.44, 38
2026/09/26 14:58:56.656, 180, 405, 15.44, 38
2026/09/26 14:58:56.756, 180, 405, 15.44, 38
2026/09/26 14:58:56.856, 180, 405, 15.44, 38
2026/09/26 14:58:56.956, 180, 405, 15.44, 38
2026/09/26 14:58:57.056, 180, 405, 15.44, 38
2026/09/26 14:58:57.156, 180, 405, 15.44, 38
2026/09/26 14:58:57.256, 180, 405, 15.44, 38
2026/09/26 14:58:57.357, 180, 405, 15.44, 38
2026/09/26 14:58:57.457, 180, 405, 15.44, 38
2026/09/26 14:58:57.557, 180, 405, 15.67, 38
2026/09/26 14:58:57.657, 180, 405, 15.67, 38
2026/09/26 14:58:57.757, 180, 405, 15.67, 38
2026/09/26 14:58:57.857, 180, 405, 15.67, 38
2026/09/26 14:58:57.957, 180, 405, 15.67, 38
2026/09/26 14:58:58.057, 180, 405, 15.67, 38
2026/09/26 14:58:58.157, 180, 405, 15.67, 38
2026/09/26 14:58:58.257, 180, 405, 15.67, 38
2026/09/26 14:58:58.358, 180, 405, 15.67, 38
2026/09/26 14:58:58.458, 180, 405, 15.67, 38
2026/09/26 14:58:58.558, 180, 405, 15.38, 37
2026/09/26 14:58:58.658, 180, 405, 15.38, 37
2026/09/26 14:58:58.758, 180, 405, 15.38, 37
2026/09/26 14:58:58.858, 180, 405, 15.38, 37
2026/09/26 14:58:58.958, 180, 405, 15.38, 37
2026/09/26 14:58:59.058, 180, 405, 15.38, 37
2026/09/26 14:58:59.158, 180, 405, 15.38, 37
2026/09/26 14:58:59.259, 180, 405, 15.38, 37
2026/09/26 14:58:59.359, 180, 405, 15.38, 37
2026/09/26 14:58:59.459, 180, 405, 15.38, 37
2026/09/26 14:58:59.559, 180, 405, 15.31, 37
2026/09/26 14:58:59.659, 180, 405, 15.31, 37
2026/09/26 14:58:59.759, 180, 405, 15.31, 37
2026/09/26 14:58:59.859, 180, 405, 15.31, 37
2026/09/26 14:58:59.959, 180, 405, 15.31, 37
2026/09/26 14:59:00.059, 180, 405, 15.31, 37
2026/09/26 14:59:00.160, 180, 405, 15.31, 37
2026/09/26 14:59:00.260, 180, 405, 15.31, 37
2026/09/26 14:59:00.360, 180, 405, 15.31, 37
2026/09/26 14:59:00.460, 180, 405, 15.31, 37
2026/09/26 14:59:00.560, 2280, 13365, 36.73, 38
2026/09/26 14:59:00.660, 2280, 13365, 36.73, 38
2026/09/26 14:59:00.760, 2280, 13365, 36.73, 38
2026/09/26 14:59:00.860, 2280, 13365, 36.73, 38
2026/09/26 14:59:00.960, 2280, 13365, 36.73, 38
2026/09/26 14:59:01.061, 2325, 13365, 72.55, 40
2026/09/26 14:59:01.161, 2325, 13365, 72.55, 40
2026/09/26 14:59:01.261, 2325, 13365, 72.55, 40
2026/09/26 14:59:01.361, 2325, 13365, 72.55, 40
2026/09/26 14:59:01.461, 2325, 13365, 72.55, 40
2026/09/26 14:59:01.561, 2332, 13365, 177.31, 40
2026/09/26 14:59:01.661, 2332, 13365, 177.31, 40
2026/09/26 14:59:01.761, 2332, 13365, 177.31, 40
2026/09/26 14:59:01.862, 2332, 13365, 177.31, 40
2026/09/26 14:59:01.962, 2332, 13365, 177.31, 40
2026/09/26 14:59:02.062, 2332, 13365, 209.60, 41
2026/09/26 14:59:02.162, 2332, 13365, 209.60, 41
2026/09/26 14:59:02.262, 2332, 13365, 209.60, 41
2026/09/26 14:59:02.362, 2332, 13365, 209.60, 41
2026/09/26 14:59:02.462, 2332, 13365, 209.60, 41
2026/09/26 14:59:02.562, 2332, 13365, 151.34, 39
2026/09/26 14:59:02.662, 2332, 13365, 151.34, 39
2026/09/26 14:59:02.763, 2332, 13365, 151.34, 39
2026/09/26 14:59:02.863, 2332, 13365, 151.34, 39
2026/09/26 14:59:02.963, 2332, 13365, 151.34, 39
2026/09/26 14:59:03.063, 2317, 13365, 140.27, 43
2026/09/26 14:59:03.163, 2317, 13365, 140.27, 43
2026/09/26 14:59:03.263, 2317, 13365, 140.27, 43
2026/09/26 14:59:03.363, 2317, 13365, 140.27, 43
2026/09/26 14:59:03.463, 2317, 13365, 140.27, 43
2026/09/26 14:59:03.563, 2317, 13365, 206.49, 46
2026/09/26 14:59:03.664, 2317, 13365, 206.49, 46
2026/09/26 14:59:03.764, 2317, 13365, 206.49, 46
2026/09/26 14:59:03.864, 2317, 13365, 206.49, 46
2026/09/26 14:59:03.964, 2317, 13365, 206.49, 46
2026/09/26 14:59:04.064, 2332, 13365, 194.60, 40
2026/09/26 14:59:04.164, 2332, 13365, 194.60, 40
2026/09/26 14:59:04.264, 2332, 13365, 194.60, 40
2026/09/26 14:59:04.364, 2332, 13365, 194.60, 40
2026/09/26 14:59:04.464, 2332, 13365, 194.60, 40
2026/09/26 14:59:04.565, 2332, 13365, 132.57, 40
2026/09/26 14:59:04.665, 2332, 13365, 132.57, 40
2026/09/26 14:59:04.765, 2332, 13365, 132.57, 40
2026/09/26 14:59:04.865, 2332, 13365, 132.57, 40
2026/09/26 14:59:04.965, 2332, 13365, 132.57, 40
2026/09/26 14:59:05.065, 2310, 13365, 181.81, 46
2026/09/26 14:59:05.165, 2310, 13365, 181.81, 46
2026/09/26 14:59:05.265, 2310, 13365, 181.81, 46
2026/09/26 14:59:05.365, 2310, 13365, 181.81, 46
2026/09/26 14:59:05.466, 2310, 13365, 181.81, 46
2026/09/26 14:59:05.566, 2332, 13365, 185.07, 41
2026/09/26 14:59:05.666, 2332, 13365, 185.07, 41
2026/09/26 14:59:05.766, 2332, 13365, 185.07, 41
2026/09/26 14:59:05.866, 2332, 13365, 185.07, 41
2026/09/26 14:59:05.966, 2332, 13365, 185.07, 41
2026/09/26 14:59:06.066, 2332, 13365, 78.77, 41
2026/09/26 14:59:06.166, 2332, 13365, 78.77, 41
2026/09/26 14:59:06.266, 2332, 13365, 78.77, 41
2026/09/26 14:59:06.367, 2332, 13365, 78.77, 41
2026/09/26 14:59:06.467, 2332, 13365, 78.77, 41
2026/09/26 14:59:06.567, 2340, 13365, 93.68, 41
2026/09/26 14:59:06.667, 2340, 13365, 93.68, 41
2026/09/26 14:59:06.767, 2340, 13365, 93.68, 41
2026/09/26 14:59:06.867, 2340, 13365, 93.68, 41
2026/09/26 14:59:06.967, 2340, 13365, 93.68, 41
2026/09/26 14:59:07.067, 2340, 13365, 109.74, 41
2026/09/26 14:59:07.167, 2340, 13365, 109.74, 41
2026/09/26 14:59:07.268, 2340, 13365, 109.74, 41
2026/09/26 14:59:07.368, 2340, 13365, 109.74, 41
2026/09/26 14:59:07.468, 2340, 13365, 109.74, 41
2026/09/26 14:59:07.568, 2340, 13365, 109.65, 41
2026/09/26 14:59:07.668, 2340, 13365, 109.65, 41
2026/09/26 14:59:07.768, 2340, 13365, 109.65, 41
2026/09/26 14:59:07.868, 2340, 13365, 109.65, 41
2026/09/26 14:59:07.968, 2340, 13365, 109.65, 41
2026/09/26 14:59:08.068, 2340, 13365, 109.66, 41
2026/09/26 14:59:08.169, 2340, 13365, 109.66, 41
2026/09/26 14:59:08.269, 2340, 13365, 109.66, 41
2026/09/26 14:59:08.369, 2340, 13365, 109.66, 41
2026/09/26 14:59:08.469, 2340, 13365, 109.66, 41
2026/09/26 14:59:08.569, 2340, 13365, 109.54, 42
2026/09/26 14:59:08.669, 2340, 13365, 109.54, 42
2026/09/26 14:59:08.769, 2340, 13365, 109.54, 42
2026/09/26 14:59:08.869, 2340, 13365, 109.54, 42
2026/09/26 14:59:08.969, 2340, 13365, 109.54, 42
2026/09/26 14:59:09.070, 2340, 13365, 105.74, 41
2026/09/26 14:59:09.170, 2340, 13365, 105.74, 41
2026/09/26 14:59:09.270, 2340, 13365, 105.74, 41
2026/09/26 14:59:09.370, 2340, 13365, 105.74, 41
2026/09/26 14:59:09.470, 2340, 13365, 105.74, 41
2026/09/26 14:59:09.570, 2332, 13365, 89.71, 41
2026/09/26 14:59:09.670, 2332, 13365, 89.71, 41
2026/09/26 14:59:09.770, 2332, 13365, 89.71, 41
2026/09/26 14:59:09.870, 2332, 13365, 89.71, 41
2026/09/26 14:59:09.971, 2332, 13365, 89.71, 41
2026/09/26 14:59:10.071, 2332, 13365, 79.93, 41
2026/09/26 14:59:10.171, 2332, 13365, 79.93, 41
2026/09/26 14:59:10.271, 2332, 13365, 79.93, 41
2026/09/26 14:59:10.371, 2332, 13365, 79.93, 41
2026/09/26 14:59:10.471, 2332, 13365, 79.93, 41
2026/09/26 14:59:10.571, 2340, 13365, 94.51, 42
2026/09/26 14:59:10.671, 2340, 13365, 94.51, 42
2026/09/26 14:59:10.771, 2340, 13365, 94.51, 42
2026/09/26 14:59:10.871, 2340, 13365, 94.51, 42
2026/09/26 14:59:10.972, 2340, 13365, 94.51, 42
2026/09/26 14:59:11.072, 2340, 13365, 107.10, 42
2026/09/26 14:59:11.172, 2340, 13365, 107.10, 42
2026/09/26 14:59:11.272, 2340, 13365, 107.10, 42
2026/09/26 14:59:11.372, 2340, 13365, 107.10, 42
2026/09/26 14:59:11.472, 2340, 13365, 107.10, 42
2026/09/26 14:59:11.572, 2340, 13365, 107.11, 42
2026/09/26 14:59:11.672, 2340, 13365, 107.11, 42
2026/09/26 14:59:11.772, 2340, 13365, 107.11, 42
2026/09/26 14:59:11.873, 2340, 13365, 107.11, 42
2026/09/26 14:59:11.973, 2340, 13365, 107.11, 42
2026/09/26 14:59:12.073, 2340, 13365, 107.31, 42
2026/09/26 14:59:12.173, 2340, 13365, 107.31, 42
2026/09/26 14:59:12.273, 2340, 13365, 107.31, 42
2026/09/26 14:59:12.373, 2340, 13365, 107.31, 42
2026/09/26 14:59:12.473, 2340, 13365, 107.31, 42
2026/09/26 14:59:12.573, 2340, 13365, 107.26, 42
2026/09/26 14:59:12.673, 2340, 13365, 107.26, 42
2026/09/26 14:59:12.773, 2340, 13365, 107.26, 42
2026/09/26 14:59:12.874, 2340, 13365, 107.26, 42
2026/09/26 14:59:12.974, 2340, 13365, 107.26, 42
2026/09/26 14:59:13.074, 2340, 13365, 107.24, 42
2026/09/26 14:59:13.174, 2340, 13365, 107.24, 42
2026/09/26 14:59:13.274, 2340, 13365, 107.24, 42
2026/09/26 14:59:13.374, 2340, 13365, 107.24, 42
2026/09/26 14:59:13.474, 2340, 13365, 107.24, 42
2026/09/26 14:59:13.574, 2340, 13365, 107.11, 42
2026/09/26 14:59:13.674, 2340, 13365, 107.11, 42
2026/09/26 14:59:13.775, 2340, 13365, 107.11, 42
2026/09/26 14:59:13.875, 2340, 13365, 107.11, 42
2026/09/26 14:59:13.975, 2340, 13365, 107.11, 42
2026/09/26 14:59:14.075, 2332, 13365, 123.24, 43
2026/09/26 14:59:14.175, 2332, 13365, 123.24, 43
2026/09/26 14:59:14.275, 2332, 13365, 123.24, 43
2026/09/26 14:59:14.375, 2332, 13365, 123.24, 43
2026/09/26 14:59:14.475, 2332, 13365, 123.24, 43
2026/09/26 14:59:14.575, 2302, 13365, 188.82, 45
2026/09/26 14:59:14.676, 2302, 13365, 188.82, 45
2026/09/26 14:59:14.776, 2302, 13365, 188.82, 45
2026/09/26 14:59:14.876, 2302, 13365, 188.82, 45
2026/09/26 14:59:14.976, 2302, 13365, 188.82, 45
2026/09/26 14:59:15.076, 2302, 13365, 242.05, 45
2026/09/26 14:59:15.176, 2302, 13365, 242.05, 45
2026/09/26 14:59:15.276, 2302, 13365, 242.05, 45
2026/09/26 14:59:15.376, 2302, 13365, 242.05, 45
2026/09/26 14:59:15.476, 2302, 13365, 242.05, 45
2026/09/26 14:59:15.577, 2280, 13365, 201.22, 42
2026/09/26 14:59:15.677, 2280, 13365, 201.22, 42
2026/09/26 14:59:15.777, 2280, 13365, 201.22, 42
2026/09/26 14:59:15.877, 2280, 13365, 201.22, 42
2026/09/26 14:59:15.977, 2280, 13365, 201.22, 42
2026/09/26 14:59:16.077, 2280, 13365, 174.73, 48
2026/09/26 14:59:16.177, 2280, 13365, 174.73, 48
2026/09/26 14:59:16.277, 2280, 13365, 174.73, 48
2026/09/26 14:59:16.377, 2280, 13365, 174.73, 48
2026/09/26 14:59:16.478, 2280, 13365, 174.73, 48
2026/09/26 14:59:16.578, 1935, 13365, 225.14, 48
2026/09/26 14:59:16.678, 1935, 13365, 225.14, 48
2026/09/26 14:59:16.778, 1935, 13365, 225.14, 48
2026/09/26 14:59:16.878, 1935, 13365, 225.14, 48
2026/09/26 14:59:16.978, 1935, 13365, 225.14, 48
2026/09/26 14:59:17.078, 1905, 13365, 270.79, 44
2026/09/26 14:59:17.178, 1905, 13365, 270.79, 44
2026/09/26 14:59:17.278, 1905, 13365, 270.79, 44
2026/09/26 14:59:17.379, 1905, 13365, 270.79, 44
2026/09/26 14:59:17.479, 1905, 13365, 270.79, 44
2026/09/26 14:59:17.579, 2332, 13365, 151.32, 43
2026/09/26 14:59:17.679, 2332, 13365, 151.32, 43
2026/09/26 14:59:17.779, 2332, 13365, 151.32, 43
2026/09/26 14:59:17.879, 2332, 13365, 151.32, 43
2026/09/26 14:59:17.979, 2332, 13365, 151.32, 43
2026/09/26 14:59:18.079, 2332, 13365, 75.12, 43
2026/09/26 14:59:18.179, 2332, 13365, 75.12, 43
2026/09/26 14:59:18.280, 2332, 13365, 75.12, 43
2026/09/26 14:59:18.380, 2332, 13365, 75.12, 43
2026/09/26 14:59:18.480, 2332, 13365, 75.12, 43
2026/09/26 14:59:18.580, 2332, 13365, 74.48, 43
2026/09/26 14:59:18.680, 2332, 13365, 74.48, 43
2026/09/26 14:59:18.780, 2332, 13365, 74.48, 43
2026/09/26 14:59:18.880, 2332, 13365, 74.48, 43
2026/09/26 14:59:18.980, 2332, 13365, 74.48, 43
2026/09/26 14:59:19.080, 2332, 13365, 74.48, 43
2026/09/26 14:59:19.181, 2332, 13365, 74.48, 43
2026/09/26 14:59:19.281, 2332, 13365, 74.48, 43
2026/09/26 14:59:19.381, 2332, 13365, 74.48, 43
2026/09/26 14:59:19.481, 2332, 13365, 74.48, 43
2026/09/26 14:59:19.581, 2287, 13365, 71.60, 42
2026/09/26 14:59:19.681, 2287, 13365, 71.60, 42
2026/09/26 14:59:19.781, 2287, 13365, 71.60, 42
2026/09/26 14:59:19.881, 2287, 13365, 71.60, 42
2026/09/26 14:59:19.981, 2287, 13365, 71.60, 42
2026/09/26 14:59:20.081, 2287, 13365, 71.60, 42
2026/09/26 14:59:20.182, 2287, 13365, 71.60, 42
2026/09/26 14:59:20.282, 2287, 13365, 71.60, 42
2026/09/26 14:59:20.382, 2287, 13365, 71.60, 42
2026/09/26 14:59:20.482, 2287, 13365, 71.60, 42
2026/09/26 14:59:20.582, 2272, 13365, 69.28, 42
2026/09/26 14:59:20.682, 2272, 13365, 69.28, 42
2026/09/26 14:59:20.782, 2272, 13365, 69.28, 42
2026/09/26 14:59:20.882, 2272, 13365, 69.28, 42
2026/09/26 14:59:20.982, 2272, 13365, 69.28, 42
2026/09/26 14:59:21.083, 2272, 13365, 69.28, 42
2026/09/26 14:59:21.183, 2272, 13365, 69.28, 42
2026/09/26 14:59:21.283, 2272, 13365, 69.28, 42
2026/09/26 14:59:21.383, 2272, 13365, 69.28, 42
2026/09/26 14:59:21.483, 2272, 13365, 69.28, 42
2026/09/26 14:59:21.583, 2272, 13365, 69.14, 42
2026/09/26 14:59:21.683, 2272, 13365, 69.14, 42
2026/09/26 14:59:21.783, 2272, 13365, 69.14, 42
2026/09/26 14:59:21.883, 2272, 13365, 69.14, 42
2026/09/26 14:59:21.984, 2272, 13365, 69.14, 42
2026/09/26 14:59:22.084, 2017, 13365, 100.48, 48
2026/09/26 14:59:22.184, 2017, 13365, 100.48, 48
2026/09/26 14:59:22.284, 2017, 13365, 100.48, 48
2026/09/26 14:59:22.384, 2017, 13365, 100.48, 48
2026/09/26 14:59:22.484, 2017, 13365, 100.48, 48
2026/09/26 14:59:22.584, 2242, 13365, 148.61, 43
2026/09/26 14:59:22.684, 2242, 13365, 148.61, 43
2026/09/26 14:59:22.784, 2242, 13365, 148.61, 43
2026/09/26 14:59:22.885, 2242, 13365, 148.61, 43
2026/09/26 14:59:22.985, 2242, 13365, 148.61, 43
2026/09/26 14:59:23.085, 2332, 13365, 123.10, 42
2026/09/26 14:59:23.185, 2332, 13365, 123.10, 42
2026/09/26 14:59:23.285, 2332, 13365, 123.10, 42
2026/09/26 14:59:23.385, 2332, 13365, 123.10, 42
2026/09/26 14:59:23.485, 2332, 13365, 123.10, 42
2026/09/26 14:59:23.585, 2332, 13365, 73.81, 42
2026/09/26 14:59:23.685, 2332, 13365, 73.81, 42
2026/09/26 14:59:23.786, 2332, 13365, 73.81, 42
2026/09/26 14:59:23.886, 2332, 13365, 73.81, 42
2026/09/26 14:59:23.986, 2332, 13365, 73.81, 42
2026/09/26 14:59:24.086, 2332, 13365, 73.68, 42
2026/09/26 14:59:24.186, 2332, 13365, 73.68, 42
2026/09/26 14:59:24.286, 2332, 13365, 73.68, 42
2026/09/26 14:59:24.386, 2332, 13365, 73.68, 42
2026/09/26 14:59:24.486, 2332, 13365, 73.68, 42
2026/09/26 14:59:24.586, 2332, 13365, 73.68, 42
2026/09/26 14:59:24.686, 2332, 13365, 73.68, 42
2026/09/26 14:59:24.787, 2332, 13365, 73.68, 42
2026/09/26 14:59:24.887, 2332, 13365, 73.68, 42
2026/09/26 14:59:24.987, 2332, 13365, 73.68, 42
2026/09/26 14:59:25.087, 2272, 13365, 71.18, 42
2026/09/26 14:59:25.187, 2272, 13365, 71.18, 42
2026/09/26 14:59:25.287, 2272, 13365, 71.18, 42
2026/09/26 14:59:25.387, 2272, 13365, 71.18, 42
2026/09/26 14:59:25.487, 2272, 13365, 71.18, 42
2026/09/26 14:59:25.587, 2272, 13365, 71.18, 42
2026/09/26 14:59:25.688, 2272, 13365, 71.18, 42
2026/09/26 14:59:25.788, 2272, 13365, 71.18, 42
2026/09/26 14:59:25.888, 2272, 13365, 71.18, 42
2026/09/26 14:59:25.988, 2272, 13365, 71.18, 42
2026/09/26 14:59:26.088, 2272, 13365, 69.30, 42
2026/09/26 14:59:26.189, 2272, 13365, 69.30, 42
2026/09/26 14:59:26.289, 2272, 13365, 69.30, 42
2026/09/26 14:59:26.390, 2272, 13365, 69.30, 42
2026/09/26 14:59:26.490, 2272, 13365, 69.30, 42
2026/09/26 14:59:26.590, 2272, 13365, 69.60, 42
2026/09/26 14:59:26.690, 2272, 13365, 69.60, 42
2026/09/26 14:59:26.790, 2272, 13365, 69.60, 42
2026/09/26 14:59:26.890, 2272, 13365, 69.60, 42
2026/09/26 14:59:26.990, 2272, 13365, 69.60, 42
2026/09/26 14:59:27.090, 2340, 13365, 108.36, 45
2026/09/26 14:59:27.190, 2340, 13365, 108.36, 45
2026/09/26 14:59:27.291, 2340, 13365, 108.36, 45
2026/09/26 14:59:27.391, 2340, 13365, 108.36, 45
2026/09/26 14:59:27.491, 2340, 13365, 108.36, 45
2026/09/26 14:59:27.591, 2340, 13365, 128.52, 45
2026/09/26 14:59:27.691, 2340, 13365, 128.52, 45
2026/09/26 14:59:27.791, 2340, 13365, 128.52, 45
2026/09/26 14:59:27.891, 2340, 13365, 128.52, 45
2026/09/26 14:59:27.991, 2340, 13365, 128.52, 45
2026/09/26 14:59:28.091, 2332, 13365, 147.28, 43
2026/09/26 14:59:28.192, 2332, 13365, 147.28, 43
2026/09/26 14:59:28.292, 2332, 13365, 147.28, 43
2026/09/26 14:59:28.392, 2332, 13365, 147.28, 43
2026/09/26 14:59:28.492, 2332, 13365, 147.28, 43
2026/09/26 14:59:28.592, 2332, 13365, 91.66, 42
2026/09/26 14:59:28.692, 2332, 13365, 91.66, 42
2026/09/26 14:59:28.792, 2332, 13365, 91.66, 42
2026/09/26 14:59:28.892, 2332, 13365, 91.66, 42
2026/09/26 14:59:28.992, 2332, 13365, 91.66, 42
2026/09/26 14:59:29.093, 2332, 13365, 74.10, 42
2026/09/26 14:59:29.193, 2332, 13365, 74.10, 42
2026/09/26 14:59:29.293, 2332, 13365, 74.10, 42
2026/09/26 14:59:29.393, 2332, 13365, 74.10, 42
2026/09/26 14:59:29.493, 2332, 13365, 74.10, 42
2026/09/26 14:59:29.593, 2332, 13365, 74.10, 42
2026/09/26 14:59:29.693, 2332, 13365, 74.10, 42
2026/09/26 14:59:29.793, 2332, 13365, 74.10, 42
2026/09/26 14:59:29.893, 2332, 13365, 74.10, 42
2026/09/26 14:59:29.994, 2332, 13365, 74.10, 42
2026/09/26 14:59:30.094, 2272, 13365, 71.85, 42
2026/09/26 14:59:30.194, 2272, 13365, 71.85, 42
2026/09/26 14:59:30.294, 2272, 13365, 71.85, 42
2026/09/26 14:59:30.394, 2272, 13365, 71.85, 42
2026/09/26 14:59:30.494, 2272, 13365, 71.85, 42
2026/09/26 14:59:30.594, 2272, 13365, 71.85, 42
2026/09/26 14:59:30.694, 2272, 13365, 71.85, 42
2026/09/26 14:59:30.794, 2272, 13365, 71.85, 42
2026/09/26 14:59:30.894, 2272, 13365, 71.85, 42
2026/09/26 14:59:30.995, 2272, 13365, 71.85, 42
2026/09/26 14:59:31.095, 2272, 13365, 69.47, 42
2026/09/26 14:59:31.195, 2272, 13365, 69.47, 42
2026/09/26 14:59:31.295, 2272, 13365, 69.47, 42
2026/09/26 14:59:31.395, 2272, 13365, 69.47, 42
2026/09/26 14:59:31.495, 2272, 13365, 69.47, 42
2026/09/26 14:59:31.595, 2272, 13365, 69.47, 42
2026/09/26 14:59:31.695, 2272, 13365, 69.47, 42
2026/09/26 14:59:31.795, 2272, 13365, 69.47, 42
2026/09/26 14:59:31.896, 2272, 13365, 69.47, 42
2026/09/26 14:59:31.996, 2272, 13365, 69.47, 42
2026/09/26 14:59:32.096, 2272, 13365, 73.16, 43
2026/09/26 14:59:32.196, 2272, 13365, 73.16, 43
2026/09/26 14:59:32.296, 2272, 13365, 73.16, 43
2026/09/26 14:59:32.396, 2272, 13365, 73.16, 43
2026/09/26 14:59:32.496, 2272, 13365, 73.16, 43
2026/09/26 14:59:32.596, 2340, 13365, 107.49, 45
2026/09/26 14:59:32.696, 2340, 13365, 107.49, 45
2026/09/26 14:59:32.797, 2340, 13365, 107.49, 45
2026/09/26 14:59:32.897, 2340, 13365, 107.49, 45
2026/09/26 14:59:32.997, 2340, 13365, 107.49, 45
2026/09/26 14:59:33.097, 2340, 13365, 176.23, 45
2026/09/26 14:59:33.197, 2340, 13365, 176.23, 45
2026/09/26 14:59:33.297, 2340, 13365, 176.23, 45
2026/09/26 14:59:33.397, 2340, 13365, 176.23, 45
2026/09/26 14:59:33.497, 2340, 13365, 176.23, 45
2026/09/26 14:59:33.597, 2340, 13365, 167.88, 43
2026/09/26 14:59:33.697, 2340, 13365, 167.88, 43
2026/09/26 14:59:33.798, 2340, 13365, 167.88, 43
2026/09/26 14:59:33.898, 2340, 13365, 167.88, 43
2026/09/26 14:59:33.998, 2340, 13365, 167.88, 43
2026/09/26 14:59:34.098, 2317, 13365, 205.52, 47
2026/09/26 14:59:34.198, 2317, 13365, 205.52, 47
2026/09/26 14:59:34.298, 2317, 13365, 205.52, 47
2026/09/26 14:59:34.398, 2317, 13365, 205.52, 47
2026/09/26 14:59:34.498, 2317, 13365, 205.52, 47
2026/09/26 14:59:34.598, 2332, 13365, 255.21, 47
2026/09/26 14:59:34.699, 2332, 13365, 255.21, 47
2026/09/26 14:59:34.799, 2332, 13365, 255.21, 47
2026/09/26 14:59:34.899, 2332, 13365, 255.21, 47
2026/09/26 14:59:34.999, 2332, 13365, 255.21, 47
2026/09/26 14:59:35.099, 2250, 13365, 240.44, 44
2026/09/26 14:59:35.199, 2250, 13365, 240.44, 44
2026/09/26 14:59:35.300, 2250, 13365, 240.44, 44
2026/09/26 14:59:35.400, 2250, 13365, 240.44, 44
2026/09/26 14:59:35.500, 2250, 13365, 240.44, 44
2026/09/26 14:59:35.600, 2295, 13365, 184.75, 49
2026/09/26 14:59:35.700, 2295, 13365, 184.75, 49
2026/09/26 14:59:35.800, 2295, 13365, 184.75, 49
2026/09/26 14:59:35.901, 2295, 13365, 184.75, 49
2026/09/26 14:59:36.001, 2295, 13365, 184.75, 49
2026/09/26 14:59:36.101, 1920, 13365, 210.22, 50
2026/09/26 14:59:36.201, 1920, 13365, 210.22, 50
2026/09/26 14:59:36.301, 1920, 13365, 210.22, 50
2026/09/26 14:59:36.401, 1920, 13365, 210.22, 50
2026/09/26 14:59:36.501, 1920, 13365, 210.22, 50
2026/09/26 14:59:36.601, 1732, 13365, 283.11, 46
2026/09/26 14:59:36.701, 1732, 13365, 283.11, 46
2026/09/26 14:59:36.802, 1732, 13365, 283.11, 46
2026/09/26 14:59:36.902, 1732, 13365, 283.11, 46
2026/09/26 14:59:37.002, 1732, 13365, 283.11, 46
2026/09/26 14:59:37.102, 2332, 13365, 183.15, 45
2026/09/26 14:59:37.202, 2332, 13365, 183.15, 45
2026/09/26 14:59:37.302, 2332, 13365, 183.15, 45
2026/09/26 14:59:37.402, 2332, 13365, 183.15, 45
2026/09/26 14:59:37.502, 2332, 13365, 183.15, 45
2026/09/26 14:59:37.602, 2332, 13365, 79.01, 44
2026/09/26 14:59:37.702, 2332, 13365, 79.01, 44
2026/09/26 14:59:37.803, 2332, 13365, 79.01, 44
2026/09/26 14:59:37.903, 2332, 13365, 79.01, 44
2026/09/26 14:59:38.003, 2332, 13365, 79.01, 44
2026/09/26 14:59:38.103, 2332, 13365, 75.70, 44
2026/09/26 14:59:38.203, 2332, 13365, 75.70, 44
2026/09/26 14:59:38.303, 2332, 13365, 75.70, 44
2026/09/26 14:59:38.403, 2332, 13365, 75.70, 44
2026/09/26 14:59:38.503, 2332, 13365, 75.70, 44
2026/09/26 14:59:38.603, 2332, 13365, 75.70, 44
2026/09/26 14:59:38.703, 2332, 13365, 75.70, 44
2026/09/26 14:59:38.804, 2332, 13365, 75.70, 44
2026/09/26 14:59:38.904, 2332, 13365, 75.70, 44
2026/09/26 14:59:39.004, 2332, 13365, 75.70, 44
2026/09/26 14:59:39.104, 2272, 13365, 72.84, 44
2026/09/26 14:59:39.204, 2272, 13365, 72.84, 44
2026/09/26 14:59:39.304, 2272, 13365, 72.84, 44
2026/09/26 14:59:39.404, 2272, 13365, 72.84, 44
2026/09/26 14:59:39.504, 2272, 13365, 72.84, 44
2026/09/26 14:59:39.604, 2272, 13365, 72.84, 44
2026/09/26 14:59:39.704, 2272, 13365, 72.84, 44
2026/09/26 14:59:39.805, 2272, 13365, 72.84, 44
2026/09/26 14:59:39.905, 2272, 13365, 72.84, 44
2026/09/26 14:59:40.005, 2272, 13365, 72.84, 44
2026/09/26 14:59:40.105, 2272, 13365, 70.11, 44
2026/09/26 14:59:40.205, 2272, 13365, 70.11, 44
2026/09/26 14:59:40.305, 2272, 13365, 70.11, 44
2026/09/26 14:59:40.405, 2272, 13365, 70.11, 44
2026/09/26 14:59:40.505, 2272, 13365, 70.11, 44
2026/09/26 14:59:40.605, 2272, 13365, 70.11, 44
2026/09/26 14:59:40.706, 2272, 13365, 70.11, 44
2026/09/26 14:59:40.806, 2272, 13365, 70.11, 44
2026/09/26 14:59:40.906, 2272, 13365, 70.11, 44
2026/09/26 14:59:41.006, 2272, 13365, 70.11, 44
2026/09/26 14:59:41.106, 2265, 13365, 88.68, 49
2026/09/26 14:59:41.206, 2265, 13365, 88.68, 49
2026/09/26 14:59:41.306, 2265, 13365, 88.68, 49
2026/09/26 14:59:41.406, 2265, 13365, 88.68, 49
2026/09/26 14:59:41.506, 2265, 13365, 88.68, 49
2026/09/26 14:59:41.606, 1650, 13365, 142.97, 46
2026/09/26 14:59:41.707, 1650, 13365, 142.97, 46
2026/09/26 14:59:41.807, 1650, 13365, 142.97, 46
2026/09/26 14:59:41.907, 1650, 13365, 142.97, 46
2026/09/26 14:59:42.007, 1650, 13365, 142.97, 46
2026/09/26 14:59:42.107, 2332, 13365, 194.56, 44
2026/09/26 14:59:42.207, 2332, 13365, 194.56, 44
2026/09/26 14:59:42.307, 2332, 13365, 194.56, 44
2026/09/26 14:59:42.407, 2332, 13365, 194.56, 44
2026/09/26 14:59:42.508, 2332, 13365, 194.56, 44
2026/09/26 14:59:42.608, 2332, 13365, 85.30, 44
2026/09/26 14:59:42.708, 2332, 13365, 85.30, 44
2026/09/26 14:59:42.808, 2332, 13365, 85.30, 44
2026/09/26 14:59:42.908, 2332, 13365, 85.30, 44
2026/09/26 14:59:43.008, 2332, 13365, 85.30, 44
2026/09/26 14:59:43.108, 2332, 13365, 75.15, 44
2026/09/26 14:59:43.208, 2332, 13365, 75.15, 44
2026/09/26 14:59:43.308, 2332, 13365, 75.15, 44
2026/09/26 14:59:43.408, 2332, 13365, 75.15, 44
2026/09/26 14:59:43.509, 2332, 13365, 75.15, 44
2026/09/26 14:59:43.609, 2332, 13365, 75.15, 44
2026/09/26 14:59:43.709, 2332, 13365, 75.15, 44
2026/09/26 14:59:43.809, 2332, 13365, 75.15, 44
2026/09/26 14:59:43.909, 2332, 13365, 75.15, 44
2026/09/26 14:59:44.009, 2332, 13365, 75.15, 44
2026/09/26 14:59:44.109, 2272, 13365, 71.77, 43
2026/09/26 14:59:44.209, 2272, 13365, 71.77, 43
2026/09/26 14:59:44.309, 2272, 13365, 71.77, 43
2026/09/26 14:59:44.410, 2272, 13365, 71.77, 43
2026/09/26 14:59:44.510, 2272, 13365, 71.77, 43
2026/09/26 14:59:44.610, 2272, 13365, 71.77, 43
2026/09/26 14:59:44.710, 2272, 13365, 71.77, 43
2026/09/26 14:59:44.810, 2272, 13365, 71.77, 43
2026/09/26 14:59:44.910, 2272, 13365, 71.77, 43
2026/09/26 14:59:45.010, 2272, 13365, 71.77, 43
2026/09/26 14:59:45.110, 2272, 13365, 69.69, 43
2026/09/26 14:59:45.210, 2272, 13365, 69.69, 43
2026/09/26 14:59:45.311, 2272, 13365, 69.69, 43
2026/09/26 14:59:45.411, 2272, 13365, 69.69, 43
2026/09/26 14:59:45.511, 2272, 13365, 69.69, 43
2026/09/26 14:59:45.611, 2272, 13365, 69.69, 43
2026/09/26 14:59:45.711, 2272, 13365, 69.69, 43
2026/09/26 14:59:45.811, 2272, 13365, 69.69, 43
2026/09/26 14:59:45.911, 2272, 13365, 69.69, 43
2026/09/26 14:59:46.011, 2272, 13365, 69.69, 43
2026/09/26 14:59:46.111, 2272, 13365, 70.13, 43
2026/09/26 14:59:46.211, 2272, 13365, 70.13, 43
2026/09/26 14:59:46.312, 2272, 13365, 70.13, 43
2026/09/26 14:59:46.412, 2272, 13365, 70.13, 43
2026/09/26 14:59:46.512, 2272, 13365, 70.13, 43
2026/09/26 14:59:46.612, 2340, 13365, 100.55, 46
2026/09/26 14:59:46.712, 2340, 13365, 100.55, 46
2026/09/26 14:59:46.812, 2340, 13365, 100.55, 46
2026/09/26 14:59:46.912, 2340, 13365, 100.55, 46
2026/09/26 14:59:47.012, 2340, 13365, 100.55, 46
2026/09/26 14:59:47.112, 2340, 13365, 162.15, 46
2026/09/26 14:59:47.213, 2340, 13365, 162.15, 46
2026/09/26 14:59:47.313, 2340, 13365, 162.15, 46
2026/09/26 14:59:47.413, 2340, 13365, 162.15, 46
2026/09/26 14:59:47.513, 2340, 13365, 162.15, 46
2026/09/26 14:59:47.613, 2340, 13365, 184.76, 45
2026/09/26 14:59:47.713, 2340, 13365, 184.76, 45
2026/09/26 14:59:47.813, 2340, 13365, 184.76, 45
2026/09/26 14:59:47.913, 2340, 13365, 184.76, 45
2026/09/26 14:59:48.014, 2340, 13365, 184.76, 45
2026/09/26 14:59:48.114, 2332, 13365, 130.27, 44
2026/09/26 14:59:48.214, 2332, 13365, 130.27, 44
2026/09/26 14:59:48.314, 2332, 13365, 130.27, 44
2026/09/26 14:59:48.414, 2332, 13365, 130.27, 44
2026/09/26 14:59:48.514, 2332, 13365, 130.27, 44
2026/09/26 14:59:48.614, 2332, 13365, 84.47, 44
2026/09/26 14:59:48.714, 2332, 13365, 84.47, 44
2026/09/26 14:59:48.814, 2332, 13365, 84.47, 44
2026/09/26 14:59:48.914, 2332, 13365, 84.47, 44
2026/09/26 14:59:49.015, 2332, 13365, 84.47, 44
2026/09/26 14:59:49.115, 2332, 13365, 74.89, 44
2026/09/26 14:59:49.215, 2332, 13365, 74.89, 44
2026/09/26 14:59:49.315, 2332, 13365, 74.89, 44
2026/09/26 14:59:49.415, 2332, 13365, 74.89, 44
2026/09/26 14:59:49.515, 2332, 13365, 74.89, 44
2026/09/26 14:59:49.615, 2332, 13365, 74.89, 44
2026/09/26 14:59:49.715, 2332, 13365, 74.89, 44
2026/09/26 14:59:49.815, 2332, 13365, 74.89, 44
2026/09/26 14:59:49.916, 2332, 13365, 74.89, 44
2026/09/26 14:59:50.016, 2332, 13365, 74.89, 44
2026/09/26 14:59:50.116, 2272, 13365, 72.48, 43
2026/09/26 14:59:50.216, 2272, 13365, 72.48, 43
2026/09/26 14:59:50.316, 2272, 13365, 72.48, 43
2026/09/26 14:59:50.416, 2272, 13365, 72.48, 43
2026/09/26 14:59:50.516, 2272, 13365, 72.48, 43
2026/09/26 14:59:50.616, 2272, 13365, 72.48, 43
2026/09/26 14:59:50.716, 2272, 13365, 72.48, 43
2026/09/26 14:59:50.816, 2272, 13365, 72.48, 43
2026/09/26 14:59:50.917, 2272, 13365, 72.48, 43
2026/09/26 14:59:51.017, 2272, 13365, 72.48, 43
2026/09/26 14:59:51.117, 2272, 13365, 71.51, 43
2026/09/26 14:59:51.217, 2272, 13365, 71.51, 43
2026/09/26 14:59:51.317, 2272, 13365, 71.51, 43
2026/09/26 14:59:51.417, 2272, 13365, 71.51, 43
2026/09/26 14:59:51.517, 2272, 13365, 71.51, 43
2026/09/26 14:59:51.617, 2272, 13365, 71.51, 43
2026/09/26 14:59:51.717, 2272, 13365, 71.51, 43
2026/09/26 14:59:51.818, 2272, 13365, 71.51, 43
2026/09/26 14:59:51.918, 2272, 13365, 71.51, 43
2026/09/26 14:59:52.018, 2272, 13365, 71.51, 43
2026/09/26 14:59:52.118, 2272, 13365, 70.33, 43
2026/09/26 14:59:52.218, 2272, 13365, 70.33, 43
2026/09/26 14:59:52.318, 2272, 13365, 70.33, 43
2026/09/26 14:59:52.418, 2272, 13365, 70.33, 43
2026/09/26 14:59:52.518, 2272, 13365, 70.33, 43
2026/09/26 14:59:52.618, 2340, 13365, 95.89, 46
2026/09/26 14:59:52.719, 2340, 13365, 95.89, 46
2026/09/26 14:59:52.819, 2340, 13365, 95.89, 46
2026/09/26 14:59:52.919, 2340, 13365, 95.89, 46
2026/09/26 14:59:53.019, 2340, 13365, 95.89, 46
2026/09/26 14:59:53.119, 2340, 13365, 151.16, 46
2026/09/26 14:59:53.219, 2340, 13365, 151.16, 46
2026/09/26 14:59:53.319, 2340, 13365, 151.16, 46
2026/09/26 14:59:53.419, 2340, 13365, 151.16, 46
2026/09/26 14:59:53.519, 2340, 13365, 151.16, 46
2026/09/26 14:59:53.619, 2340, 13365, 177.46, 46
2026/09/26 14:59:53.720, 2340, 13365, 177.46, 46
2026/09/26 14:59:53.820, 2340, 13365, 177.46, 46
2026/09/26 14:59:53.920, 2340, 13365, 177.46, 46
2026/09/26 14:59:54.020, 2340, 13365, 177.46, 46
2026/09/26 14:59:54.120, 2340, 13365, 170.10, 45
2026/09/26 14:59:54.220, 2340, 13365, 170.10, 45
2026/09/26 14:59:54.320, 2340, 13365, 170.10, 45
2026/09/26 14:59:54.420, 2340, 13365, 170.10, 45
2026/09/26 14:59:54.520, 2340, 13365, 170.10, 45
2026/09/26 14:59:54.621, 2137, 13365, 227.36, 49
2026/09/26 14:59:54.721, 2137, 13365, 227.36, 49
2026/09/26 14:59:54.821, 2137, 13365, 227.36, 49
2026/09/26 14:59:54.921, 2137, 13365, 227.36, 49
2026/09/26 14:59:55.021, 2137, 13365, 227.36, 49
2026/09/26 14:59:55.121, 2250, 13365, 277.68, 50
2026/09/26 14:59:55.221, 2250, 13365, 277.68, 50
2026/09/26 14:59:55.321, 2250, 13365, 277.68, 50
2026/09/26 14:59:55.421, 2250, 13365, 277.68, 50
2026/09/26 14:59:55.522, 2250, 13365, 277.68, 50
2026/09/26 14:59:55.622, 1905, 13365, 286.37, 47
2026/09/26 14:59:55.722, 1905, 13365, 286.37, 47
2026/09/26 14:59:55.822, 1905, 13365, 286.37, 47
2026/09/26 14:59:55.922, 1905, 13365, 286.37, 47
2026/09/26 14:59:56.022, 1905, 13365, 286.37, 47
2026/09/26 14:59:56.122, 2332, 13365, 190.54, 49
2026/09/26 14:59:56.222, 2332, 13365, 190.54, 49
2026/09/26 14:59:56.322, 2332, 13365, 190.54, 49
2026/09/26 14:59:56.423, 2332, 13365, 190.54, 49
2026/09/26 14:59:56.523, 2332, 13365, 190.54, 49
2026/09/26 14:59:56.623, 1822, 13365, 200.28, 50
2026/09/26 14:59:56.723, 1822, 13365, 200.28, 50
2026/09/26 14:59:56.823, 1822, 13365, 200.28, 50
2026/09/26 14:59:56.923, 1822, 13365, 200.28, 50
2026/09/26 14:59:57.023, 1822, 13365, 200.28, 50
2026/09/26 14:59:57.123, 1612, 13365, 295.82, 52
2026/09/26 14:59:57.223, 1612, 13365, 295.82, 52
2026/09/26 14:59:57.324, 1612, 13365, 295.82, 52
2026/09/26 14:59:57.424, 1612, 13365, 295.82, 52
2026/09/26 14:59:57.524, 1612, 13365, 295.82, 52
2026/09/26 14:59:57.624, 2242, 13365, 229.87, 52
2026/09/26 14:59:57.724, 2242, 13365, 229.87, 52
2026/09/26 14:59:57.824, 2242, 13365, 229.87, 52
2026/09/26 14:59:57.924, 2242, 13365, 229.87, 52
2026/09/26 14:59:58.024, 2242, 13365, 229.87, 52
2026/09/26 14:59:58.124, 1605, 13365, 235.70, 52
2026/09/26 14:59:58.225, 1605, 13365, 235.70, 52
2026/09/26 14:59:58.325, 1605, 13365, 235.70, 52
2026/09/26 14:59:58.425, 1605, 13365, 235.70, 52
2026/09/26 14:59:58.525, 1605, 13365, 235.70, 52
2026/09/26 14:59:58.625, 2280, 13365, 198.09, 50
2026/09/26 14:59:58.725, 2280, 13365, 198.09, 50
2026/09/26 14:59:58.825, 2280, 13365, 198.09, 50
2026/09/26 14:59:58.925, 2280, 13365, 198.09, 50
2026/09/26 14:59:59.025, 2280, 13365, 198.09, 50
2026/09/26 14:59:59.126, 2295, 13365, 204.45, 52
2026/09/26 14:59:59.226, 2295, 13365, 204.45, 52
2026/09/26 14:59:59.326, 2295, 13365, 204.45, 52
2026/09/26 14:59:59.426, 2295, 13365, 204.45, 52
2026/09/26 14:59:59.526, 2295, 13365, 204.45, 52
2026/09/26 14:59:59.626, 2310, 13365, 245.28, 47
2026/09/26 14:59:59.726, 2310, 13365, 245.28, 47
2026/09/26 14:59:59.826, 2310, 13365, 245.28, 47
2026/09/26 14:59:59.926, 2310, 13365, 245.28, 47
2026/09/26 15:00:00.027, 2310, 13365, 245.28, 47
2026/09/26 15:00:00.127, 2325, 13365, 200.52, 52
2026/09/26 15:00:00.227, 2325, 13365, 200.52, 52
2026/09/26 15:00:00.327, 2325, 13365, 200.52, 52
2026/09/26 15:00:00.427, 2325, 13365, 200.52, 52
2026/09/26 15:00:00.527, 2325, 13365, 200.52, 52
2026/09/26 15:00:00.627, 2325, 13365, 256.09, 53
2026/09/26 15:00:00.727, 2325, 13365, 256.09, 53
2026/09/26 15:00:00.828, 2325, 13365, 256.09, 53
2026/09/26 15:00:00.928, 2325, 13365, 256.09, 53
2026/09/26 15:00:01.028, 2325, 13365, 256.09, 53
2026/09/26 15:00:01.128, 2220, 13365, 286.19, 53
2026/09/26 15:00:01.228, 2220, 13365, 286.19, 53
2026/09/26 15:00:01.328, 2220, 13365, 286.19, 53
2026/09/26 15:00:01.428, 2220, 13365, 286.19, 53
2026/09/26 15:00:01.528, 2220, 13365, 286.19, 53
2026/09/26 15:00:01.628, 1822, 13365, 284.80, 53
2026/09/26 15:00:01.729, 1822, 13365, 284.80, 53
2026/09/26 15:00:01.829, 1822, 13365, 284.80, 53
2026/09/26 15:00:01.929, 1822, 13365, 284.80, 53
2026/09/26 15:00:02.029, 1822, 13365, 284.80, 53
2026/09/26 15:00:02.129, 1852, 13365, 303.36, 53
2026/09/26 15:00:02.229, 1852, 13365, 303.36, 53
2026/09/26 15:00:02.329, 1852, 13365, 303.36, 53
2026/09/26 15:00:02.429, 1852, 13365, 303.36, 53
2026/09/26 15:00:02.529, 1852, 13365, 303.36, 53
2026/09/26 15:00:02.630, 2025, 13365, 257.99, 49
2026/09/26 15:00:02.730, 2025, 13365, 257.99, 49
2026/09/26 15:00:02.830, 2025, 13365, 257.99, 49
2026/09/26 15:00:02.930, 2025, 13365, 257.99, 49
2026/09/26 15:00:03.030, 2025, 13365, 257.99, 49
2026/09/26 15:00:03.130, 2160, 13365, 188.46, 54
2026/09/26 15:00:03.230, 2160, 13365, 188.46, 54
2026/09/26 15:00:03.330, 2160, 13365, 188.46, 54
2026/09/26 15:00:03.430, 2160, 13365, 188.46, 54
2026/09/26 15:00:03.531, 2160, 13365, 188.46, 54
2026/09/26 15:00:03.631, 1740, 13365, 221.85, 54
2026/09/26 15:00:03.731, 1740, 13365, 221.85, 54
2026/09/26 15:00:03.831, 1740, 13365, 221.85, 54
2026/09/26 15:00:03.931, 1740, 13365, 221.85, 54
2026/09/26 15:00:04.031, 1740, 13365, 221.85, 54
2026/09/26 15:00:04.131, 1680, 13365, 288.33, 50
2026/09/26 15:00:04.231, 1680, 13365, 288.33, 50
2026/09/26 15:00:04.331, 1680, 13365, 288.33, 50
2026/09/26 15:00:04.432, 1680, 13365, 288.33, 50
2026/09/26 15:00:04.532, 1680, 13365, 288.33, 50
2026/09/26 15:00:04.632, 2190, 13365, 216.93, 54
2026/09/26 15:00:04.732, 2190, 13365, 216.93, 54
2026/09/26 15:00:04.832, 2190, 13365, 216.93, 54
2026/09/26 15:00:04.932, 2190, 13365, 216.93, 54
2026/09/26 15:00:05.032, 2190, 13365, 216.93, 54
2026/09/26 15:00:05.132, 1897, 13365, 196.84, 49
2026/09/26 15:00:05.232, 1897, 13365, 196.84, 49
2026/09/26 15:00:05.333, 1897, 13365, 196.84, 49
2026/09/26 15:00:05.433, 1897, 13365, 196.84, 49
2026/09/26 15:00:05.533, 1897, 13365, 196.84, 49
2026/09/26 15:00:05.633, 2302, 13365, 189.60, 54
2026/09/26 15:00:05.733, 2302, 13365, 189.60, 54
2026/09/26 15:00:05.833, 2302, 13365, 189.60, 54
2026/09/26 15:00:05.933, 2302, 13365, 189.60, 54
2026/09/26 15:00:06.033, 2302, 13365, 189.60, 54
2026/09/26 15:00:06.133, 2062, 13365, 214.14, 54
2026/09/26 15:00:06.234, 2062, 13365, 214.14, 54
2026/09/26 15:00:06.334, 2062, 13365, 214.14, 54
2026/09/26 15:00:06.434, 2062, 13365, 214.14, 54
2026/09/26 15:00:06.534, 2062, 13365, 214.14, 54
2026/09/26 15:00:06.634, 2340, 13365, 226.08, 49
2026/09/26 15:00:06.734, 2340, 13365, 226.08, 49
2026/09/26 15:00:06.834, 2340, 13365, 226.08, 49
2026/09/26 15:00:06.934, 2340, 13365, 226.08, 49
2026/09/26 15:00:07.034, 2340, 13365, 226.08, 49
2026/09/26 15:00:07.135, 2212, 13365, 190.19, 54
2026/09/26 15:00:07.235, 2212, 13365, 190.19, 54
2026/09/26 15:00:07.335, 2212, 13365, 190.19, 54
2026/09/26 15:00:07.435, 2212, 13365, 190.19, 54
2026/09/26 15:00:07.535, 2212, 13365, 190.19, 54
2026/09/26 15:00:07.635, 2175, 13365, 280.36, 55
2026/09/26 15:00:07.735, 2175, 13365, 280.36, 55
2026/09/26 15:00:07.835, 2175, 13365, 280.36, 55
2026/09/26 15:00:07.935, 2175, 13365, 280.36, 55
2026/09/26 15:00:08.036, 2175, 13365, 280.36, 55
2026/09/26 15:00:08.136, 1987, 13365, 282.95, 55
2026/09/26 15:00:08.236, 1987, 13365, 282.95, 55
2026/09/26 15:00:08.336, 1987, 13365, 282.95, 55
2026/09/26 15:00:08.436, 1987, 13365, 282.95, 55
2026/09/26 15:00:08.536, 1987, 13365, 282.95, 55
2026/09/26 15:00:08.636, 1732, 13365, 282.74, 55
2026/09/26 15:00:08.736, 1732, 13365, 282.74, 55
2026/09/26 15:00:08.836, 1732, 13365, 282.74, 55
2026/09/26 15:00:08.937, 1732, 13365, 282.74, 55
2026/09/26 15:00:09.037, 1732, 13365, 282.74, 55
2026/09/26 15:00:09.137, 1830, 13365, 302.92, 56
2026/09/26 15:00:09.237, 1830, 13365, 302.92, 56
2026/09/26 15:00:09.337, 1830, 13365, 302.92, 56
2026/09/26 15:00:09.437, 1830, 13365, 302.92, 56
2026/09/26 15:00:09.537, 1830, 13365, 302.92, 56
2026/09/26 15:00:09.637, 2167, 13365, 244.83, 50
2026/09/26 15:00:09.737, 2167, 13365, 244.83, 50
2026/09/26 15:00:09.838, 2167, 13365, 244.83, 50
2026/09/26 15:00:09.938, 2167, 13365, 244.83, 50
2026/09/26 15:00:10.038, 2167, 13365, 244.83, 50
2026/09/26 15:00:10.138, 2160, 13365, 176.76, 56
2026/09/26 15:00:10.238, 2160, 13365, 176.76, 56
2026/09/26 15:00:10.338, 2160, 13365, 176.76, 56
2026/09/26 15:00:10.438, 2160, 13365, 176.76, 56
2026/09/26 15:00:10.538, 2160, 13365, 176.76, 56
2026/09/26 15:00:10.638, 1665, 13365, 219.62, 56
2026/09/26 15:00:10.739, 1665, 13365, 219.62, 56
2026/09/26 15:00:10.839, 1665, 13365, 219.62, 56
2026/09/26 15:00:10.939, 1665, 13365, 219.62, 56
2026/09/26 15:00:11.039, 1665, 13365, 219.62, 56
2026/09/26 15:00:11.139, 1642, 13365, 305.67, 56
2026/09/26 15:00:11.239, 1642, 13365, 305.67, 56
2026/09/26 15:00:11.339, 1642, 13365, 305.67, 56
2026/09/26 15:00:11.439, 1642, 13365, 305.67, 56
2026/09/26 15:00:11.539, 1642, 13365, 305.67, 56
2026/09/26 15:00:11.640, 2340, 13365, 223.86, 51
2026/09/26 15:00:11.740, 2340, 13365, 223.86, 51
2026/09/26 15:00:11.840, 2340, 13365, 223.86, 51
2026/09/26 15:00:11.940, 2340, 13365, 223.86, 51
2026/09/26 15:00:12.040, 2340, 13365, 223.86, 51
2026/09/26 15:00:12.140, 1852, 13365, 186.10, 56
2026/09/26 15:00:12.240, 1852, 13365, 186.10, 56
2026/09/26 15:00:12.340, 1852, 13365, 186.10, 56
2026/09/26 15:00:12.440, 1852, 13365, 186.10, 56
2026/09/26 15:00:12.541, 1852, 13365, 186.10, 56
2026/09/26 15:00:12.641, 2100, 13365, 198.51, 51
2026/09/26 15:00:12.741, 2100, 13365, 198.51, 51
2026/09/26 15:00:12.841, 2100, 13365, 198.51, 51
2026/09/26 15:00:12.941, 2100, 13365, 198.51, 51
2026/09/26 15:00:13.041, 2100, 13365, 198.51, 51
2026/09/26 15:00:13.141, 2332, 13365, 151.18, 55
2026/09/26 15:00:13.241, 2332, 13365, 151.18, 55
2026/09/26 15:00:13.342, 2332, 13365, 151.18, 55
2026/09/26 15:00:13.442, 2332, 13365, 151.18, 55
2026/09/26 15:00:13.542, 2332, 13365, 151.18, 55
2026/09/26 15:00:13.642, 1950, 13365, 209.17, 56
2026/09/26 15:00:13.742, 1950, 13365, 209.17, 56
2026/09/26 15:00:13.842, 1950, 13365, 209.17, 56
2026/09/26 15:00:13.942, 1950, 13365, 209.17, 56
2026/09/26 15:00:14.042, 1950, 13365, 209.17, 56
2026/09/26 15:00:14.142, 2257, 13365, 241.26, 51
2026/09/26 15:00:14.243, 2257, 13365, 241.26, 51
2026/09/26 15:00:14.343, 2257, 13365, 241.26, 51
2026/09/26 15:00:14.443, 2257, 13365, 241.26, 51
2026/09/26 15:00:14.543, 2257, 13365, 241.26, 51
2026/09/26 15:00:14.643, 2310, 13365, 166.66, 56
2026/09/26 15:00:14.743, 2310, 13365, 166.66, 56
2026/09/26 15:00:14.843, 2310, 13365, 166.66, 56
2026/09/26 15:00:14.943, 2310, 13365, 166.66, 56
2026/09/26 15:00:15.043, 2310, 13365, 166.66, 56
2026/09/26 15:00:15.144, 2010, 13365, 217.45, 56
2026/09/26 15:00:15.244, 2010, 13365, 217.45, 56
2026/09/26 15:00:15.344, 2010, 13365, 217.45, 56
2026/09/26 15:00:15.444, 2010, 13365, 217.45, 56
2026/09/26 15:00:15.544, 2010, 13365, 217.45, 56
2026/09/26 15:00:15.644, 2070, 13365, 275.72, 52
2026/09/26 15:00:15.744, 2070, 13365, 275.72, 52
2026/09/26 15:00:15.844, 2070, 13365, 275.72, 52
2026/09/26 15:00:15.944, 2070, 13365, 275.72, 52
2026/09/26 15:00:16.045, 2070, 13365, 275.72, 52
2026/09/26 15:00:16.145, 1755, 13365, 282.46, 57
2026/09/26 15:00:16.245, 1755, 13365, 282.46, 57
2026/09/26 15:00:16.345, 1755, 13365, 282.46, 57
2026/09/26 15:00:16.445, 1755, 13365, 282.46, 57
2026/09/26 15:00:16.545, 1755, 13365, 282.46, 57
2026/09/26 15:00:16.645, 1627, 13365, 308.77, 57
2026/09/26 15:00:16.745, 1627, 13365, 308.77, 57
2026/09/26 15:00:16.845, 1627, 13365, 308.77, 57
2026/09/26 15:00:16.946, 1627, 13365, 308.77, 57
2026/09/26 15:00:17.046, 1627, 13365, 308.77, 57
2026/09/26 15:00:17.146, 1560, 13365, 299.86, 57
2026/09/26 15:00:17.246, 1560, 13365, 299.86, 57
2026/09/26 15:00:17.346, 1560, 13365, 299.86, 57
2026/09/26 15:00:17.446, 1560, 13365, 299.86, 57
2026/09/26 15:00:17.546, 1560, 13365, 299.86, 57
2026/09/26 15:00:17.646, 2190, 13365, 246.17, 52
2026/09/26 15:00:17.746, 2190, 13365, 246.17, 52
2026/09/26 15:00:17.847, 2190, 13365, 246.17, 52
2026/09/26 15:00:17.947, 2190, 13365, 246.17, 52
2026/09/26 15:00:18.047, 2190, 13365, 246.17, 52
2026/09/26 15:00:18.147, 2325, 13365, 160.75, 57
2026/09/26 15:00:18.247, 2325, 13365, 160.75, 57
2026/09/26 15:00:18.347, 2325, 13365, 160.75, 57
2026/09/26 15:00:18.447, 2325, 13365, 160.75, 57
2026/09/26 15:00:18.547, 2325, 13365, 160.75, 57
2026/09/26 15:00:18.647, 1635, 13365, 205.74, 57
2026/09/26 15:00:18.748, 1635, 13365, 205.74, 57
2026/09/26 15:00:18.848, 1635, 13365, 205.74, 57
2026/09/26 15:00:18.948, 1635, 13365, 205.74, 57
2026/09/26 15:00:19.048, 1635, 13365, 205.74, 57
2026/09/26 15:00:19.148, 1575, 13365, 304.11, 57
2026/09/26 15:00:19.248, 1575, 13365, 304.11, 57
2026/09/26 15:00:19.348, 1575, 13365, 304.11, 57
2026/09/26 15:00:19.448, 1575, 13365, 304.11, 57
2026/09/26 15:00:19.548, 1575, 13365, 304.11, 57
2026/09/26 15:00:19.649, 1477, 13365, 300.16, 57
2026/09/26 15:00:19.749, 1477, 13365, 300.16, 57
2026/09/26 15:00:19.849, 1477, 13365, 300.16, 57
2026/09/26 15:00:19.949, 1477, 13365, 300.16, 57
2026/09/26 15:00:20.049, 1477, 13365, 300.16, 57
2026/09/26 15:00:20.149, 2332, 13365, 212.92, 52
2026/09/26 15:00:20.249, 2332, 13365, 212.92, 52
2026/09/26 15:00:20.349, 2332, 13365, 212.92, 52
2026/09/26 15:00:20.449, 2332, 13365, 212.92, 52
2026/09/26 15:00:20.550, 2332, 13365, 212.92, 52
2026/09/26 15:00:20.650, 2310, 13365, 139.18, 57
2026/09/26 15:00:20.750, 2310, 13365, 139.18, 57
2026/09/26 15:00:20.850, 2310, 13365, 139.18, 57
2026/09/26 15:00:20.950, 2310, 13365, 139.18, 57
2026/09/26 15:00:21.050, 2310, 13365, 139.18, 57
2026/09/26 15:00:21.150, 1477, 13365, 203.49, 57
2026/09/26 15:00:21.250, 1477, 13365, 203.49, 57
2026/09/26 15:00:21.350, 1477, 13365, 203.49, 57
2026/09/26 15:00:21.451, 1477, 13365, 203.49, 57
2026/09/26 15:00:21.551, 1477, 13365, 203.49, 57
2026/09/26 15:00:21.651, 2295, 13365, 235.81, 52
2026/09/26 15:00:21.751, 2295, 13365, 235.81, 52
2026/09/26 15:00:21.851, 2295, 13365, 235.81, 52
2026/09/26 15:00:21.951, 2295, 13365, 235.81, 52
2026/09/26 15:00:22.051, 2295, 13365, 235.81, 52
2026/09/26 15:00:22.151, 2317, 13365, 139.38, 52
2026/09/26 15:00:22.252, 2317, 13365, 139.38, 52
2026/09/26 15:00:22.352, 2317, 13365, 139.38, 52
2026/09/26 15:00:22.452, 2317, 13365, 139.38, 52
2026/09/26 15:00:22.552, 2317, 13365, 139.38, 52
2026/09/26 15:00:22.652, 1830, 13365, 162.96, 57
2026/09/26 15:00:22.752, 1830, 13365, 162.96, 57
2026/09/26 15:00:22.852, 1830, 13365, 162.96, 57
2026/09/26 15:00:22.952, 1830, 13365, 162.96, 57
2026/09/26 15:00:23.052, 1830, 13365, 162.96, 57
2026/09/26 15:00:23.153, 1747, 13365, 262.44, 57
2026/09/26 15:00:23.253, 1747, 13365, 262.44, 57
2026/09/26 15:00:23.353, 1747, 13365, 262.44, 57
2026/09/26 15:00:23.453, 1747, 13365, 262.44, 57
2026/09/26 15:00:23.553, 1747, 13365, 262.44, 57
2026/09/26 15:00:23.653, 2340, 13365, 227.94, 52
2026/09/26 15:00:23.753, 2340, 13365, 227.94, 52
2026/09/26 15:00:23.853, 2340, 13365, 227.94, 52
2026/09/26 15:00:23.953, 2340, 13365, 227.94, 52
2026/09/26 15:00:24.054, 2340, 13365, 227.94, 52
2026/09/26 15:00:24.154, 2317, 13365, 113.32, 52
2026/09/26 15:00:24.254, 2317, 13365, 113.32, 52
2026/09/26 15:00:24.354, 2317, 13365, 113.32, 52
2026/09/26 15:00:24.454, 2317, 13365, 113.32, 52
2026/09/26 15:00:24.554, 2317, 13365, 113.32, 52
2026/09/26 15:00:24.654, 1882, 13365, 180.81, 57
2026/09/26 15:00:24.754, 1882, 13365, 180.81, 57
2026/09/26 15:00:24.854, 1882, 13365, 180.81, 57
2026/09/26 15:00:24.955, 1882, 13365, 180.81, 57
2026/09/26 15:00:25.055, 1882, 13365, 180.81, 57
2026/09/26 15:00:25.155, 1830, 13365, 268.80, 58
2026/09/26 15:00:25.255, 1830, 13365, 268.80, 58
2026/09/26 15:00:25.355, 1830, 13365, 268.80, 58
2026/09/26 15:00:25.455, 1830, 13365, 268.80, 58
2026/09/26 15:00:25.555, 1830, 13365, 268.80, 58
2026/09/26 15:00:25.655, 2047, 13365, 264.58, 55
2026/09/26 15:00:25.755, 2047, 13365, 264.58, 55
2026/09/26 15:00:25.856, 2047, 13365, 264.58, 55
2026/09/26 15:00:25.956, 2047, 13365, 264.58, 55
2026/09/26 15:00:26.056, 2047, 13365, 264.58, 55
2026/09/26 15:00:26.156, 1837, 13365, 273.05, 58
2026/09/26 15:00:26.256, 1837, 13365, 273.05, 58
2026/09/26 15:00:26.356, 1837, 13365, 273.05, 58
2026/09/26 15:00:26.456, 1837, 13365, 273.05, 58
2026/09/26 15:00:26.556, 1837, 13365, 273.05, 58
2026/09/26 15:00:26.656, 1710, 13365, 292.48, 58
2026/09/26 15:00:26.757, 1710, 13365, 292.48, 58
2026/09/26 15:00:26.857, 1710, 13365, 292.48, 58
2026/09/26 15:00:26.957, 1710, 13365, 292.48, 58
2026/09/26 15:00:27.057, 1710, 13365, 292.48, 58
2026/09/26 15:00:27.157, 1807, 13365, 300.24, 58
2026/09/26 15:00:27.257, 1807, 13365, 300.24, 58
2026/09/26 15:00:27.357, 1807, 13365, 300.24, 58
2026/09/26 15:00:27.457, 1807, 13365, 300.24, 58
2026/09/26 15:00:27.557, 1807, 13365, 300.24, 58
2026/09/26 15:00:27.658, 2025, 13365, 261.88, 54
2026/09/26 15:00:27.758, 2025, 13365, 261.88, 54
2026/09/26 15:00:27.858, 2025, 13365, 261.88, 54
2026/09/26 15:00:27.958, 2025, 13365, 261.88, 54
2026/09/26 15:00:28.058, 2025, 13365, 261.88, 54
2026/09/26 15:00:28.158, 2340, 13365, 165.52, 53
2026/09/26 15:00:28.258, 2340, 13365, 165.52, 53
2026/09/26 15:00:28.358, 2340, 13365, 165.52, 53
2026/09/26 15:00:28.458, 2340, 13365, 165.52, 53
2026/09/26 15:00:28.559, 2340, 13365, 165.52, 53
2026/09/26 15:00:28.659, 1710, 13365, 190.71, 58
2026/09/26 15:00:28.759, 1710, 13365, 190.71, 58
2026/09/26 15:00:28.859, 1710, 13365, 190.71, 58
2026/09/26 15:00:28.959, 1710, 13365, 190.71, 58
2026/09/26 15:00:29.059, 1710, 13365, 190.71, 58
2026/09/26 15:00:29.159, 1725, 13365, 306.85, 58
2026/09/26 15:00:29.259, 1725, 13365, 306.85, 58
2026/09/26 15:00:29.359, 1725, 13365, 306.85, 58
2026/09/26 15:00:29.460, 1725, 13365, 306.85, 58
2026/09/26 15:00:29.560, 1725, 13365, 306.85, 58
2026/09/26 15:00:29.660, 1507, 13365, 300.03, 59
2026/09/26 15:00:29.760, 1507, 13365, 300.03, 59
2026/09/26 15:00:29.860, 1507, 13365, 300.03, 59
2026/09/26 15:00:29.960, 1507, 13365, 300.03, 59
2026/09/26 15:00:30.060, 1507, 13365, 300.03, 59
2026/09/26 15:00:30.160, 1792, 13365, 269.53, 54
2026/09/26 15:00:30.260, 1792, 13365, 269.53, 54
2026/09/26 15:00:30.361, 1792, 13365, 269.53, 54
2026/09/26 15:00:30.461, 1792, 13365, 269.53, 54
2026/09/26 15:00:30.561, 1792, 13365, 269.53, 54
2026/09/26 15:00:30.661, 2340, 13365, 172.60, 53
2026/09/26 15:00:30.761, 2340, 13365, 172.60, 53
2026/09/26 15:00:30.861, 2340, 13365, 172.60, 53
2026/09/26 15:00:30.961, 2340, 13365, 172.60, 53
2026/09/26 15:00:31.061, 2340, 13365, 172.60, 53
2026/09/26 15:00:31.161, 1620, 13365, 165.27, 58
2026/09/26 15:00:31.262, 1620, 13365, 165.27, 58
2026/09/26 15:00:31.362, 1620, 13365, 165.27, 58
2026/09/26 15:00:31.462, 1620, 13365, 165.27, 58
2026/09/26 15:00:31.562, 1680, 13365, 244.05, 54
2026/09/26 15:00:31.662, 1680, 13365, 244.05, 54
2026/09/26 15:00:31.762, 1680, 13365, 244.05, 54
2026/09/26 15:00:31.863, 1680, 13365, 244.05, 54
2026/09/26 15:00:31.963, 1680, 13365, 244.05, 54
2026/09/26 15:00:32.063, 2340, 13365, 163.32, 53
2026/09/26 15:00:32.163, 2340, 13365, 163.32, 53
2026/09/26 15:00:32.263, 2340, 13365, 163.32, 53
2026/09/26 15:00:32.363, 2340, 13365, 163.32, 53
2026/09/26 15:00:32.463, 2340, 13365, 163.32, 53
2026/09/26 15:00:32.563, 2212, 13365, 122.47, 58
2026/09/26 15:00:32.663, 2212, 13365, 122.47, 58
2026/09/26 15:00:32.764, 2212, 13365, 122.47, 58
2026/09/26 15:00:32.864, 2212, 13365, 122.47, 58
2026/09/26 15:00:32.964, 2212, 13365, 122.47, 58
2026/09/26 15:00:33.064, 1672, 13365, 220.17, 58
2026/09/26 15:00:33.164, 1672, 13365, 220.17, 58
2026/09/26 15:00:33.264, 1672, 13365, 220.17, 58
2026/09/26 15:00:33.364, 1672, 13365, 220.17, 58
2026/09/26 15:00:33.464, 1672, 13365, 220.17, 58
2026/09/26 15:00:33.564, 2032, 13365, 255.23, 54
2026/09/26 15:00:33.665, 2032, 13365, 255.23, 54
2026/09/26 15:00:33.765, 2032, 13365, 255.23, 54
2026/09/26 15:00:33.865, 2032, 13365, 255.23, 54
2026/09/26 15:00:33.965, 2032, 13365, 255.23, 54
2026/09/26 15:00:34.065, 2340, 13365, 158.62, 53
2026/09/26 15:00:34.165, 2340, 13365, 158.62, 53
2026/09/26 15:00:34.265, 2340, 13365, 158.62, 53
2026/09/26 15:00:34.365, 2340, 13365, 158.62, 53
2026/09/26 15:00:34.465, 2340, 13365, 158.62, 53
2026/09/26 15:00:34.566, 2010, 13365, 145.04, 58
2026/09/26 15:00:34.666, 2010, 13365, 145.04, 58
2026/09/26 15:00:34.766, 2010, 13365, 145.04, 58
2026/09/26 15:00:34.866, 2010, 13365, 145.04, 58
2026/09/26 15:00:34.966, 2010, 13365, 145.04, 58
2026/09/26 15:00:35.066, 1770, 13365, 260.70, 59
2026/09/26 15:00:35.166, 1770, 13365, 260.70, 59
2026/09/26 15:00:35.266, 1770, 13365, 260.70, 59
2026/09/26 15:00:35.366, 1770, 13365, 260.70, 59
2026/09/26 15:00:35.467, 1770, 13365, 260.70, 59
2026/09/26 15:00:35.567, 2002, 13365, 271.42, 58
2026/09/26 15:00:35.667, 2002, 13365, 271.42, 58
2026/09/26 15:00:35.767, 2002, 13365, 271.42, 58
2026/09/26 15:00:35.867, 2002, 13365, 271.42, 58
2026/09/26 15:00:35.967, 2002, 13365, 271.42, 58
2026/09/26 15:00:36.067, 1657, 13365, 280.39, 59
2026/09/26 15:00:36.167, 1657, 13365, 280.39, 59
2026/09/26 15:00:36.267, 1657, 13365, 280.39, 59
2026/09/26 15:00:36.368, 1657, 13365, 280.39, 59
2026/09/26 15:00:36.468, 1657, 13365, 280.39, 59
2026/09/26 15:00:36.568, 1582, 13365, 295.55, 59
2026/09/26 15:00:36.668, 1582, 13365, 295.55, 59
2026/09/26 15:00:36.768, 1582, 13365, 295.55, 59
2026/09/26 15:00:36.868, 1582, 13365, 295.55, 59
2026/09/26 15:00:36.968, 1582, 13365, 295.55, 59
2026/09/26 15:00:37.068, 1680, 13365, 299.76, 59
2026/09/26 15:00:37.168, 1680, 13365, 299.76, 59
2026/09/26 15:00:37.269, 1680, 13365, 299.76, 59
2026/09/26 15:00:37.369, 1680, 13365, 299.76, 59
2026/09/26 15:00:37.469, 1680, 13365, 299.76, 59
2026/09/26 15:00:37.569, 1470, 13365, 299.73, 59
2026/09/26 15:00:37.669, 1470, 13365, 299.73, 59
2026/09/26 15:00:37.769, 1470, 13365, 299.73, 59
2026/09/26 15:00:37.869, 1470, 13365, 299.73, 59
2026/09/26 15:00:37.969, 1470, 13365, 299.73, 59
2026/09/26 15:00:38.069, 2182, 13365, 250.96, 56
2026/09/26 15:00:38.170, 2182, 13365, 250.96, 56
2026/09/26 15:00:38.270, 2182, 13365, 250.96, 56
2026/09/26 15:00:38.370, 2182, 13365, 250.96, 56
2026/09/26 15:00:38.470, 2182, 13365, 250.96, 56
2026/09/26 15:00:38.570, 2340, 13365, 159.05, 54
2026/09/26 15:00:38.670, 2340, 13365, 159.05, 54
2026/09/26 15:00:38.771, 2340, 13365, 159.05, 54
2026/09/26 15:00:38.871, 2340, 13365, 159.05, 54
2026/09/26 15:00:38.971, 2340, 13365, 159.05, 54
2026/09/26 15:00:39.072, 2137, 13365, 139.67, 59
2026/09/26 15:00:39.172, 2137, 13365, 139.67, 59
2026/09/26 15:00:39.272, 2137, 13365, 139.67, 59
2026/09/26 15:00:39.372, 2137, 13365, 139.67, 59
2026/09/26 15:00:39.472, 2137, 13365, 139.67, 59
2026/09/26 15:00:39.572, 1552, 13365, 219.57, 59
2026/09/26 15:00:39.672, 1552, 13365, 219.57, 59
2026/09/26 15:00:39.772, 1552, 13365, 219.57, 59
2026/09/26 15:00:39.872, 1552, 13365, 219.57, 59
2026/09/26 15:00:39.973, 1552, 13365, 219.57, 59
2026/09/26 15:00:40.073, 1552, 13365, 301.59, 59
2026/09/26 15:00:40.173, 1552, 13365, 301.59, 59
2026/09/26 15:00:40.273, 1552, 13365, 301.59, 59
2026/09/26 15:00:40.373, 1552, 13365, 301.59, 59
2026/09/26 15:00:40.473, 1552, 13365, 301.59, 59
2026/09/26 15:00:40.573, 1552, 13365, 299.96, 60
2026/09/26 15:00:40.673, 1552, 13365, 299.96, 60
2026/09/26 15:00:40.773, 1552, 13365, 299.96, 60
2026/09/26 15:00:40.874, 1552, 13365, 299.96, 60
2026/09/26 15:00:40.974, 1552, 13365, 299.96, 60
2026/09/26 15:00:41.074, 1485, 13365, 300.48, 60
2026/09/26 15:00:41.174, 1485, 13365, 300.48, 60
2026/09/26 15:00:41.274, 1485, 13365, 300.48, 60
2026/09/26 15:00:41.374, 1485, 13365, 300.48, 60
2026/09/26 15:00:41.474, 1485, 13365, 300.48, 60
2026/09/26 15:00:41.574, 1477, 13365, 300.35, 60
2026/09/26 15:00:41.674, 1477, 13365, 300.35, 60
2026/09/26 15:00:41.775, 1477, 13365, 300.35, 60
2026/09/26 15:00:41.875, 1477, 13365, 300.35, 60
2026/09/26 15:00:41.975, 1477, 13365, 300.35, 60
2026/09/26 15:00:42.075, 1492, 13365, 299.84, 60
2026/09/26 15:00:42.175, 1492, 13365, 299.84, 60
2026/09/26 15:00:42.275, 1492, 13365, 299.84, 60
2026/09/26 15:00:42.375, 1492, 13365, 299.84, 60
2026/09/26 15:00:42.475, 1492, 13365, 299.84, 60
2026/09/26 15:00:42.575, 1650, 13365, 272.38, 56
2026/09/26 15:00:42.676, 1650, 13365, 272.38, 56
2026/09/26 15:00:42.776, 1650, 13365, 272.38, 56
2026/09/26 15:00:42.876, 1650, 13365, 272.38, 56
2026/09/26 15:00:42.976, 1650, 13365, 272.38, 56
2026/09/26 15:00:43.076, 2340, 13365, 175.48, 55
2026/09/26 15:00:43.176, 2340, 13365, 175.48, 55
2026/09/26 15:00:43.276, 2340, 13365, 175.48, 55
2026/09/26 15:00:43.376, 2340, 13365, 175.48, 55
2026/09/26 15:00:43.476, 2340, 13365, 175.48, 55
2026/09/26 15:00:43.577, 2317, 13365, 89.07, 55
2026/09/26 15:00:43.677, 2317, 13365, 89.07, 55
2026/09/26 15:00:43.777, 2317, 13365, 89.07, 55
2026/09/26 15:00:43.877, 2317, 13365, 89.07, 55
2026/09/26 15:00:43.977, 2317, 13365, 89.07, 55
2026/09/26 15:00:44.077, 2340, 13365, 111.07, 59
2026/09/26 15:00:44.177, 2340, 13365, 111.07, 59
2026/09/26 15:00:44.277, 2340, 13365, 111.07, 59
2026/09/26 15:00:44.377, 2340, 13365, 111.07, 59
2026/09/26 15:00:44.477, 2340, 13365, 111.07, 59
2026/09/26 15:00:44.578, 1492, 13365, 211.13, 59
2026/09/26 15:00:44.678, 1492, 13365, 211.13, 59
2026/09/26 15:00:44.778, 1492, 13365, 211.13, 59
2026/09/26 15:00:44.878, 1492, 13365, 211.13, 59
2026/09/26 15:00:44.978, 1492, 13365, 211.13, 59
2026/09/26 15:00:45.078, 1485, 13365, 304.00, 60
2026/09/26 15:00:45.178, 1485, 13365, 304.00, 60
2026/09/26 15:00:45.278, 1485, 13365, 304.00, 60
2026/09/26 15:00:45.378, 1485, 13365, 304.00, 60
2026/09/26 15:00:45.478, 1485, 13365, 304.00, 60
2026/09/26 15:00:45.579, 1612, 13365, 274.43, 56
2026/09/26 15:00:45.679, 1612, 13365, 274.43, 56
2026/09/26 15:00:45.779, 1612, 13365, 274.43, 56
2026/09/26 15:00:45.879, 1612, 13365, 274.43, 56
2026/09/26 15:00:45.979, 1612, 13365, 274.43, 56
2026/09/26 15:00:46.079, 2340, 13365, 177.68, 55
2026/09/26 15:00:46.179, 2340, 13365, 177.68, 55
2026/09/26 15:00:46.279, 2340, 13365, 177.68, 55
2026/09/26 15:00:46.380, 2340, 13365, 177.68, 55
2026/09/26 15:00:46.480, 2340, 13365, 177.68, 55
2026/09/26 15:00:46.580, 2340, 13365, 82.27, 54
2026/09/26 15:00:46.680, 2340, 13365, 82.27, 54
2026/09/26 15:00:46.780, 2340, 13365, 82.27, 54
2026/09/26 15:00:46.880, 2340, 13365, 82.27, 54
2026/09/26 15:00:46.980, 2340, 13365, 82.27, 54
2026/09/26 15:00:47.080, 2340, 13365, 89.17, 54
2026/09/26 15:00:47.180, 2340, 13365, 89.17, 54
2026/09/26 15:00:47.281, 2340, 13365, 89.17, 54
2026/09/26 15:00:47.381, 2340, 13365, 89.17, 54
2026/09/26 15:00:47.481, 2340, 13365, 89.17, 54
2026/09/26 15:00:47.581, 1822, 13365, 169.63, 59
2026/09/26 15:00:47.681, 1822, 13365, 169.63, 59
2026/09/26 15:00:47.781, 1822, 13365, 169.63, 59
2026/09/26 15:00:47.881, 1822, 13365, 169.63, 59
2026/09/26 15:00:47.981, 1822, 13365, 169.63, 59
2026/09/26 15:00:48.081, 1755, 13365, 279.12, 59
2026/09/26 15:00:48.182, 1755, 13365, 279.12, 59
2026/09/26 15:00:48.282, 1755, 13365, 279.12, 59
2026/09/26 15:00:48.382, 1755, 13365, 279.12, 59
2026/09/26 15:00:48.482, 1755, 13365, 279.12, 59
2026/09/26 15:00:48.582, 1755, 13365, 300.61, 60
2026/09/26 15:00:48.682, 1755, 13365, 300.61, 60
2026/09/26 15:00:48.782, 1755, 13365, 300.61, 60
2026/09/26 15:00:48.882, 1755, 13365, 300.61, 60
2026/09/26 15:00:48.982, 1755, 13365, 300.61, 60
2026/09/26 15:00:49.082, 1747, 13365, 300.01, 60
2026/09/26 15:00:49.183, 1747, 13365, 300.01, 60
2026/09/26 15:00:49.283, 1747, 13365, 300.01, 60
2026/09/26 15:00:49.383, 1747, 13365, 300.01, 60
2026/09/26 15:00:49.483, 1747, 13365, 300.01, 60
2026/09/26 15:00:49.583, 2340, 13365, 216.78, 55
2026/09/26 15:00:49.683, 2340, 13365, 216.78, 55
2026/09/26 15:00:49.783, 2340, 13365, 216.78, 55
2026/09/26 15:00:49.883, 2340, 13365, 216.78, 55
2026/09/26 15:00:49.983, 2340, 13365, 216.78, 55
2026/09/26 15:00:50.084, 2340, 13365, 117.07, 54
2026/09/26 15:00:50.184, 2340, 13365, 117.07, 54
2026/09/26 15:00:50.284, 2340, 13365, 117.07, 54
2026/09/26 15:00:50.384, 2340, 13365, 117.07, 54
2026/09/26 15:00:50.484, 2340, 13365, 117.07, 54
2026/09/26 15:00:50.584, 2272, 13365, 90.90, 54
2026/09/26 15:00:50.684, 2272, 13365, 90.90, 54
2026/09/26 15:00:50.784, 2272, 13365, 90.90, 54
2026/09/26 15:00:50.884, 2272, 13365, 90.90, 54
2026/09/26 15:00:50.985, 2272, 13365, 90.90, 54
2026/09/26 15:00:51.085, 2152, 13365, 132.93, 59
2026/09/26 15:00:51.185, 2152, 13365, 132.93, 59
2026/09/26 15:00:51.285, 2152, 13365, 132.93, 59
2026/09/26 15:00:51.385, 2152, 13365, 132.93, 59
2026/09/26 15:00:51.485, 2152, 13365, 132.93, 59
2026/09/26 15:00:51.585, 1755, 13365, 239.07, 59
2026/09/26 15:00:51.685, 1755, 13365, 239.07, 59
2026/09/26 15:00:51.785, 1755, 13365, 239.07, 59
2026/09/26 15:00:51.886, 1755, 13365, 239.07, 59
2026/09/26 15:00:51.986, 1755, 13365, 239.07, 59
2026/09/26 15:00:52.086, 1755, 13365, 301.36, 60
2026/09/26 15:00:52.186, 1755, 13365, 301.36, 60
2026/09/26 15:00:52.286, 1755, 13365, 301.36, 60
2026/09/26 15:00:52.386, 1755, 13365, 301.36, 60
2026/09/26 15:00:52.486, 1755, 13365, 301.36, 60
2026/09/26 15:00:52.586, 1755, 13365, 299.99, 60
2026/09/26 15:00:52.686, 1755, 13365, 299.99, 60
2026/09/26 15:00:52.786, 1755, 13365, 299.99, 60
2026/09/26 15:00:52.887, 1755, 13365, 299.99, 60
2026/09/26 15:00:52.987, 1755, 13365, 299.99, 60
2026/09/26 15:00:53.087, 1755, 13365, 300.06, 60
2026/09/26 15:00:53.187, 1755, 13365, 300.06, 60
2026/09/26 15:00:53.287, 1755, 13365, 300.06, 60
2026/09/26 15:00:53.387, 1755, 13365, 300.06, 60
2026/09/26 15:00:53.487, 1755, 13365, 300.06, 60
2026/09/26 15:00:53.587, 2077, 13365, 266.11, 60
2026/09/26 15:00:53.687, 2077, 13365, 266.11, 60
2026/09/26 15:00:53.788, 2077, 13365, 266.11, 60
2026/09/26 15:00:53.888, 2077, 13365, 266.11, 60
2026/09/26 15:00:53.988, 2077, 13365, 266.11, 60
2026/09/26 15:00:54.088, 1612, 13365, 270.27, 60
2026/09/26 15:00:54.188, 1612, 13365, 270.27, 60
2026/09/26 15:00:54.288, 1612, 13365, 270.27, 60
2026/09/26 15:00:54.388, 1612, 13365, 270.27, 60
2026/09/26 15:00:54.488, 1612, 13365, 270.27, 60
2026/09/26 15:00:54.588, 1530, 13365, 301.44, 60
2026/09/26 15:00:54.689, 1530, 13365, 301.44, 60
2026/09/26 15:00:54.789, 1530, 13365, 301.44, 60
2026/09/26 15:00:54.889, 1530, 13365, 301.44, 60
2026/09/26 15:00:54.989, 1530, 13365, 301.44, 60
2026/09/26 15:00:55.089, 1462, 13365, 300.00, 61
2026/09/26 15:00:55.189, 1462, 13365, 300.00, 61
2026/09/26 15:00:55.289, 1462, 13365, 300.00, 61
2026/09/26 15:00:55.389, 1462, 13365, 300.00, 61
2026/09/26 15:00:55.489, 1462, 13365, 300.00, 61
2026/09/26 15:00:55.590, 1567, 13365, 300.03, 61
2026/09/26 15:00:55.690, 1567, 13365, 300.03, 61
2026/09/26 15:00:55.790, 1567, 13365, 300.03, 61
2026/09/26 15:00:55.890, 1567, 13365, 300.03, 61
2026/09/26 15:00:55.990, 1567, 13365, 300.03, 61
2026/09/26 15:00:56.090, 1462, 13365, 299.97, 61
2026/09/26 15:00:56.191, 1462, 13365, 299.97, 61
2026/09/26 15:00:56.291, 1462, 13365, 299.97, 61
2026/09/26 15:00:56.391, 1462, 13365, 299.97, 61
2026/09/26 15:00:56.491, 1462, 13365, 299.97, 61
2026/09/26 15:00:56.591, 1402, 13365, 300.05, 60
2026/09/26 15:00:56.691, 1402, 13365, 300.05, 60
2026/09/26 15:00:56.791, 1402, 13365, 300.05, 60
2026/09/26 15:00:56.891, 1402, 13365, 300.05, 60
2026/09/26 15:00:56.992, 1402, 13365, 300.05, 60
2026/09/26 15:00:57.092, 2190, 13365, 252.63, 58
2026/09/26 15:00:57.192, 2190, 13365, 252.63, 58
2026/09/26 15:00:57.292, 2190, 13365, 252.63, 58
2026/09/26 15:00:57.392, 2190, 13365, 252.63, 58
2026/09/26 15:00:57.492, 2190, 13365, 252.63, 58
2026/09/26 15:00:57.592, 2340, 13365, 183.71, 57
2026/09/26 15:00:57.692, 2340, 13365, 183.71, 57
2026/09/26 15:00:57.792, 2340, 13365, 183.71, 57
2026/09/26 15:00:57.893, 2340, 13365, 183.71, 57
2026/09/26 15:00:57.993, 2340, 13365, 183.71, 57
2026/09/26 15:00:58.093, 2340, 13365, 138.07, 57
2026/09/26 15:00:58.193, 2340, 13365, 138.07, 57
2026/09/26 15:00:58.293, 2340, 13365, 138.07, 57
2026/09/26 15:00:58.393, 2340, 13365, 138.07, 57
2026/09/26 15:00:58.493, 2340, 13365, 138.07, 57
2026/09/26 15:00:58.593, 2340, 13365, 118.45, 55
2026/09/26 15:00:58.693, 2340, 13365, 118.45, 55
2026/09/26 15:00:58.794, 2340, 13365, 118.45, 55
2026/09/26 15:00:58.894, 2340, 13365, 118.45, 55
2026/09/26 15:00:58.994, 2340, 13365, 118.45, 55
2026/09/26 15:00:59.094, 1642, 13365, 169.84, 60
2026/09/26 15:00:59.194, 1642, 13365, 169.84, 60
2026/09/26 15:00:59.294, 1642, 13365, 169.84, 60
2026/09/26 15:00:59.394, 1642, 13365, 169.84, 60
2026/09/26 15:00:59.494, 1642, 13365, 169.84, 60
2026/09/26 15:00:59.594, 1515, 13365, 270.25, 61
2026/09/26 15:00:59.695, 1515, 13365, 270.25, 61
2026/09/26 15:00:59.795, 1515, 13365, 270.25, 61
2026/09/26 15:00:59.895, 1515, 13365, 270.25, 61
2026/09/26 15:00:59.995, 1515, 13365, 270.25, 61
2026/09/26 15:01:00.095, 1515, 13365, 300.78, 61
2026/09/26 15:01:00.195, 1515, 13365, 300.78, 61
2026/09/26 15:01:00.295, 1515, 13365, 300.78, 61
2026/09/26 15:01:00.395, 1515, 13365, 300.78, 61
2026/09/26 15:01:00.495, 1515, 13365, 300.78, 61
2026/09/26 15:01:00.596, 1515, 13365, 299.95, 61
2026/09/26 15:01:00.696, 1515, 13365, 299.95, 61
2026/09/26 15:01:00.796, 1515, 13365, 299.95, 61
2026/09/26 15:01:00.896, 1515, 13365, 299.95, 61
2026/09/26 15:01:00.996, 1515, 13365, 299.95, 61
2026/09/26 15:01:01.096, 1515, 13365, 299.99, 61
2026/09/26 15:01:01.196, 1515, 13365, 299.99, 61
2026/09/26 15:01:01.296, 1515, 13365, 299.99, 61
2026/09/26 15:01:01.396, 1515, 13365, 299.99, 61
2026/09/26 15:01:01.496, 1515, 13365, 299.99, 61
2026/09/26 15:01:01.597, 1515, 13365, 300.00, 61
2026/09/26 15:01:01.697, 1515, 13365, 300.00, 61
2026/09/26 15:01:01.797, 1515, 13365, 300.00, 61
2026/09/26 15:01:01.897, 1515, 13365, 300.00, 61
2026/09/26 15:01:01.997, 1515, 13365, 300.00, 61
2026/09/26 15:01:02.097, 1515, 13365, 300.04, 62
2026/09/26 15:01:02.197, 1515, 13365, 300.04, 62
2026/09/26 15:01:02.297, 1515, 13365, 300.04, 62
2026/09/26 15:01:02.397, 1515, 13365, 300.04, 62
2026/09/26 15:01:02.498, 1515, 13365, 300.04, 62
2026/09/26 15:01:02.598, 1440, 13365, 300.05, 62
2026/09/26 15:01:02.698, 1440, 13365, 300.05, 62
2026/09/26 15:01:02.798, 1440, 13365, 300.05, 62
2026/09/26 15:01:02.898, 1440, 13365, 300.05, 62
2026/09/26 15:01:02.998, 1440, 13365, 300.05, 62
2026/09/26 15:01:03.098, 1425, 13365, 300.04, 62
2026/09/26 15:01:03.198, 1425, 13365, 300.04, 62
2026/09/26 15:01:03.298, 1425, 13365, 300.04, 62
2026/09/26 15:01:03.399, 1425, 13365, 300.04, 62
2026/09/26 15:01:03.499, 1425, 13365, 300.04, 62
2026/09/26 15:01:03.599, 1432, 13365, 299.96, 62
2026/09/26 15:01:03.699, 1432, 13365, 299.96, 62
2026/09/26 15:01:03.799, 1432, 13365, 299.96, 62
2026/09/26 15:01:03.899, 1432, 13365, 299.96, 62
2026/09/26 15:01:03.999, 1432, 13365, 299.96, 62
2026/09/26 15:01:04.099, 1432, 13365, 299.91, 62
2026/09/26 15:01:04.199, 1432, 13365, 299.91, 62
2026/09/26 15:01:04.300, 1432, 13365, 299.91, 62
2026/09/26 15:01:04.400, 1432, 13365, 299.91, 62
2026/09/26 15:01:04.500, 1432, 13365, 299.91, 62
2026/09/26 15:01:04.600, 1432, 13365, 299.98, 62
2026/09/26 15:01:04.700, 1432, 13365, 299.98, 62
2026/09/26 15:01:04.800, 1432, 13365, 299.98, 62
2026/09/26 15:01:04.900, 1432, 13365, 299.98, 62
2026/09/26 15:01:05.000, 1432, 13365, 299.98, 62
2026/09/26 15:01:05.100, 1432, 13365, 300.04, 62
2026/09/26 15:01:05.200, 1432, 13365, 300.04, 62
2026/09/26 15:01:05.301, 1432, 13365, 300.04, 62
2026/09/26 15:01:05.401, 1432, 13365, 300.04, 62
2026/09/26 15:01:05.501, 1432, 13365, 300.04, 62
2026/09/26 15:01:05.601, 1687, 13365, 271.04, 58
2026/09/26 15:01:05.701, 1687, 13365, 271.04, 58
2026/09/26 15:01:05.801, 1687, 13365, 271.04, 58
2026/09/26 15:01:05.901, 1687, 13365, 271.04, 58
2026/09/26 15:01:06.001, 1687, 13365, 271.04, 58
2026/09/26 15:01:06.101, 2340, 13365, 159.22, 57
2026/09/26 15:01:06.202, 2340, 13365, 159.22, 57
2026/09/26 15:01:06.302, 2340, 13365, 159.22, 57
2026/09/26 15:01:06.402, 2340, 13365, 159.22, 57
2026/09/26 15:01:06.502, 2340, 13365, 159.22, 57
2026/09/26 15:01:06.602, 2340, 13365, 112.53, 57
2026/09/26 15:01:06.702, 2340, 13365, 112.53, 57
2026/09/26 15:01:06.802, 2340, 13365, 112.53, 57
2026/09/26 15:01:06.902, 2340, 13365, 112.53, 57
2026/09/26 15:01:07.002, 2340, 13365, 112.53, 57
2026/09/26 15:01:07.103, 2265, 13365, 99.86, 58
2026/09/26 15:01:07.203, 2265, 13365, 99.86, 58
2026/09/26 15:01:07.303, 2265, 13365, 99.86, 58
2026/09/26 15:01:07.403, 2265, 13365, 99.86, 58
2026/09/26 15:01:07.503, 2265, 13365, 99.86, 58
2026/09/26 15:01:07.603, 2272, 13365, 96.55, 56
2026/09/26 15:01:07.703, 2272, 13365, 96.55, 56
2026/09/26 15:01:07.803, 2272, 13365, 96.55, 56
2026/09/26 15:01:07.903, 2272, 13365, 96.55, 56
2026/09/26 15:01:08.003, 2272, 13365, 96.55, 56
2026/09/26 15:01:08.104, 1987, 13365, 141.32, 61
2026/09/26 15:01:08.204, 1987, 13365, 141.32, 61
2026/09/26 15:01:08.304, 1987, 13365, 141.32, 61
2026/09/26 15:01:08.404, 1987, 13365, 141.32, 61
2026/09/26 15:01:08.504, 1987, 13365, 141.32, 61
2026/09/26 15:01:08.604, 1432, 13365, 226.61, 61
2026/09/26 15:01:08.704, 1432, 13365, 226.61, 61
2026/09/26 15:01:08.804, 1432, 13365, 226.61, 61
2026/09/26 15:01:08.904, 1432, 13365, 226.61, 61
2026/09/26 15:01:09.005, 1432, 13365, 226.61, 61
2026/09/26 15:01:09.105, 1432, 13365, 301.26, 61
2026/09/26 15:01:09.205, 1432, 13365, 301.26, 61
2026/09/26 15:01:09.305, 1432, 13365, 301.26, 61
2026/09/26 15:01:09.405, 1432, 13365, 301.26, 61
2026/09/26 15:01:09.505, 1432, 13365, 301.26, 61
2026/09/26 15:01:09.605, 1432, 13365, 300.03, 62
2026/09/26 15:01:09.705, 1432, 13365, 300.03, 62
2026/09/26 15:01:09.805, 1432, 13365, 300.03, 62
2026/09/26 15:01:09.906, 1432, 13365, 300.03, 62
2026/09/26 15:01:10.006, 1432, 13365, 300.03, 62
2026/09/26 15:01:10.106, 1425, 13365, 300.01, 62
2026/09/26 15:01:10.206, 1425, 13365, 300.01, 62
2026/09/26 15:01:10.306, 1425, 13365, 300.01, 62
2026/09/26 15:01:10.406, 1425, 13365, 300.01, 62
2026/09/26 15:01:10.506, 1425, 13365, 300.01, 62
2026/09/26 15:01:10.606, 1432, 13365, 300.02, 62
2026/09/26 15:01:10.706, 1432, 13365, 300.02, 62
2026/09/26 15:01:10.806, 1432, 13365, 300.02, 62
2026/09/26 15:01:10.907, 1432, 13365, 300.02, 62
2026/09/26 15:01:11.007, 1432, 13365, 300.02, 62
2026/09/26 15:01:11.107, 2340, 13365, 198.15, 57
2026/09/26 15:01:11.207, 2340, 13365, 198.15, 57
2026/09/26 15:01:11.307, 2340, 13365, 198.15, 57
2026/09/26 15:01:11.407, 2340, 13365, 198.15, 57
2026/09/26 15:01:11.507, 2340, 13365, 198.15, 57
2026/09/26 15:01:11.607, 2340, 13365, 108.33, 56
2026/09/26 15:01:11.707, 2340, 13365, 108.33, 56
2026/09/26 15:01:11.808, 2340, 13365, 108.33, 56
2026/09/26 15:01:11.908, 2340, 13365, 108.33, 56
2026/09/26 15:01:12.008, 2340, 13365, 108.33, 56
2026/09/26 15:01:12.108, 2340, 13365, 81.88, 56
2026/09/26 15:01:12.208, 2340, 13365, 81.88, 56
2026/09/26 15:01:12.308, 2340, 13365, 81.88, 56
2026/09/26 15:01:12.408, 2340, 13365, 81.88, 56
2026/09/26 15:01:12.508, 2340, 13365, 81.88, 56
2026/09/26 15:01:12.608, 2190, 13365, 101.26, 56
2026/09/26 15:01:12.709, 2190, 13365, 101.26, 56
2026/09/26 15:01:12.809, 2190, 13365, 101.26, 56
2026/09/26 15:01:12.909, 2190, 13365, 101.26, 56
2026/09/26 15:01:13.009, 2190, 13365, 101.26, 56
2026/09/26 15:01:13.109, 2272, 13365, 97.36, 55
2026/09/26 15:01:13.209, 2272, 13365, 97.36, 55
2026/09/26 15:01:13.309, 2272, 13365, 97.36, 55
2026/09/26 15:01:13.409, 2272, 13365, 97.36, 55
2026/09/26 15:01:13.509, 2272, 13365, 97.36, 55
2026/09/26 15:01:13.610, 1972, 13365, 142.43, 60
2026/09/26 15:01:13.710, 1972, 13365, 142.43, 60
2026/09/26 15:01:13.810, 1972, 13365, 142.43, 60
2026/09/26 15:01:13.910, 1972, 13365, 142.43, 60
2026/09/26 15:01:14.010, 1972, 13365, 142.43, 60
2026/09/26 15:01:14.110, 1650, 13365, 251.66, 61
2026/09/26 15:01:14.210, 1650, 13365, 251.66, 61
2026/09/26 15:01:14.310, 1650, 13365, 251.66, 61
2026/09/26 15:01:14.410, 1650, 13365, 251.66, 61
2026/09/26 15:01:14.510, 1650, 13365, 251.66, 61
2026/09/26 15:01:14.611, 1650, 13365, 301.84, 61
2026/09/26 15:01:14.711, 1650, 13365, 301.84, 61
2026/09/26 15:01:14.811, 1650, 13365, 301.84, 61
2026/09/26 15:01:14.911, 1650, 13365, 301.84, 61
2026/09/26 15:01:15.011, 1650, 13365, 301.84, 61
2026/09/26 15:01:15.111, 1650, 13365, 299.95, 61
2026/09/26 15:01:15.211, 1650, 13365, 299.95, 61
2026/09/26 15:01:15.311, 1650, 13365, 299.95, 61
2026/09/26 15:01:15.411, 1650, 13365, 299.95, 61
2026/09/26 15:01:15.512, 1650, 13365, 299.95, 61
2026/09/26 15:01:15.612, 1642, 13365, 300.01, 62
2026/09/26 15:01:15.712, 1642, 13365, 300.01, 62
2026/09/26 15:01:15.812, 1642, 13365, 300.01, 62
2026/09/26 15:01:15.912, 1642, 13365, 300.01, 62
2026/09/26 15:01:16.012, 1642, 13365, 300.01, 62
2026/09/26 15:01:16.112, 1642, 13365, 299.99, 62
2026/09/26 15:01:16.212, 1642, 13365, 299.99, 62
2026/09/26 15:01:16.312, 1642, 13365, 299.99, 62
2026/09/26 15:01:16.412, 1642, 13365, 299.99, 62
2026/09/26 15:01:16.513, 1642, 13365, 299.99, 62
2026/09/26 15:01:16.613, 1642, 13365, 299.99, 62
2026/09/26 15:01:16.713, 1642, 13365, 299.99, 62
2026/09/26 15:01:16.813, 1642, 13365, 299.99, 62
2026/09/26 15:01:16.913, 1642, 13365, 299.99, 62
2026/09/26 15:01:17.013, 1642, 13365, 299.99, 62
2026/09/26 15:01:17.113, 2017, 13365, 253.30, 57
2026/09/26 15:01:17.213, 2017, 13365, 253.30, 57
2026/09/26 15:01:17.314, 2017, 13365, 253.30, 57
2026/09/26 15:01:17.414, 2017, 13365, 253.30, 57
2026/09/26 15:01:17.514, 2017, 13365, 253.30, 57
2026/09/26 15:01:17.614, 2340, 13365, 144.88, 56
2026/09/26 15:01:17.714, 2340, 13365, 144.88, 56
2026/09/26 15:01:17.814, 2340, 13365, 144.88, 56
2026/09/26 15:01:17.915, 2340, 13365, 144.88, 56
2026/09/26 15:01:18.015, 2340, 13365, 144.88, 56
2026/09/26 15:01:18.115, 2340, 13365, 82.28, 56
2026/09/26 15:01:18.215, 2340, 13365, 82.28, 56
2026/09/26 15:01:18.315, 2340, 13365, 82.28, 56
2026/09/26 15:01:18.415, 2340, 13365, 82.28, 56
2026/09/26 15:01:18.515, 2340, 13365, 82.28, 56
2026/09/26 15:01:18.615, 2340, 13365, 82.53, 56
2026/09/26 15:01:18.715, 2340, 13365, 82.53, 56
2026/09/26 15:01:18.816, 2340, 13365, 82.53, 56
2026/09/26 15:01:18.916, 2340, 13365, 82.53, 56
2026/09/26 15:01:19.016, 2340, 13365, 82.53, 56
2026/09/26 15:01:19.116, 2272, 13365, 100.97, 56
2026/09/26 15:01:19.216, 2272, 13365, 100.97, 56
2026/09/26 15:01:19.316, 2272, 13365, 100.97, 56
2026/09/26 15:01:19.416, 2272, 13365, 100.97, 56
2026/09/26 15:01:19.516, 2272, 13365, 100.97, 56
2026/09/26 15:01:19.616, 2310, 13365, 100.47, 55
2026/09/26 15:01:19.717, 2310, 13365, 100.47, 55
2026/09/26 15:01:19.817, 2310, 13365, 100.47, 55
2026/09/26 15:01:19.917, 2310, 13365, 100.47, 55
2026/09/26 15:01:20.017, 2310, 13365, 100.47, 55
2026/09/26 15:01:20.117, 1710, 13365, 183.93, 61
2026/09/26 15:01:20.217, 1710, 13365, 183.93, 61
2026/09/26 15:01:20.317, 1710, 13365, 183.93, 61
2026/09/26 15:01:20.417, 1710, 13365, 183.93, 61
2026/09/26 15:01:20.517, 1710, 13365, 183.93, 61
2026/09/26 15:01:20.618, 1695, 13365, 304.02, 61
2026/09/26 15:01:20.718, 1695, 13365, 304.02, 61
2026/09/26 15:01:20.818, 1695, 13365, 304.02, 61
2026/09/26 15:01:20.918, 1695, 13365, 304.02, 61
2026/09/26 15:01:21.018, 1695, 13365, 304.02, 61
2026/09/26 15:01:21.118, 1695, 13365, 300.16, 61
2026/09/26 15:01:21.218, 1695, 13365, 300.16, 61
2026/09/26 15:01:21.318, 1695, 13365, 300.16, 61
2026/09/26 15:01:21.418, 1695, 13365, 300.16, 61
2026/09/26 15:01:21.519, 1695, 13365, 300.16, 61
2026/09/26 15:01:21.619, 1695, 13365, 299.99, 61
2026/09/26 15:01:21.719, 1695, 13365, 299.99, 61
2026/09/26 15:01:21.819, 1695, 13365, 299.99, 61
2026/09/26 15:01:21.919, 1695, 13365, 299.99, 61
2026/09/26 15:01:22.019, 1695, 13365, 299.99, 61
2026/09/26 15:01:22.119, 1695, 13365, 300.02, 62
2026/09/26 15:01:22.219, 1695, 13365, 300.02, 62
2026/09/26 15:01:22.319, 1695, 13365, 300.02, 62
2026/09/26 15:01:22.420, 1695, 13365, 300.02, 62
2026/09/26 15:01:22.520, 1695, 13365, 300.02, 62
2026/09/26 15:01:22.620, 1687, 13365, 299.98, 62
2026/09/26 15:01:22.720, 1687, 13365, 299.98, 62
2026/09/26 15:01:22.820, 1687, 13365, 299.98, 62
2026/09/26 15:01:22.920, 1687, 13365, 299.98, 62
2026/09/26 15:01:23.020, 1687, 13365, 299.98, 62
2026/09/26 15:01:23.120, 1695, 13365, 299.99, 62
2026/09/26 15:01:23.220, 1695, 13365, 299.99, 62
2026/09/26 15:01:23.321, 1695, 13365, 299.99, 62
2026/09/26 15:01:23.421, 1695, 13365, 299.99, 62
2026/09/26 15:01:23.521, 1695, 13365, 299.99, 62
2026/09/26 15:01:23.621, 1695, 13365, 299.98, 62
2026/09/26 15:01:23.721, 1695, 13365, 299.98, 62
2026/09/26 15:01:23.821, 1695, 13365, 299.98, 62
2026/09/26 15:01:23.921, 1695, 13365, 299.98, 62
2026/09/26 15:01:24.021, 1695, 13365, 299.98, 62
2026/09/26 15:01:24.121, 1695, 13365, 283.09, 58
2026/09/26 15:01:24.222, 1695, 13365, 283.09, 58
2026/09/26 15:01:24.322, 1695, 13365, 283.09, 58
2026/09/26 15:01:24.422, 1695, 13365, 283.09, 58
2026/09/26 15:01:24.522, 1695, 13365, 283.09, 58
2026/09/26 15:01:24.622, 2340, 13365, 231.23, 59
2026/09/26 15:01:24.722, 2340, 13365, 231.23, 59
2026/09/26 15:01:24.822, 2340, 13365, 231.23, 59
2026/09/26 15:01:24.922, 2340, 13365, 231.23, 59
2026/09/26 15:01:25.022, 2340, 13365, 231.23, 59
2026/09/26 15:01:25.123, 2317, 13365, 221.19, 59
2026/09/26 15:01:25.223, 2317, 13365, 221.19, 59
2026/09/26 15:01:25.323, 2317, 13365, 221.19, 59
2026/09/26 15:01:25.423, 2317, 13365, 221.19, 59
2026/09/26 15:01:25.523, 2317, 13365, 221.19, 59
2026/09/26 15:01:25.623, 2317, 13365, 262.33, 60
2026/09/26 15:01:25.723, 2317, 13365, 262.33, 60
2026/09/26 15:01:25.823, 2317, 13365, 262.33, 60
2026/09/26 15:01:25.923, 2317, 13365, 262.33, 60
2026/09/26 15:01:26.024, 2317, 13365, 262.33, 60
2026/09/26 15:01:26.124, 2340, 13365, 178.48, 57
2026/09/26 15:01:26.224, 2340, 13365, 178.48, 57
2026/09/26 15:01:26.324, 2340, 13365, 178.48, 57
2026/09/26 15:01:26.424, 2340, 13365, 178.48, 57
2026/09/26 15:01:26.524, 2340, 13365, 178.48, 57
2026/09/26 15:01:26.624, 2182, 13365, 201.25, 62
2026/09/26 15:01:26.724, 2182, 13365, 201.25, 62
2026/09/26 15:01:26.824, 2182, 13365, 201.25, 62
2026/09/26 15:01:26.925, 2182, 13365, 201.25, 62
2026/09/26 15:01:27.025, 2182, 13365, 201.25, 62
2026/09/26 15:01:27.125, 2317, 13365, 283.54, 62
2026/09/26 15:01:27.225, 2317, 13365, 283.54, 62
2026/09/26 15:01:27.325, 2317, 13365, 283.54, 62
2026/09/26 15:01:27.425, 2317, 13365, 283.54, 62
2026/09/26 15:01:27.525, 2317, 13365, 283.54, 62
2026/09/26 15:01:27.625, 2340, 13365, 192.65, 57
2026/09/26 15:01:27.725, 2340, 13365, 192.65, 57
2026/09/26 15:01:27.826, 2340, 13365, 192.65, 57
2026/09/26 15:01:27.926, 2340, 13365, 192.65, 57
2026/09/26 15:01:28.026, 2340, 13365, 192.65, 57
2026/09/26 15:01:28.126, 2340, 13365, 107.25, 57
2026/09/26 15:01:28.226, 2340, 13365, 107.25, 57
2026/09/26 15:01:28.326, 2340, 13365, 107.25, 57
2026/09/26 15:01:28.426, 2340, 13365, 107.25, 57
2026/09/26 15:01:28.526, 2340, 13365, 107.25, 57
2026/09/26 15:01:28.626, 2340, 13365, 83.66, 57
2026/09/26 15:01:28.726, 2340, 13365, 83.66, 57
2026/09/26 15:01:28.827, 2340, 13365, 83.66, 57
2026/09/26 15:01:28.927, 2340, 13365, 83.66, 57
2026/09/26 15:01:29.027, 2340, 13365, 83.66, 57
2026/09/26 15:01:29.127, 2325, 13365, 176.41, 61
2026/09/26 15:01:29.227, 2325, 13365, 176.41, 61
2026/09/26 15:01:29.327, 2325, 13365, 176.41, 61
2026/09/26 15:01:29.427, 2325, 13365, 176.41, 61
2026/09/26 15:01:29.527, 2325, 13365, 176.41, 61
2026/09/26 15:01:29.627, 2340, 13365, 199.71, 56
2026/09/26 15:01:29.728, 2340, 13365, 199.71, 56
2026/09/26 15:01:29.828, 2340, 13365, 199.71, 56
2026/09/26 15:01:29.928, 2340, 13365, 199.71, 56
2026/09/26 15:01:30.028, 2340, 13365, 199.71, 56
2026/09/26 15:01:30.128, 2340, 13365, 106.23, 56
2026/09/26 15:01:30.228, 2340, 13365, 106.23, 56
2026/09/26 15:01:30.328, 2340, 13365, 106.23, 56
2026/09/26 15:01:30.428, 2340, 13365, 106.23, 56
2026/09/26 15:01:30.528, 2340, 13365, 106.23, 56
2026/09/26 15:01:30.629, 2340, 13365, 81.30, 56
2026/09/26 15:01:30.729, 2340, 13365, 81.30, 56
2026/09/26 15:01:30.829, 2340, 13365, 81.30, 56
2026/09/26 15:01:30.929, 2340, 13365, 81.30, 56
2026/09/26 15:01:31.029, 2340, 13365, 81.30, 56
2026/09/26 15:01:31.129, 2347, 13365, 111.21, 57
2026/09/26 15:01:31.229, 2347, 13365, 111.21, 57
2026/09/26 15:01:31.329, 2347, 13365, 111.21, 57
2026/09/26 15:01:31.429, 2347, 13365, 111.21, 57
2026/09/26 15:01:31.529, 2347, 13365, 111.21, 57
2026/09/26 15:01:31.630, 2347, 13365, 164.41, 58
2026/09/26 15:01:31.730, 2347, 13365, 164.41, 58
2026/09/26 15:01:31.830, 2347, 13365, 164.41, 58
2026/09/26 15:01:31.930, 2347, 13365, 164.41, 58
2026/09/26 15:01:32.030, 2347, 13365, 164.41, 58
2026/09/26 15:01:32.130, 2340, 13365, 159.74, 56
2026/09/26 15:01:32.230, 2340, 13365, 159.74, 56
2026/09/26 15:01:32.330, 2340, 13365, 159.74, 56
2026/09/26 15:01:32.431, 2340, 13365, 159.74, 56
2026/09/26 15:01:32.531, 2340, 13365, 159.74, 56
2026/09/26 15:01:32.631, 2340, 13365, 116.77, 55
2026/09/26 15:01:32.731, 2340, 13365, 116.77, 55
2026/09/26 15:01:32.831, 2340, 13365, 116.77, 55
2026/09/26 15:01:32.931, 2340, 13365, 116.77, 55
2026/09/26 15:01:33.031, 2340, 13365, 116.77, 55
2026/09/26 15:01:33.131, 2340, 13365, 81.75, 55
2026/09/26 15:01:33.231, 2340, 13365, 81.75, 55
2026/09/26 15:01:33.332, 2340, 13365, 81.75, 55
2026/09/26 15:01:33.432, 2340, 13365, 81.75, 55
2026/09/26 15:01:33.532, 2340, 13365, 81.75, 55
2026/09/26 15:01:33.632, 2340, 13365, 93.55, 56
2026/09/26 15:01:33.732, 2340, 13365, 93.55, 56
2026/09/26 15:01:33.832, 2340, 13365, 93.55, 56
2026/09/26 15:01:33.932, 2340, 13365, 93.55, 56
2026/09/26 15:01:34.032, 2340, 13365, 93.55, 56
2026/09/26 15:01:34.132, 2340, 13365, 141.51, 57
2026/09/26 15:01:34.233, 2340, 13365, 141.51, 57
2026/09/26 15:01:34.333, 2340, 13365, 141.51, 57
2026/09/26 15:01:34.433, 2340, 13365, 141.51, 57
2026/09/26 15:01:34.533, 2340, 13365, 141.51, 57
2026/09/26 15:01:34.633, 2340, 13365, 174.14, 57
2026/09/26 15:01:34.733, 2340, 13365, 174.14, 57
2026/09/26 15:01:34.833, 2340, 13365, 174.14, 57
2026/09/26 15:01:34.933, 2340, 13365, 174.14, 57
2026/09/26 15:01:35.033, 2340, 13365, 174.14, 57
2026/09/26 15:01:35.134, 2340, 13365, 145.52, 55
2026/09/26 15:01:35.234, 2340, 13365, 145.52, 55
2026/09/26 15:01:35.334, 2340, 13365, 145.52, 55
2026/09/26 15:01:35.434, 2340, 13365, 145.52, 55
2026/09/26 15:01:35.534, 2340, 13365, 145.52, 55
2026/09/26 15:01:35.634, 2340, 13365, 95.96, 54
2026/09/26 15:01:35.734, 2340, 13365, 95.96, 54
2026/09/26 15:01:35.834, 2340, 13365, 95.96, 54
2026/09/26 15:01:35.934, 2340, 13365, 95.96, 54
2026/09/26 15:01:36.035, 2340, 13365, 95.96, 54
2026/09/26 15:01:36.135, 2317, 13365, 102.79, 54
2026/09/26 15:01:36.235, 2317, 13365, 102.79, 54
2026/09/26 15:01:36.335, 2317, 13365, 102.79, 54
2026/09/26 15:01:36.435, 2317, 13365, 102.79, 54
2026/09/26 15:01:36.535, 2317, 13365, 102.79, 54
2026/09/26 15:01:36.635, 2227, 13365, 124.99, 54
2026/09/26 15:01:36.735, 2227, 13365, 124.99, 54
2026/09/26 15:01:36.835, 2227, 13365, 124.99, 54
2026/09/26 15:01:36.936, 2227, 13365, 124.99, 54
2026/09/26 15:01:37.036, 2227, 13365, 124.99, 54
2026/09/26 15:01:37.136, 2340, 13365, 104.90, 54
2026/09/26 15:01:37.236, 2340, 13365, 104.90, 54
2026/09/26 15:01:37.336, 2340, 13365, 104.90, 54
2026/09/26 15:01:37.436, 2340, 13365, 104.90, 54
2026/09/26 15:01:37.536, 2340, 13365, 104.90, 54
2026/09/26 15:01:37.636, 2340, 13365, 102.56, 54
2026/09/26 15:01:37.736, 2340, 13365, 102.56, 54
2026/09/26 15:01:37.837, 2340, 13365, 102.56, 54
2026/09/26 15:01:37.937, 2340, 13365, 102.56, 54
2026/09/26 15:01:38.037, 2340, 13365, 102.56, 54
2026/09/26 15:01:38.137, 2340, 13365, 102.56, 54
2026/09/26 15:01:38.237, 2340, 13365, 102.56, 54
2026/09/26 15:01:38.337, 2340, 13365, 102.56, 54
2026/09/26 15:01:38.437, 2340, 13365, 102.56, 54
2026/09/26 15:01:38.537, 2340, 13365, 102.56, 54
2026/09/26 15:01:38.637, 2235, 13365, 98.51, 54
2026/09/26 15:01:38.738, 2235, 13365, 98.51, 54
2026/09/26 15:01:38.838, 2235, 13365, 98.51, 54
2026/09/26 15:01:38.938, 2235, 13365, 98.51, 54
2026/09/26 15:01:39.038, 2235, 13365, 98.51, 54
2026/09/26 15:01:39.138, 2272, 13365, 92.58, 53
2026/09/26 15:01:39.238, 2272, 13365, 92.58, 53
2026/09/26 15:01:39.338, 2272, 13365, 92.58, 53
2026/09/26 15:01:39.438, 2272, 13365, 92.58, 53
2026/09/26 15:01:39.538, 2272, 13365, 92.58, 53
2026/09/26 15:01:39.639, 2152, 13365, 108.97, 53
2026/09/26 15:01:39.739, 2152, 13365, 108.97, 53
2026/09/26 15:01:39.839, 2152, 13365, 108.97, 53
2026/09/26 15:01:39.939, 2152, 13365, 108.97, 53
2026/09/26 15:01:40.039, 2152, 13365, 108.97, 53
2026/09/26 15:01:40.139, 2272, 13365, 108.80, 53
2026/09/26 15:01:40.239, 2272, 13365, 108.80, 53
2026/09/26 15:01:40.339, 2272, 13365, 108.80, 53
2026/09/26 15:01:40.439, 2272, 13365, 108.80, 53
2026/09/26 15:01:40.540, 2272, 13365, 108.80, 53
2026/09/26 15:01:40.640, 2175, 13365, 106.88, 54
2026/09/26 15:01:40.740, 2175, 13365, 106.88, 54
2026/09/26 15:01:40.840, 2175, 13365, 106.88, 54
2026/09/26 15:01:40.940, 2175, 13365, 106.88, 54
2026/09/26 15:01:41.040, 2175, 13365, 106.88, 54
2026/09/26 15:01:41.140, 2340, 13365, 128.22, 57
2026/09/26 15:01:41.241, 2340, 13365, 128.22, 57
2026/09/26 15:01:41.341, 2340, 13365, 128.22, 57
2026/09/26 15:01:41.441, 2340, 13365, 128.22, 57
2026/09/26 15:01:41.541, 2340, 13365, 128.22, 57
2026/09/26 15:01:41.641, 2340, 13365, 116.19, 53
2026/09/26 15:01:41.741, 2340, 13365, 116.19, 53
2026/09/26 15:01:41.841, 2340, 13365, 116.19, 53
2026/09/26 15:01:41.941, 2340, 13365, 116.19, 53
2026/09/26 15:01:42.041, 2340, 13365, 116.19, 53
2026/09/26 15:01:42.142, 2340, 13365, 110.68, 52
2026/09/26 15:01:42.242, 2340, 13365, 110.68, 52
2026/09/26 15:01:42.342, 2340, 13365, 110.68, 52
2026/09/26 15:01:42.442, 2340, 13365, 110.68, 52
2026/09/26 15:01:42.542, 2340, 13365, 110.68, 52
2026/09/26 15:01:42.642, 2332, 13365, 105.73, 53
2026/09/26 15:01:42.742, 2332, 13365, 105.73, 53
2026/09/26 15:01:42.842, 2332, 13365, 105.73, 53
2026/09/26 15:01:42.942, 2332, 13365, 105.73, 53
2026/09/26 15:01:43.043, 2332, 13365, 105.73, 53
2026/09/26 15:01:43.143, 2332, 13365, 108.10, 52
2026/09/26 15:01:43.243, 2332, 13365, 108.10, 52
2026/09/26 15:01:43.343, 2332, 13365, 108.10, 52
2026/09/26 15:01:43.443, 2332, 13365, 108.10, 52
2026/09/26 15:01:43.543, 2332, 13365, 108.10, 52
2026/09/26 15:01:43.643, 2272, 13365, 86.38, 55
2026/09/26 15:01:43.743, 2272, 13365, 86.38, 55
2026/09/26 15:01:43.843, 2272, 13365, 86.38, 55
2026/09/26 15:01:43.944, 2272, 13365, 86.38, 55
2026/09/26 15:01:44.044, 2272, 13365, 86.38, 55
2026/09/26 15:01:44.144, 2272, 13365, 106.85, 52
2026/09/26 15:01:44.244, 2272, 13365, 106.85, 52
2026/09/26 15:01:44.344, 2272, 13365, 106.85, 52
2026/09/26 15:01:44.444, 2272, 13365, 106.85, 52
2026/09/26 15:01:44.544, 2272, 13365, 106.85, 52
2026/09/26 15:01:44.644, 2272, 13365, 121.13, 57
2026/09/26 15:01:44.744, 2272, 13365, 121.13, 57
2026/09/26 15:01:44.845, 2272, 13365, 121.13, 57
2026/09/26 15:01:44.945, 2272, 13365, 121.13, 57
2026/09/26 15:01:45.045, 2272, 13365, 121.13, 57
2026/09/26 15:01:45.145, 2272, 13365, 108.89, 52
2026/09/26 15:01:45.245, 2272, 13365, 108.89, 52
2026/09/26 15:01:45.345, 2272, 13365, 108.89, 52
2026/09/26 15:01:45.445, 2272, 13365, 108.89, 52
2026/09/26 15:01:45.545, 2272, 13365, 108.89, 52
2026/09/26 15:01:45.645, 2115, 13365, 124.17, 53
2026/09/26 15:01:45.746, 2115, 13365, 124.17, 53
2026/09/26 15:01:45.846, 2115, 13365, 124.17, 53
2026/09/26 15:01:45.946, 2115, 13365, 124.17, 53
2026/09/26 15:01:46.046, 2115, 13365, 124.17, 53
2026/09/26 15:01:46.146, 2340, 13365, 112.98, 52
2026/09/26 15:01:46.246, 2340, 13365, 112.98, 52
2026/09/26 15:01:46.346, 2340, 13365, 112.98, 52
2026/09/26 15:01:46.446, 2340, 13365, 112.98, 52
2026/09/26 15:01:46.546, 2340, 13365, 112.98, 52
2026/09/26 15:01:46.647, 2227, 13365, 104.47, 52
2026/09/26 15:01:46.747, 2227, 13365, 104.47, 52
2026/09/26 15:01:46.847, 2227, 13365, 104.47, 52
2026/09/26 15:01:46.947, 2227, 13365, 104.47, 52
2026/09/26 15:01:47.047, 2227, 13365, 104.47, 52
2026/09/26 15:01:47.147, 2137, 13365, 139.51, 52
2026/09/26 15:01:47.247, 2137, 13365, 139.51, 52
2026/09/26 15:01:47.347, 2137, 13365, 139.51, 52
2026/09/26 15:01:47.447, 2137, 13365, 139.51, 52
2026/09/26 15:01:47.548, 2137, 13365, 139.51, 52
2026/09/26 15:01:47.648, 2340, 13365, 131.28, 57
2026/09/26 15:01:47.748, 2340, 13365, 131.28, 57
2026/09/26 15:01:47.848, 2340, 13365, 131.28, 57
2026/09/26 15:01:47.948, 2340, 13365, 131.28, 57
2026/09/26 15:01:48.048, 2340, 13365, 131.28, 57
2026/09/26 15:01:48.148, 1665, 13365, 210.81, 57
2026/09/26 15:01:48.248, 1665, 13365, 210.81, 57
2026/09/26 15:01:48.348, 1665, 13365, 210.81, 57
2026/09/26 15:01:48.449, 1665, 13365, 210.81, 57
2026/09/26 15:01:48.549, 1665, 13365, 210.81, 57
2026/09/26 15:01:48.649, 1635, 13365, 300.30, 58
2026/09/26 15:01:48.749, 1635, 13365, 300.30, 58
2026/09/26 15:01:48.849, 1635, 13365, 300.30, 58
2026/09/26 15:01:48.949, 1635, 13365, 300.30, 58
2026/09/26 15:01:49.049, 1635, 13365, 300.30, 58
2026/09/26 15:01:49.149, 2332, 13365, 220.95, 58
2026/09/26 15:01:49.249, 2332, 13365, 220.95, 58
2026/09/26 15:01:49.350, 2332, 13365, 220.95, 58
2026/09/26 15:01:49.450, 2332, 13365, 220.95, 58
2026/09/26 15:01:49.550, 2332, 13365, 220.95, 58
2026/09/26 15:01:49.650, 1635, 13365, 218.66, 55
2026/09/26 15:01:49.750, 1635, 13365, 218.66, 55
2026/09/26 15:01:49.850, 1635, 13365, 218.66, 55
2026/09/26 15:01:49.950, 1635, 13365, 218.66, 55
2026/09/26 15:01:50.050, 1635, 13365, 218.66, 55
2026/09/26 15:01:50.150, 2340, 13365, 196.33, 56
2026/09/26 15:01:50.251, 2340, 13365, 196.33, 56
2026/09/26 15:01:50.351, 2340, 13365, 196.33, 56
2026/09/26 15:01:50.451, 2340, 13365, 196.33, 56
2026/09/26 15:01:50.551, 2340, 13365, 196.33, 56
2026/09/26 15:01:50.651, 2220, 13365, 192.02, 58
2026/09/26 15:01:50.751, 2220, 13365, 192.02, 58
2026/09/26 15:01:50.851, 2220, 13365, 192.02, 58
2026/09/26 15:01:50.951, 2220, 13365, 192.02, 58
2026/09/26 15:01:51.051, 2220, 13365, 192.02, 58
2026/09/26 15:01:51.152, 2265, 13365, 236.98, 54
2026/09/26 15:01:51.252, 2265, 13365, 236.98, 54
2026/09/26 15:01:51.352, 2265, 13365, 236.98, 54
2026/09/26 15:01:51.452, 2265, 13365, 236.98, 54
2026/09/26 15:01:51.552, 2265, 13365, 236.98, 54
2026/09/26 15:01:51.652, 2302, 13365, 189.63, 57
2026/09/26 15:01:51.752, 2302, 13365, 189.63, 57
2026/09/26 15:01:51.852, 2302, 13365, 189.63, 57
2026/09/26 15:01:51.953, 2302, 13365, 189.63, 57
2026/09/26 15:01:52.053, 2302, 13365, 189.63, 57
2026/09/26 15:01:52.153, 2242, 13365, 194.96, 58
2026/09/26 15:01:52.253, 2242, 13365, 194.96, 58
2026/09/26 15:01:52.353, 2242, 13365, 194.96, 58
2026/09/26 15:01:52.453, 2242, 13365, 194.96, 58
2026/09/26 15:01:52.553, 2242, 13365, 194.96, 58
2026/09/26 15:01:52.653, 2242, 13365, 252.20, 54
2026/09/26 15:01:52.753, 2242, 13365, 252.20, 54
2026/09/26 15:01:52.854, 2242, 13365, 252.20, 54
2026/09/26 15:01:52.954, 2242, 13365, 252.20, 54
2026/09/26 15:01:53.054, 2242, 13365, 252.20, 54
2026/09/26 15:01:53.154, 2340, 13365, 169.90, 53
2026/09/26 15:01:53.254, 2340, 13365, 169.90, 53
2026/09/26 15:01:53.354, 2340, 13365, 169.90, 53
2026/09/26 15:01:53.454, 2340, 13365, 169.90, 53
2026/09/26 15:01:53.554, 2340, 13365, 169.90, 53
2026/09/26 15:01:53.654, 2122, 13365, 117.94, 53
2026/09/26 15:01:53.755, 2122, 13365, 117.94, 53
2026/09/26 15:01:53.855, 2122, 13365, 117.94, 53
2026/09/26 15:01:53.955, 2122, 13365, 117.94, 53
2026/09/26 15:01:54.055, 2122, 13365, 117.94, 53
2026/09/26 15:01:54.155, 2182, 13365, 150.49, 55
2026/09/26 15:01:54.255, 2182, 13365, 150.49, 55
2026/09/26 15:01:54.355, 2182, 13365, 150.49, 55
2026/09/26 15:01:54.455, 2182, 13365, 150.49, 55
2026/09/26 15:01:54.555, 2182, 13365, 150.49, 55
2026/09/26 15:01:54.656, 2310, 13365, 112.04, 53
2026/09/26 15:01:54.756, 2310, 13365, 112.04, 53
2026/09/26 15:01:54.856, 2310, 13365, 112.04, 53
2026/09/26 15:01:54.956, 2310, 13365, 112.04, 53
2026/09/26 15:01:55.056, 2310, 13365, 112.04, 53
2026/09/26 15:01:55.156, 2272, 13365, 111.08, 52
2026/09/26 15:01:55.256, 2272, 13365, 111.08, 52
2026/09/26 15:01:55.356, 2272, 13365, 111.08, 52
2026/09/26 15:01:55.456, 2272, 13365, 111.08, 52
2026/09/26 15:01:55.557, 2272, 13365, 111.08, 52
2026/09/26 15:01:55.657, 2272, 13365, 111.08, 52
2026/09/26 15:01:55.757, 2272, 13365, 111.08, 52
2026/09/26 15:01:55.857, 2272, 13365, 111.08, 52
2026/09/26 15:01:55.957, 2272, 13365, 111.08, 52
2026/09/26 15:01:56.057, 2272, 13365, 111.08, 52
2026/09/26 15:01:56.157, 2205, 13365, 109.58, 52
2026/09/26 15:01:56.257, 2205, 13365, 109.58, 52
2026/09/26 15:01:56.357, 2205, 13365, 109.58, 52
2026/09/26 15:01:56.458, 2205, 13365, 109.58, 52
2026/09/26 15:01:56.558, 2205, 13365, 109.58, 52
2026/09/26 15:01:56.658, 2272, 13365, 99.76, 52
2026/09/26 15:01:56.758, 2272, 13365, 99.76, 52
2026/09/26 15:01:56.858, 2272, 13365, 99.76, 52
2026/09/26 15:01:56.958, 2272, 13365, 99.76, 52
2026/09/26 15:01:57.058, 2272, 13365, 99.76, 52
2026/09/26 15:01:57.158, 2167, 13365, 113.79, 52
2026/09/26 15:01:57.258, 2167, 13365, 113.79, 52
2026/09/26 15:01:57.359, 2167, 13365, 113.79, 52
2026/09/26 15:01:57.459, 2167, 13365, 113.79, 52
2026/09/26 15:01:57.559, 2167, 13365, 113.79, 52
2026/09/26 15:01:57.659, 2272, 13365, 110.18, 52
2026/09/26 15:01:57.759, 2272, 13365, 110.18, 52
2026/09/26 15:01:57.859, 2272, 13365, 110.18, 52
2026/09/26 15:01:57.959, 2272, 13365, 110.18, 52
2026/09/26 15:01:58.059, 2272, 13365, 110.18, 52
2026/09/26 15:01:58.160, 2272, 13365, 110.99, 52
2026/09/26 15:01:58.260, 2272, 13365, 110.99, 52
2026/09/26 15:01:58.360, 2272, 13365, 110.99, 52
2026/09/26 15:01:58.460, 2272, 13365, 110.99, 52
2026/09/26 15:01:58.560, 2272, 13365, 110.99, 52
2026/09/26 15:01:58.660, 2085, 13365, 144.81, 52
2026/09/26 15:01:58.760, 2085, 13365, 144.81, 52
2026/09/26 15:01:58.860, 2085, 13365, 144.81, 52
2026/09/26 15:01:58.960, 2085, 13365, 144.81, 52
2026/09/26 15:01:59.061, 2085, 13365, 144.81, 52
2026/09/26 15:01:59.161, 2340, 13365, 115.78, 51
2026/09/26 15:01:59.261, 2340, 13365, 115.78, 51
2026/09/26 15:01:59.361, 2340, 13365, 115.78, 51
2026/09/26 15:01:59.461, 2340, 13365, 115.78, 51
2026/09/26 15:01:59.561, 2340, 13365, 115.78, 51
2026/09/26 15:01:59.661, 2175, 13365, 115.18, 52
2026/09/26 15:01:59.761, 2175, 13365, 115.18, 52
2026/09/26 15:01:59.861, 2175, 13365, 115.18, 52
2026/09/26 15:01:59.962, 2175, 13365, 115.18, 52
2026/09/26 15:02:00.062, 2175, 13365, 115.18, 52
2026/09/26 15:02:00.162, 2340, 13365, 111.72, 51
2026/09/26 15:02:00.262, 2340, 13365, 111.72, 51
2026/09/26 15:02:00.362, 2340, 13365, 111.72, 51
2026/09/26 15:02:00.462, 2340, 13365, 111.72, 51
2026/09/26 15:02:00.562, 2340, 13365, 111.72, 51
2026/09/26 15:02:00.662, 2227, 13365, 111.32, 51
2026/09/26 15:02:00.762, 2227, 13365, 111.32, 51
2026/09/26 15:02:00.863, 2227, 13365, 111.32, 51
2026/09/26 15:02:00.963, 2227, 13365, 111.32, 51
2026/09/26 15:02:01.063, 2227, 13365, 111.32, 51
2026/09/26 15:02:01.163, 2340, 13365, 114.49, 51
2026/09/26 15:02:01.263, 2340, 13365, 114.49, 51
2026/09/26 15:02:01.363, 2340, 13365, 114.49, 51
2026/09/26 15:02:01.463, 2340, 13365, 114.49, 51
2026/09/26 15:02:01.563, 2340, 13365, 114.49, 51
2026/09/26 15:02:01.664, 2340, 13365, 115.45, 51
2026/09/26 15:02:01.764, 2340, 13365, 115.45, 51
2026/09/26 15:02:01.865, 2340, 13365, 115.45, 51
2026/09/26 15:02:01.965, 2340, 13365, 115.45, 51
2026/09/26 15:02:02.065, 2340, 13365, 115.45, 51
2026/09/26 15:02:02.165, 2280, 13365, 143.32, 56
2026/09/26 15:02:02.265, 2280, 13365, 143.32, 56
2026/09/26 15:02:02.365, 2280, 13365, 143.32, 56
2026/09/26 15:02:02.465, 2280, 13365, 143.32, 56
2026/09/26 15:02:02.565, 2280, 13365, 143.32, 56
2026/09/26 15:02:02.666, 2340, 13365, 111.97, 51
2026/09/26 15:02:02.766, 2340, 13365, 111.97, 51
2026/09/26 15:02:02.866, 2340, 13365, 111.97, 51
2026/09/26 15:02:02.966, 2340, 13365, 111.97, 51
2026/09/26 15:02:03.066, 2122, 13365, 111.97, 51
2026/09/26 15:02:03.166, 2122, 13365, 143.76, 52
2026/09/26 15:02:03.266, 2122, 13365, 143.76, 52
2026/09/26 15:02:03.366, 2122, 13365, 143.76, 52
2026/09/26 15:02:03.467, 2122, 13365, 143.76, 52
2026/09/26 15:02:03.567, 1995, 13365, 153.08, 51
2026/09/26 15:02:03.667, 1995, 13365, 153.08, 51
2026/09/26 15:02:03.767, 1995, 13365, 153.08, 51
2026/09/26 15:02:03.867, 1995, 13365, 153.08, 51
2026/09/26 15:02:03.967, 1995, 13365, 153.08, 51
2026/09/26 15:02:04.067, 2332, 13365, 141.00, 57
2026/09/26 15:02:04.167, 2332, 13365, 141.00, 57
2026/09/26 15:02:04.268, 2332, 13365, 141.00, 57
2026/09/26 15:02:04.368, 2332, 13365, 141.00, 57
2026/09/26 15:02:04.468, 2332, 13365, 141.00, 57
2026/09/26 15:02:04.568, 1687, 13365, 204.21, 57
2026/09/26 15:02:04.668, 1687, 13365, 204.21, 57
2026/09/26 15:02:04.768, 1687, 13365, 204.21, 57
2026/09/26 15:02:04.868, 1687, 13365, 204.21, 57
2026/09/26 15:02:04.968, 1687, 13365, 204.21, 57
2026/09/26 15:02:05.068, 1515, 13365, 304.78, 57
2026/09/26 15:02:05.168, 1515, 13365, 304.78, 57
2026/09/26 15:02:05.269, 1515, 13365, 304.78, 57
2026/09/26 15:02:05.369, 1515, 13365, 304.78, 57
2026/09/26 15:02:05.469, 1515, 13365, 304.78, 57
2026/09/26 15:02:05.569, 2340, 13365, 227.70, 52
2026/09/26 15:02:05.669, 2340, 13365, 227.70, 52
2026/09/26 15:02:05.769, 2340, 13365, 227.70, 52
2026/09/26 15:02:05.869, 2340, 13365, 227.70, 52
2026/09/26 15:02:05.969, 2340, 13365, 227.70, 52
2026/09/26 15:02:06.069, 2010, 13365, 165.56, 57
2026/09/26 15:02:06.170, 2010, 13365, 165.56, 57
2026/09/26 15:02:06.270, 2010, 13365, 165.56, 57
2026/09/26 15:02:06.370, 2010, 13365, 165.56, 57
2026/09/26 15:02:06.470, 2010, 13365, 165.56, 57
2026/09/26 15:02:06.570, 1875, 13365, 194.95, 52
2026/09/26 15:02:06.670, 1875, 13365, 194.95, 52
2026/09/26 15:02:06.770, 1875, 13365, 194.95, 52
2026/09/26 15:02:06.870, 1875, 13365, 194.95, 52
2026/09/26 15:02:06.970, 1875, 13365, 194.95, 52
2026/09/26 15:02:07.071, 2332, 13365, 152.12, 52
2026/09/26 15:02:07.171, 2332, 13365, 152.12, 52
2026/09/26 15:02:07.271, 2332, 13365, 152.12, 52
2026/09/26 15:02:07.371, 2332, 13365, 152.12, 52
2026/09/26 15:02:07.471, 2332, 13365, 152.12, 52
2026/09/26 15:02:07.571, 1792, 13365, 181.21, 57
2026/09/26 15:02:07.671, 1792, 13365, 181.21, 57
2026/09/26 15:02:07.771, 1792, 13365, 181.21, 57
2026/09/26 15:02:07.871, 1792, 13365, 181.21, 57
2026/09/26 15:02:07.972, 1792, 13365, 181.21, 57
2026/09/26 15:02:08.072, 2212, 13365, 216.95, 52
2026/09/26 15:02:08.172, 2212, 13365, 216.95, 52
2026/09/26 15:02:08.272, 2212, 13365, 216.95, 52
2026/09/26 15:02:08.372, 2212, 13365, 216.95, 52
2026/09/26 15:02:08.472, 2212, 13365, 216.95, 52
2026/09/26 15:02:08.572, 2332, 13365, 132.48, 52
2026/09/26 15:02:08.672, 2332, 13365, 132.48, 52
2026/09/26 15:02:08.772, 2332, 13365, 132.48, 52
2026/09/26 15:02:08.873, 2332, 13365, 132.48, 52
2026/09/26 15:02:08.973, 2332, 13365, 132.48, 52
2026/09/26 15:02:09.073, 1867, 13365, 190.00, 58
2026/09/26 15:02:09.173, 1867, 13365, 190.00, 58
2026/09/26 15:02:09.273, 1867, 13365, 190.00, 58
2026/09/26 15:02:09.373, 1867, 13365, 190.00, 58
2026/09/26 15:02:09.473, 1867, 13365, 190.00, 58
2026/09/26 15:02:09.573, 2040, 13365, 257.81, 54
2026/09/26 15:02:09.673, 2040, 13365, 257.81, 54
2026/09/26 15:02:09.774, 2040, 13365, 257.81, 54
2026/09/26 15:02:09.874, 2040, 13365, 257.81, 54
2026/09/26 15:02:09.974, 2040, 13365, 257.81, 54
2026/09/26 15:02:10.074, 2340, 13365, 165.03, 52
2026/09/26 15:02:10.174, 2340, 13365, 165.03, 52
2026/09/26 15:02:10.274, 2340, 13365, 165.03, 52
2026/09/26 15:02:10.374, 2340, 13365, 165.03, 52
2026/09/26 15:02:10.474, 2340, 13365, 165.03, 52
2026/09/26 15:02:10.574, 1860, 13365, 167.55, 58
2026/09/26 15:02:10.675, 1860, 13365, 167.55, 58
2026/09/26 15:02:10.775, 1860, 13365, 167.55, 58
2026/09/26 15:02:10.875, 1860, 13365, 167.55, 58
2026/09/26 15:02:10.975, 1860, 13365, 167.55, 58
2026/09/26 15:02:11.075, 1792, 13365, 256.27, 58
2026/09/26 15:02:11.175, 1792, 13365, 256.27, 58
2026/09/26 15:02:11.275, 1792, 13365, 256.27, 58
2026/09/26 15:02:11.375, 1792, 13365, 256.27, 58
2026/09/26 15:02:11.475, 1792, 13365, 256.27, 58
2026/09/26 15:02:11.576, 2340, 13365, 220.89, 53
2026/09/26 15:02:11.676, 2340, 13365, 220.89, 53
2026/09/26 15:02:11.776, 2340, 13365, 220.89, 53
2026/09/26 15:02:11.876, 2340, 13365, 220.89, 53
2026/09/26 15:02:11.976, 2340, 13365, 220.89, 53
2026/09/26 15:02:12.076, 2107, 13365, 165.38, 58
2026/09/26 15:02:12.176, 2107, 13365, 165.38, 58
2026/09/26 15:02:12.276, 2107, 13365, 165.38, 58
2026/09/26 15:02:12.376, 2107, 13365, 165.38, 58
2026/09/26 15:02:12.477, 2107, 13365, 165.38, 58
2026/09/26 15:02:12.577, 1740, 13365, 230.02, 58
2026/09/26 15:02:12.677, 1740, 13365, 230.02, 58
2026/09/26 15:02:12.777, 1740, 13365, 230.02, 58
2026/09/26 15:02:12.877, 1740, 13365, 230.02, 58
2026/09/26 15:02:12.977, 1740, 13365, 230.02, 58
2026/09/26 15:02:13.077, 2325, 13365, 246.46, 53
2026/09/26 15:02:13.177, 2325, 13365, 246.46, 53
2026/09/26 15:02:13.277, 2325, 13365, 246.46, 53
2026/09/26 15:02:13.378, 2325, 13365, 246.46, 53
2026/09/26 15:02:13.478, 2325, 13365, 246.46, 53
2026/09/26 15:02:13.578, 2205, 13365, 165.87, 58
2026/09/26 15:02:13.678, 2205, 13365, 165.87, 58
2026/09/26 15:02:13.778, 2205, 13365, 165.87, 58
2026/09/26 15:02:13.878, 2205, 13365, 165.87, 58
2026/09/26 15:02:13.978, 2205, 13365, 165.87, 58
2026/09/26 15:02:14.078, 1627, 13365, 215.41, 58
2026/09/26 15:02:14.178, 1627, 13365, 215.41, 58
2026/09/26 15:02:14.279, 1627, 13365, 215.41, 58
2026/09/26 15:02:14.379, 1627, 13365, 215.41, 58
2026/09/26 15:02:14.479, 1627, 13365, 215.41, 58
2026/09/26 15:02:14.579, 2175, 13365, 252.54, 53
2026/09/26 15:02:14.679, 2175, 13365, 252.54, 53
2026/09/26 15:02:14.779, 2175, 13365, 252.54, 53
2026/09/26 15:02:14.879, 2175, 13365, 252.54, 53
2026/09/26 15:02:14.979, 2175, 13365, 252.54, 53
2026/09/26 15:02:15.079, 2340, 13365, 150.45, 54
2026/09/26 15:02:15.180, 2340, 13365, 150.45, 54
2026/09/26 15:02:15.280, 2340, 13365, 150.45, 54
2026/09/26 15:02:15.380, 2340, 13365, 150.45, 54
2026/09/26 15:02:15.480, 2340, 13365, 150.45, 54
2026/09/26 15:02:15.580, 2340, 13365, 91.68, 52
2026/09/26 15:02:15.680, 2340, 13365, 91.68, 52
2026/09/26 15:02:15.780, 2340, 13365, 91.68, 52
2026/09/26 15:02:15.880, 2340, 13365, 91.68, 52
2026/09/26 15:02:15.980, 2340, 13365, 91.68, 52
2026/09/26 15:02:16.081, 1702, 13365, 179.93, 58
2026/09/26 15:02:16.181, 1702, 13365, 179.93, 58
2026/09/26 15:02:16.281, 1702, 13365, 179.93, 58
2026/09/26 15:02:16.381, 1702, 13365, 179.93, 58
2026/09/26 15:02:16.481, 1702, 13365, 179.93, 58
2026/09/26 15:02:16.581, 1665, 13365, 279.58, 56
2026/09/26 15:02:16.681, 1665, 13365, 279.58, 56
2026/09/26 15:02:16.781, 1665, 13365, 279.58, 56
2026/09/26 15:02:16.881, 1665, 13365, 279.58, 56
2026/09/26 15:02:16.981, 1665, 13365, 279.58, 56
2026/09/26 15:02:17.082, 2332, 13365, 203.83, 54
2026/09/26 15:02:17.182, 2332, 13365, 203.83, 54
2026/09/26 15:02:17.282, 2332, 13365, 203.83, 54
2026/09/26 15:02:17.382, 2332, 13365, 203.83, 54
2026/09/26 15:02:17.482, 2332, 13365, 203.83, 54
2026/09/26 15:02:17.582, 2340, 13365, 107.67, 52
2026/09/26 15:02:17.682, 2340, 13365, 107.67, 52
2026/09/26 15:02:17.782, 2340, 13365, 107.67, 52
2026/09/26 15:02:17.883, 2340, 13365, 107.67, 52
2026/09/26 15:02:17.983, 2340, 13365, 107.67, 52
2026/09/26 15:02:18.083, 1852, 13365, 192.85, 58
2026/09/26 15:02:18.183, 1852, 13365, 192.85, 58
2026/09/26 15:02:18.283, 1852, 13365, 192.85, 58
2026/09/26 15:02:18.383, 1852, 13365, 192.85, 58
2026/09/26 15:02:18.483, 1852, 13365, 192.85, 58
2026/09/26 15:02:18.583, 1845, 13365, 294.08, 56
2026/09/26 15:02:18.683, 1845, 13365, 294.08, 56
2026/09/26 15:02:18.784, 1845, 13365, 294.08, 56
2026/09/26 15:02:18.884, 1845, 13365, 294.08, 56
2026/09/26 15:02:18.984, 1845, 13365, 294.08, 56
2026/09/26 15:02:19.084, 2332, 13365, 201.67, 54
2026/09/26 15:02:19.184, 2332, 13365, 201.67, 54
2026/09/26 15:02:19.284, 2332, 13365, 201.67, 54
2026/09/26 15:02:19.384, 2332, 13365, 201.67, 54
2026/09/26 15:02:19.484, 2332, 13365, 201.67, 54
2026/09/26 15:02:19.584, 2340, 13365, 106.79, 53
2026/09/26 15:02:19.685, 2340, 13365, 106.79, 53
2026/09/26 15:02:19.785, 2340, 13365, 106.79, 53
2026/09/26 15:02:19.885, 2340, 13365, 106.79, 53
2026/09/26 15:02:19.985, 2340, 13365, 106.79, 53
2026/09/26 15:02:20.085, 1702, 13365, 189.29, 58
2026/09/26 15:02:20.185, 1702, 13365, 189.29, 58
2026/09/26 15:02:20.285, 1702, 13365, 189.29, 58
2026/09/26 15:02:20.385, 1702, 13365, 189.29, 58
2026/09/26 15:02:20.485, 1702, 13365, 189.29, 58
2026/09/26 15:02:20.586, 1702, 13365, 289.65, 57
2026/09/26 15:02:20.686, 1702, 13365, 289.65, 57
2026/09/26 15:02:20.786, 1702, 13365, 289.65, 57
2026/09/26 15:02:20.886, 1702, 13365, 289.65, 57
2026/09/26 15:02:20.986, 1702, 13365, 289.65, 57
2026/09/26 15:02:21.086, 2340, 13365, 205.65, 53
2026/09/26 15:02:21.186, 2340, 13365, 205.65, 53
2026/09/26 15:02:21.286, 2340, 13365, 205.65, 53
2026/09/26 15:02:21.386, 2340, 13365, 205.65, 53
2026/09/26 15:02:21.487, 2340, 13365, 205.65, 53
2026/09/26 15:02:21.587, 1995, 13365, 167.58, 58
2026/09/26 15:02:21.687, 1995, 13365, 167.58, 58
2026/09/26 15:02:21.787, 1995, 13365, 167.58, 58
2026/09/26 15:02:21.887, 1995, 13365, 167.58, 58
2026/09/26 15:02:21.987, 1995, 13365, 167.58, 58
2026/09/26 15:02:22.087, 1785, 13365, 258.15, 59
2026/09/26 15:02:22.187, 1785, 13365, 258.15, 59
2026/09/26 15:02:22.287, 1785, 13365, 258.15, 59
2026/09/26 15:02:22.388, 1785, 13365, 258.15, 59
2026/09/26 15:02:22.488, 1785, 13365, 258.15, 59
2026/09/26 15:02:22.588, 2340, 13365, 230.38, 53
2026/09/26 15:02:22.688, 2340, 13365, 230.38, 53
2026/09/26 15:02:22.788, 2340, 13365, 230.38, 53
2026/09/26 15:02:22.888, 2340, 13365, 230.38, 53
2026/09/26 15:02:22.988, 2340, 13365, 230.38, 53
2026/09/26 15:02:23.088, 2340, 13365, 140.05, 53
2026/09/26 15:02:23.189, 2340, 13365, 140.05, 53
2026/09/26 15:02:23.289, 2340, 13365, 140.05, 53
2026/09/26 15:02:23.389, 2340, 13365, 140.05, 53
2026/09/26 15:02:23.489, 2340, 13365, 140.05, 53
2026/09/26 15:02:23.589, 1725, 13365, 161.23, 58
2026/09/26 15:02:23.689, 1725, 13365, 161.23, 58
2026/09/26 15:02:23.789, 1725, 13365, 161.23, 58
2026/09/26 15:02:23.889, 1725, 13365, 161.23, 58
2026/09/26 15:02:23.989, 1725, 13365, 161.23, 58
2026/09/26 15:02:24.090, 1410, 13365, 259.42, 58
2026/09/26 15:02:24.190, 1410, 13365, 259.42, 58
2026/09/26 15:02:24.290, 1410, 13365, 259.42, 58
2026/09/26 15:02:24.390, 1410, 13365, 259.42, 58
2026/09/26 15:02:24.490, 1410, 13365, 259.42, 58
2026/09/26 15:02:24.590, 2332, 13365, 241.98, 54
2026/09/26 15:02:24.690, 2332, 13365, 241.98, 54
2026/09/26 15:02:24.790, 2332, 13365, 241.98, 54
2026/09/26 15:02:24.890, 2332, 13365, 241.98, 54
2026/09/26 15:02:24.991, 2332, 13365, 241.98, 54
2026/09/26 15:02:25.091, 2197, 13365, 176.31, 59
2026/09/26 15:02:25.191, 2197, 13365, 176.31, 59
2026/09/26 15:02:25.291, 2197, 13365, 176.31, 59
2026/09/26 15:02:25.391, 2197, 13365, 176.31, 59
2026/09/26 15:02:25.491, 2197, 13365, 176.31, 59
2026/09/26 15:02:25.591, 1590, 13365, 230.40, 59
2026/09/26 15:02:25.691, 1590, 13365, 230.40, 59
2026/09/26 15:02:25.791, 1590, 13365, 230.40, 59
2026/09/26 15:02:25.892, 1590, 13365, 230.40, 59
2026/09/26 15:02:25.992, 1590, 13365, 230.40, 59
2026/09/26 15:02:26.092, 2160, 13365, 252.71, 54
2026/09/26 15:02:26.192, 2160, 13365, 252.71, 54
2026/09/26 15:02:26.292, 2160, 13365, 252.71, 54
2026/09/26 15:02:26.392, 2160, 13365, 252.71, 54
2026/09/26 15:02:26.492, 2160, 13365, 252.71, 54
2026/09/26 15:02:26.592, 2340, 13365, 146.57, 53
2026/09/26 15:02:26.692, 2340, 13365, 146.57, 53
2026/09/26 15:02:26.793, 2340, 13365, 146.57, 53
2026/09/26 15:02:26.893, 2340, 13365, 146.57, 53
2026/09/26 15:02:26.993, 2340, 13365, 146.57, 53
2026/09/26 15:02:27.093, 2340, 13365, 92.67, 53
2026/09/26 15:02:27.193, 2340, 13365, 92.67, 53
2026/09/26 15:02:27.293, 2340, 13365, 92.67, 53
2026/09/26 15:02:27.393, 2340, 13365, 92.67, 53
2026/09/26 15:02:27.493, 2340, 13365, 92.67, 53
2026/09/26 15:02:27.594, 1935, 13365, 160.66, 58
2026/09/26 15:02:27.694, 1935, 13365, 160.66, 58
2026/09/26 15:02:27.794, 1935, 13365, 160.66, 58
2026/09/26 15:02:27.894, 1935, 13365, 160.66, 58
2026/09/26 15:02:27.994, 1935, 13365, 160.66, 58
2026/09/26 15:02:28.094, 1695, 13365, 258.64, 59
2026/09/26 15:02:28.194, 1695, 13365, 258.64, 59
2026/09/26 15:02:28.294, 1695, 13365, 258.64, 59
2026/09/26 15:02:28.394, 1695, 13365, 258.64, 59
2026/09/26 15:02:28.495, 1695, 13365, 258.64, 59
2026/09/26 15:02:28.595, 2340, 13365, 233.68, 53
2026/09/26 15:02:28.695, 2340, 13365, 233.68, 53
2026/09/26 15:02:28.795, 2340, 13365, 233.68, 53
2026/09/26 15:02:28.895, 2340, 13365, 233.68, 53
2026/09/26 15:02:28.995, 2340, 13365, 233.68, 53
2026/09/26 15:02:29.095, 2340, 13365, 132.47, 53
2026/09/26 15:02:29.195, 2340, 13365, 132.47, 53
2026/09/26 15:02:29.295, 2340, 13365, 132.47, 53
2026/09/26 15:02:29.396, 2340, 13365, 132.47, 53
2026/09/26 15:02:29.496, 2340, 13365, 132.47, 53
2026/09/26 15:02:29.596, 2340, 13365, 91.22, 53
2026/09/26 15:02:29.696, 2340, 13365, 91.22, 53
2026/09/26 15:02:29.796, 2340, 13365, 91.22, 53
2026/09/26 15:02:29.896, 2340, 13365, 91.22, 53
2026/09/26 15:02:29.996, 2340, 13365, 91.22, 53
2026/09/26 15:02:30.096, 1935, 13365, 155.16, 58
2026/09/26 15:02:30.196, 1935, 13365, 155.16, 58
2026/09/26 15:02:30.297, 1935, 13365, 155.16, 58
2026/09/26 15:02:30.397, 1935, 13365, 155.16, 58
2026/09/26 15:02:30.497, 1935, 13365, 155.16, 58
2026/09/26 15:02:30.597, 1732, 13365, 260.64, 59
2026/09/26 15:02:30.697, 1732, 13365, 260.64, 59
2026/09/26 15:02:30.797, 1732, 13365, 260.64, 59
2026/09/26 15:02:30.897, 1732, 13365, 260.64, 59
2026/09/26 15:02:30.997, 1732, 13365, 260.64, 59
2026/09/26 15:02:31.097, 2257, 13365, 252.85, 54
2026/09/26 15:02:31.198, 2257, 13365, 252.85, 54
2026/09/26 15:02:31.298, 2257, 13365, 252.85, 54
2026/09/26 15:02:31.398, 2257, 13365, 252.85, 54
2026/09/26 15:02:31.498, 2257, 13365, 252.85, 54
2026/09/26 15:02:31.599, 2340, 13365, 155.99, 58
2026/09/26 15:02:31.699, 2340, 13365, 155.99, 58
2026/09/26 15:02:31.799, 2340, 13365, 155.99, 58
2026/09/26 15:02:31.899, 2340, 13365, 155.99, 58
2026/09/26 15:02:31.999, 2340, 13365, 155.99, 58
2026/09/26 15:02:32.099, 1702, 13365, 214.47, 59
2026/09/26 15:02:32.199, 1702, 13365, 214.47, 59
2026/09/26 15:02:32.299, 1702, 13365, 214.47, 59
2026/09/26 15:02:32.399, 1702, 13365, 214.47, 59
2026/09/26 15:02:32.500, 1702, 13365, 214.47, 59
2026/09/26 15:02:32.600, 1732, 13365, 285.48, 55
2026/09/26 15:02:32.700, 1732, 13365, 285.48, 55
2026/09/26 15:02:32.800, 1732, 13365, 285.48, 55
2026/09/26 15:02:32.900, 1732, 13365, 285.48, 55
2026/09/26 15:02:33.000, 1732, 13365, 285.48, 55
2026/09/26 15:02:33.100, 2340, 13365, 183.60, 53
2026/09/26 15:02:33.200, 2340, 13365, 183.60, 53
2026/09/26 15:02:33.300, 2340, 13365, 183.60, 53
2026/09/26 15:02:33.401, 2340, 13365, 183.60, 53
2026/09/26 15:02:33.501, 2340, 13365, 183.60, 53
2026/09/26 15:02:33.601, 2332, 13365, 90.58, 54
2026/09/26 15:02:33.701, 2332, 13365, 90.58, 54
2026/09/26 15:02:33.801, 2332, 13365, 90.58, 54
2026/09/26 15:02:33.901, 2332, 13365, 90.58, 54
2026/09/26 15:02:34.001, 2332, 13365, 90.58, 54
2026/09/26 15:02:34.101, 2340, 13365, 92.78, 53
2026/09/26 15:02:34.201, 2340, 13365, 92.78, 53
2026/09/26 15:02:34.302, 2340, 13365, 92.78, 53
2026/09/26 15:02:34.402, 2340, 13365, 92.78, 53
2026/09/26 15:02:34.502, 2340, 13365, 92.78, 53
2026/09/26 15:02:34.602, 1725, 13365, 185.49, 58
2026/09/26 15:02:34.702, 1725, 13365, 185.49, 58
2026/09/26 15:02:34.802, 1725, 13365, 185.49, 58
2026/09/26 15:02:34.902, 1725, 13365, 185.49, 58
2026/09/26 15:02:35.002, 1725, 13365, 185.49, 58
2026/09/26 15:02:35.102, 1725, 13365, 273.60, 59
2026/09/26 15:02:35.203, 1725, 13365, 273.60, 59
2026/09/26 15:02:35.303, 1725, 13365, 273.60, 59
2026/09/26 15:02:35.403, 1725, 13365, 273.60, 59
2026/09/26 15:02:35.503, 1725, 13365, 273.60, 59
2026/09/26 15:02:35.603, 2340, 13365, 210.39, 53
2026/09/26 15:02:35.703, 2340, 13365, 210.39, 53
2026/09/26 15:02:35.803, 2340, 13365, 210.39, 53
2026/09/26 15:02:35.903, 2340, 13365, 210.39, 53
2026/09/26 15:02:36.003, 2340, 13365, 210.39, 53
2026/09/26 15:02:36.104, 2340, 13365, 103.91, 53
2026/09/26 15:02:36.204, 2340, 13365, 103.91, 53
2026/09/26 15:02:36.304, 2340, 13365, 103.91, 53
2026/09/26 15:02:36.404, 2340, 13365, 103.91, 53
2026/09/26 15:02:36.504, 2340, 13365, 103.91, 53
2026/09/26 15:02:36.604, 1972, 13365, 159.91, 58
2026/09/26 15:02:36.704, 1972, 13365, 159.91, 58
2026/09/26 15:02:36.804, 1972, 13365, 159.91, 58
2026/09/26 15:02:36.904, 1972, 13365, 159.91, 58
2026/09/26 15:02:37.005, 1972, 13365, 159.91, 58
2026/09/26 15:02:37.105, 1725, 13365, 241.62, 59
2026/09/26 15:02:37.205, 1725, 13365, 241.62, 59
2026/09/26 15:02:37.305, 1725, 13365, 241.62, 59
2026/09/26 15:02:37.405, 1725, 13365, 241.62, 59
2026/09/26 15:02:37.505, 1725, 13365, 241.62, 59
2026/09/26 15:02:37.605, 2272, 13365, 241.29, 53
2026/09/26 15:02:37.705, 2272, 13365, 241.29, 53
2026/09/26 15:02:37.805, 2272, 13365, 241.29, 53
2026/09/26 15:02:37.906, 2272, 13365, 241.29, 53
2026/09/26 15:02:38.006, 2272, 13365, 241.29, 53
2026/09/26 15:02:38.106, 2332, 13365, 136.59, 53
2026/09/26 15:02:38.206, 2332, 13365, 136.59, 53
2026/09/26 15:02:38.306, 2332, 13365, 136.59, 53
2026/09/26 15:02:38.406, 2332, 13365, 136.59, 53
2026/09/26 15:02:38.506, 2332, 13365, 136.59, 53
2026/09/26 15:02:38.606, 2340, 13365, 104.42, 57
2026/09/26 15:02:38.706, 2340, 13365, 104.42, 57
2026/09/26 15:02:38.807, 2340, 13365, 104.42, 57
2026/09/26 15:02:38.907, 2340, 13365, 104.42, 57
2026/09/26 15:02:39.007, 2340, 13365, 104.42, 57
2026/09/26 15:02:39.107, 1680, 13365, 200.43, 59
2026/09/26 15:02:39.207, 1680, 13365, 200.43, 59
2026/09/26 15:02:39.307, 1680, 13365, 200.43, 59
2026/09/26 15:02:39.407, 1680, 13365, 200.43, 59
2026/09/26 15:02:39.507, 1680, 13365, 200.43, 59
2026/09/26 15:02:39.607, 1695, 13365, 295.89, 56
2026/09/26 15:02:39.708, 1695, 13365, 295.89, 56
2026/09/26 15:02:39.808, 1695, 13365, 295.89, 56
2026/09/26 15:02:39.908, 1695, 13365, 295.89, 56
2026/09/26 15:02:40.008, 1695, 13365, 295.89, 56
2026/09/26 15:02:40.108, 2340, 13365, 186.96, 53
2026/09/26 15:02:40.208, 2340, 13365, 186.96, 53
2026/09/26 15:02:40.308, 2340, 13365, 186.96, 53
2026/09/26 15:02:40.408, 2340, 13365, 186.96, 53
2026/09/26 15:02:40.509, 2340, 13365, 186.96, 53
2026/09/26 15:02:40.609, 2205, 13365, 153.89, 58
2026/09/26 15:02:40.709, 2205, 13365, 153.89, 58
2026/09/26 15:02:40.809, 2205, 13365, 153.89, 58
2026/09/26 15:02:40.909, 2205, 13365, 153.89, 58
2026/09/26 15:02:41.009, 2205, 13365, 153.89, 58
2026/09/26 15:02:41.109, 1927, 13365, 237.14, 59
2026/09/26 15:02:41.209, 1927, 13365, 237.14, 59
2026/09/26 15:02:41.309, 1927, 13365, 237.14, 59
2026/09/26 15:02:41.409, 1927, 13365, 237.14, 59
2026/09/26 15:02:41.510, 1927, 13365, 237.14, 59
2026/09/26 15:02:41.610, 1942, 13365, 296.38, 57
2026/09/26 15:02:41.710, 1942, 13365, 296.38, 57
2026/09/26 15:02:41.810, 1942, 13365, 296.38, 57
2026/09/26 15:02:41.910, 1942, 13365, 296.38, 57
2026/09/26 15:02:42.010, 1942, 13365, 296.38, 57
2026/09/26 15:02:42.110, 2340, 13365, 186.22, 54
2026/09/26 15:02:42.210, 2340, 13365, 186.22, 54
2026/09/26 15:02:42.310, 2340, 13365, 186.22, 54
2026/09/26 15:02:42.411, 2340, 13365, 186.22, 54
2026/09/26 15:02:42.511, 2340, 13365, 186.22, 54
2026/09/26 15:02:42.611, 2340, 13365, 108.12, 53
2026/09/26 15:02:42.711, 2340, 13365, 108.12, 53
2026/09/26 15:02:42.811, 2340, 13365, 108.12, 53
2026/09/26 15:02:42.911, 2340, 13365, 108.12, 53
2026/09/26 15:02:43.011, 2340, 13365, 108.12, 53
2026/09/26 15:02:43.111, 1792, 13365, 158.09, 59
2026/09/26 15:02:43.211, 1792, 13365, 158.09, 59
2026/09/26 15:02:43.312, 1792, 13365, 158.09, 59
2026/09/26 15:02:43.412, 1792, 13365, 158.09, 59
2026/09/26 15:02:43.512, 1792, 13365, 158.09, 59
2026/09/26 15:02:43.612, 1590, 13365, 263.31, 59
2026/09/26 15:02:43.712, 1590, 13365, 263.31, 59
2026/09/26 15:02:43.812, 1590, 13365, 263.31, 59
2026/09/26 15:02:43.912, 1590, 13365, 263.31, 59
2026/09/26 15:02:44.012, 1590, 13365, 263.31, 59
2026/09/26 15:02:44.112, 2107, 13365, 262.04, 54
2026/09/26 15:02:44.213, 2107, 13365, 262.04, 54
2026/09/26 15:02:44.313, 2107, 13365, 262.04, 54
2026/09/26 15:02:44.413, 2107, 13365, 262.04, 54
2026/09/26 15:02:44.513, 2107, 13365, 262.04, 54
2026/09/26 15:02:44.613, 2340, 13365, 161.76, 53
2026/09/26 15:02:44.713, 2340, 13365, 161.76, 53
2026/09/26 15:02:44.813, 2340, 13365, 161.76, 53
2026/09/26 15:02:44.913, 2340, 13365, 161.76, 53
2026/09/26 15:02:45.013, 2340, 13365, 161.76, 53
2026/09/26 15:02:45.114, 1800, 13365, 199.92, 59
2026/09/26 15:02:45.214, 1800, 13365, 199.92, 59
2026/09/26 15:02:45.314, 1800, 13365, 199.92, 59
2026/09/26 15:02:45.414, 1800, 13365, 199.92, 59
2026/09/26 15:02:45.514, 1800, 13365, 199.92, 59
2026/09/26 15:02:45.614, 1807, 13365, 308.89, 59
2026/09/26 15:02:45.714, 1807, 13365, 308.89, 59
2026/09/26 15:02:45.814, 1807, 13365, 308.89, 59
2026/09/26 15:02:45.914, 1807, 13365, 308.89, 59
2026/09/26 15:02:46.015, 1807, 13365, 308.89, 59
2026/09/26 15:02:46.115, 2340, 13365, 203.92, 54
2026/09/26 15:02:46.215, 2340, 13365, 203.92, 54
2026/09/26 15:02:46.315, 2340, 13365, 203.92, 54
2026/09/26 15:02:46.415, 2340, 13365, 203.92, 54
2026/09/26 15:02:46.515, 2340, 13365, 203.92, 54
2026/09/26 15:02:46.615, 1365, 13365, 199.62, 57
2026/09/26 15:02:46.715, 1365, 13365, 199.62, 57
2026/09/26 15:02:46.815, 1365, 13365, 199.62, 57
2026/09/26 15:02:46.916, 1365, 13365, 199.62, 57
2026/09/26 15:02:47.016, 1365, 13365, 199.62, 57
2026/09/26 15:02:47.116, 2220, 13365, 294.63, 57
2026/09/26 15:02:47.216, 2220, 13365, 294.63, 57
2026/09/26 15:02:47.316, 2220, 13365, 294.63, 57
2026/09/26 15:02:47.416, 2220, 13365, 294.63, 57
2026/09/26 15:02:47.516, 2220, 13365, 294.63, 57
2026/09/26 15:02:47.616, 2227, 13365, 278.17, 55
2026/09/26 15:02:47.716, 2227, 13365, 278.17, 55
2026/09/26 15:02:47.817, 2227, 13365, 278.17, 55
2026/09/26 15:02:47.917, 2227, 13365, 278.17, 55
2026/09/26 15:02:48.017, 2227, 13365, 278.17, 55
2026/09/26 15:02:48.117, 2340, 13365, 195.58, 57
2026/09/26 15:02:48.217, 2340, 13365, 195.58, 57
2026/09/26 15:02:48.317, 2340, 13365, 195.58, 57
2026/09/26 15:02:48.417, 2340, 13365, 195.58, 57
2026/09/26 15:02:48.517, 2340, 13365, 195.58, 57
2026/09/26 15:02:48.617, 2167, 13365, 212.95, 57
2026/09/26 15:02:48.718, 2167, 13365, 212.95, 57
2026/09/26 15:02:48.818, 2167, 13365, 212.95, 57
2026/09/26 15:02:48.918, 2167, 13365, 212.95, 57
2026/09/26 15:02:49.018, 2167, 13365, 212.95, 57
2026/09/26 15:02:49.118, 1695, 13365, 307.34, 57
2026/09/26 15:02:49.218, 1695, 13365, 307.34, 57
2026/09/26 15:02:49.318, 1695, 13365, 307.34, 57
2026/09/26 15:02:49.418, 1695, 13365, 307.34, 57
2026/09/26 15:02:49.518, 1695, 13365, 307.34, 57
2026/09/26 15:02:49.618, 2332, 13365, 297.95, 58
2026/09/26 15:02:49.719, 2332, 13365, 297.95, 58
2026/09/26 15:02:49.819, 2332, 13365, 297.95, 58
2026/09/26 15:02:49.919, 2332, 13365, 297.95, 58
2026/09/26 15:02:50.019, 2332, 13365, 297.95, 58
2026/09/26 15:02:50.119, 2325, 13365, 259.59, 55
2026/09/26 15:02:50.219, 2325, 13365, 259.59, 55
2026/09/26 15:02:50.319, 2325, 13365, 259.59, 55
2026/09/26 15:02:50.419, 2325, 13365, 259.59, 55
2026/09/26 15:02:50.519, 2325, 13365, 259.59, 55
2026/09/26 15:02:50.620, 2272, 13365, 222.14, 57
2026/09/26 15:02:50.720, 2272, 13365, 222.14, 57
2026/09/26 15:02:50.820, 2272, 13365, 222.14, 57
2026/09/26 15:02:50.920, 2272, 13365, 222.14, 57
2026/09/26 15:02:51.020, 2272, 13365, 222.14, 57
2026/09/26 15:02:51.120, 2010, 13365, 236.50, 58
2026/09/26 15:02:51.220, 2010, 13365, 236.50, 58
2026/09/26 15:02:51.320, 2010, 13365, 236.50, 58
2026/09/26 15:02:51.420, 2010, 13365, 236.50, 58
2026/09/26 15:02:51.521, 2010, 13365, 236.50, 58
2026/09/26 15:02:51.621, 1762, 13365, 298.59, 57
2026/09/26 15:02:51.721, 1762, 13365, 298.59, 57
2026/09/26 15:02:51.821, 1762, 13365, 298.59, 57
2026/09/26 15:02:51.921, 1762, 13365, 298.59, 57
2026/09/26 15:02:52.021, 1762, 13365, 298.59, 57
2026/09/26 15:02:52.121, 2302, 13365, 299.39, 58
2026/09/26 15:02:52.221, 2302, 13365, 299.39, 58
2026/09/26 15:02:52.321, 2302, 13365, 299.39, 58
2026/09/26 15:02:52.422, 2302, 13365, 299.39, 58
2026/09/26 15:02:52.522, 2302, 13365, 299.39, 58
2026/09/26 15:02:52.622, 2340, 13365, 237.00, 55
2026/09/26 15:02:52.722, 2340, 13365, 237.00, 55
2026/09/26 15:02:52.822, 2340, 13365, 237.00, 55
2026/09/26 15:02:52.922, 2340, 13365, 237.00, 55
2026/09/26 15:02:53.022, 2340, 13365, 237.00, 55
2026/09/26 15:02:53.122, 1927, 13365, 221.81, 58
2026/09/26 15:02:53.222, 1927, 13365, 221.81, 58
2026/09/26 15:02:53.323, 1927, 13365, 221.81, 58
2026/09/26 15:02:53.423, 1927, 13365, 221.81, 58
2026/09/26 15:02:53.523, 1927, 13365, 221.81, 58
2026/09/26 15:02:53.623, 1627, 13365, 282.60, 58
2026/09/26 15:02:53.723, 1627, 13365, 282.60, 58
2026/09/26 15:02:53.823, 1627, 13365, 282.60, 58
2026/09/26 15:02:53.923, 1627, 13365, 282.60, 58
2026/09/26 15:02:54.023, 1627, 13365, 282.60, 58
2026/09/26 15:02:54.124, 1980, 13365, 299.90, 58
2026/09/26 15:02:54.224, 1980, 13365, 299.90, 58
2026/09/26 15:02:54.324, 1980, 13365, 299.90, 58
2026/09/26 15:02:54.424, 1980, 13365, 299.90, 58
2026/09/26 15:02:54.524, 1980, 13365, 299.90, 58
2026/09/26 15:02:54.624, 2077, 13365, 300.02, 59
2026/09/26 15:02:54.724, 2077, 13365, 300.02, 59
2026/09/26 15:02:54.824, 2077, 13365, 300.02, 59
2026/09/26 15:02:54.924, 2077, 13365, 300.02, 59
2026/09/26 15:02:55.025, 2077, 13365, 300.02, 59
2026/09/26 15:02:55.125, 2340, 13365, 204.62, 58
2026/09/26 15:02:55.225, 2340, 13365, 204.62, 58
2026/09/26 15:02:55.325, 2340, 13365, 204.62, 58
2026/09/26 15:02:55.425, 2340, 13365, 204.62, 58
2026/09/26 15:02:55.525, 2340, 13365, 204.62, 58
2026/09/26 15:02:55.625, 1732, 13365, 211.28, 58
2026/09/26 15:02:55.725, 1732, 13365, 211.28, 58
2026/09/26 15:02:55.825, 1732, 13365, 211.28, 58
2026/09/26 15:02:55.926, 1732, 13365, 211.28, 58
2026/09/26 15:02:56.026, 1732, 13365, 211.28, 58
2026/09/26 15:02:56.126, 1695, 13365, 295.08, 58
2026/09/26 15:02:56.226, 1695, 13365, 295.08, 58
2026/09/26 15:02:56.326, 1695, 13365, 295.08, 58
2026/09/26 15:02:56.426, 1695, 13365, 295.08, 58
2026/09/26 15:02:56.526, 1695, 13365, 295.08, 58
2026/09/26 15:02:56.626, 2332, 13365, 296.49, 58
2026/09/26 15:02:56.726, 2332, 13365, 296.49, 58
2026/09/26 15:02:56.826, 2332, 13365, 296.49, 58
2026/09/26 15:02:56.927, 2332, 13365, 296.49, 58
2026/09/26 15:02:57.027, 2332, 13365, 296.49, 58
2026/09/26 15:02:57.127, 2280, 13365, 275.75, 56
2026/09/26 15:02:57.227, 2280, 13365, 275.75, 56
2026/09/26 15:02:57.327, 2280, 13365, 275.75, 56
2026/09/26 15:02:57.427, 2280, 13365, 275.75, 56
2026/09/26 15:02:57.527, 2280, 13365, 275.75, 56
2026/09/26 15:02:57.627, 2332, 13365, 222.05, 58
2026/09/26 15:02:57.728, 2332, 13365, 222.05, 58
2026/09/26 15:02:57.828, 2332, 13365, 222.05, 58
2026/09/26 15:02:57.928, 2332, 13365, 222.05, 58
2026/09/26 15:02:58.028, 2332, 13365, 222.05, 58
2026/09/26 15:02:58.128, 1920, 13365, 220.49, 58
2026/09/26 15:02:58.228, 1920, 13365, 220.49, 58
2026/09/26 15:02:58.328, 1920, 13365, 220.49, 58
2026/09/26 15:02:58.428, 1920, 13365, 220.49, 58
2026/09/26 15:02:58.528, 1920, 13365, 220.49, 58
2026/09/26 15:02:58.629, 1710, 13365, 300.35, 58
2026/09/26 15:02:58.729, 1710, 13365, 300.35, 58
2026/09/26 15:02:58.829, 1710, 13365, 300.35, 58
2026/09/26 15:02:58.929, 1710, 13365, 300.35, 58
2026/09/26 15:02:59.029, 1710, 13365, 300.35, 58
2026/09/26 15:02:59.129, 2332, 13365, 295.83, 59
2026/09/26 15:02:59.229, 2332, 13365, 295.83, 59
2026/09/26 15:02:59.329, 2332, 13365, 295.83, 59
2026/09/26 15:02:59.429, 2332, 13365, 295.83, 59
2026/09/26 15:02:59.529, 2332, 13365, 295.83, 59
2026/09/26 15:02:59.630, 2332, 13365, 249.85, 56
2026/09/26 15:02:59.730, 2332, 13365, 249.85, 56
2026/09/26 15:02:59.830, 2332, 13365, 249.85, 56
2026/09/26 15:02:59.930, 2332, 13365, 249.85, 56
2026/09/26 15:03:00.030, 2332, 13365, 249.85, 56
2026/09/26 15:03:00.130, 2332, 13365, 211.10, 59
2026/09/26 15:03:00.230, 2332, 13365, 211.10, 59
2026/09/26 15:03:00.330, 2332, 13365, 211.10, 59
2026/09/26 15:03:00.430, 2332, 13365, 211.10, 59
2026/09/26 15:03:00.531, 2332, 13365, 211.10, 59
2026/09/26 15:03:00.631, 2137, 13365, 246.12, 59
2026/09/26 15:03:00.731, 2137, 13365, 246.12, 59
2026/09/26 15:03:00.831, 2137, 13365, 246.12, 59
2026/09/26 15:03:00.931, 2137, 13365, 246.12, 59
2026/09/26 15:03:01.031, 2137, 13365, 246.12, 59
2026/09/26 15:03:01.131, 1905, 13365, 301.89, 59
2026/09/26 15:03:01.231, 1905, 13365, 301.89, 59
2026/09/26 15:03:01.331, 1905, 13365, 301.89, 59
2026/09/26 15:03:01.432, 1905, 13365, 301.89, 59
2026/09/26 15:03:01.532, 1905, 13365, 301.89, 59
2026/09/26 15:03:01.632, 2302, 13365, 298.53, 59
2026/09/26 15:03:01.732, 2302, 13365, 298.53, 59
2026/09/26 15:03:01.832, 2302, 13365, 298.53, 59
2026/09/26 15:03:01.932, 2302, 13365, 298.53, 59
2026/09/26 15:03:02.032, 2302, 13365, 298.53, 59
2026/09/26 15:03:02.132, 2340, 13365, 221.03, 57
2026/09/26 15:03:02.232, 2340, 13365, 221.03, 57
2026/09/26 15:03:02.333, 2340, 13365, 221.03, 57
2026/09/26 15:03:02.433, 2340, 13365, 221.03, 57
2026/09/26 15:03:02.533, 2340, 13365, 221.03, 57
2026/09/26 15:03:02.633, 2220, 13365, 218.83, 59
2026/09/26 15:03:02.733, 2220, 13365, 218.83, 59
2026/09/26 15:03:02.833, 2220, 13365, 218.83, 59
2026/09/26 15:03:02.933, 2220, 13365, 218.83, 59
2026/09/26 15:03:03.033, 2220, 13365, 218.83, 59
2026/09/26 15:03:03.133, 1905, 13365, 270.74, 59
2026/09/26 15:03:03.234, 1905, 13365, 270.74, 59
2026/09/26 15:03:03.334, 1905, 13365, 270.74, 59
2026/09/26 15:03:03.434, 1905, 13365, 270.74, 59
2026/09/26 15:03:03.534, 1905, 13365, 270.74, 59
2026/09/26 15:03:03.634, 2235, 13365, 295.79, 59
2026/09/26 15:03:03.734, 2235, 13365, 295.79, 59
2026/09/26 15:03:03.834, 2235, 13365, 295.79, 59
2026/09/26 15:03:03.934, 2235, 13365, 295.79, 59
2026/09/26 15:03:04.034, 2235, 13365, 295.79, 59
2026/09/26 15:03:04.135, 2332, 13365, 293.41, 59
2026/09/26 15:03:04.235, 2332, 13365, 293.41, 59
2026/09/26 15:03:04.335, 2332, 13365, 293.41, 59
2026/09/26 15:03:04.435, 2332, 13365, 293.41, 59
2026/09/26 15:03:04.535, 2332, 13365, 293.41, 59
2026/09/26 15:03:04.635, 2340, 13365, 199.92, 59
2026/09/26 15:03:04.735, 2340, 13365, 199.92, 59
2026/09/26 15:03:04.835, 2340, 13365, 199.92, 59
2026/09/26 15:03:04.935, 2340, 13365, 199.92, 59
2026/09/26 15:03:05.036, 2340, 13365, 199.92, 59
2026/09/26 15:03:05.136, 2317, 13365, 216.18, 60
2026/09/26 15:03:05.236, 2317, 13365, 216.18, 60
2026/09/26 15:03:05.336, 2317, 13365, 216.18, 60
2026/09/26 15:03:05.436, 2317, 13365, 216.18, 60
2026/09/26 15:03:05.536, 2317, 13365, 216.18, 60
2026/09/26 15:03:05.636, 1470, 13365, 296.37, 60
2026/09/26 15:03:05.736, 1470, 13365, 296.37, 60
2026/09/26 15:03:05.836, 1470, 13365, 296.37, 60
2026/09/26 15:03:05.937, 1470, 13365, 296.37, 60
2026/09/26 15:03:06.037, 1470, 13365, 296.37, 60
2026/09/26 15:03:06.137, 2242, 13365, 301.54, 60
2026/09/26 15:03:06.237, 2242, 13365, 301.54, 60
2026/09/26 15:03:06.337, 2242, 13365, 301.54, 60
2026/09/26 15:03:06.437, 2242, 13365, 301.54, 60
2026/09/26 15:03:06.537, 2242, 13365, 301.54, 60
2026/09/26 15:03:06.637, 2235, 13365, 276.47, 57
2026/09/26 15:03:06.737, 2235, 13365, 276.47, 57
2026/09/26 15:03:06.838, 2235, 13365, 276.47, 57
2026/09/26 15:03:06.938, 2235, 13365, 276.47, 57
2026/09/26 15:03:07.038, 2235, 13365, 276.47, 57
2026/09/26 15:03:07.138, 2332, 13365, 215.23, 59
2026/09/26 15:03:07.238, 2332, 13365, 215.23, 59
2026/09/26 15:03:07.338, 2332, 13365, 215.23, 59
2026/09/26 15:03:07.438, 2332, 13365, 215.23, 59
2026/09/26 15:03:07.538, 2332, 13365, 215.23, 59
2026/09/26 15:03:07.638, 2025, 13365, 232.01, 60
2026/09/26 15:03:07.739, 2025, 13365, 232.01, 60
2026/09/26 15:03:07.839, 2025, 13365, 232.01, 60
2026/09/26 15:03:07.939, 2025, 13365, 232.01, 60
2026/09/26 15:03:08.039, 2025, 13365, 232.01, 60
2026/09/26 15:03:08.139, 1695, 13365, 301.61, 59
2026/09/26 15:03:08.239, 1695, 13365, 301.61, 59
2026/09/26 15:03:08.339, 1695, 13365, 301.61, 59
2026/09/26 15:03:08.439, 1695, 13365, 301.61, 59
2026/09/26 15:03:08.539, 1695, 13365, 301.61, 59
2026/09/26 15:03:08.639, 2332, 13365, 297.66, 60
2026/09/26 15:03:08.740, 2332, 13365, 297.66, 60
2026/09/26 15:03:08.840, 2332, 13365, 297.66, 60
2026/09/26 15:03:08.940, 2332, 13365, 297.66, 60
2026/09/26 15:03:09.040, 2332, 13365, 297.66, 60
2026/09/26 15:03:09.140, 2340, 13365, 246.25, 57
2026/09/26 15:03:09.240, 2340, 13365, 246.25, 57
2026/09/26 15:03:09.340, 2340, 13365, 246.25, 57
2026/09/26 15:03:09.440, 2340, 13365, 246.25, 57
2026/09/26 15:03:09.540, 2340, 13365, 246.25, 57
2026/09/26 15:03:09.641, 2332, 13365, 205.08, 60
2026/09/26 15:03:09.741, 2332, 13365, 205.08, 60
2026/09/26 15:03:09.841, 2332, 13365, 205.08, 60
2026/09/26 15:03:09.941, 2332, 13365, 205.08, 60
2026/09/26 15:03:10.041, 2332, 13365, 205.08, 60
2026/09/26 15:03:10.141, 2220, 13365, 241.79, 60
2026/09/26 15:03:10.241, 2220, 13365, 241.79, 60
2026/09/26 15:03:10.341, 2220, 13365, 241.79, 60
2026/09/26 15:03:10.441, 2220, 13365, 241.79, 60
2026/09/26 15:03:10.542, 2220, 13365, 241.79, 60
2026/09/26 15:03:10.642, 1875, 13365, 301.16, 60
2026/09/26 15:03:10.742, 1875, 13365, 301.16, 60
2026/09/26 15:03:10.842, 1875, 13365, 301.16, 60
2026/09/26 15:03:10.942, 1875, 13365, 301.16, 60
2026/09/26 15:03:11.042, 1875, 13365, 301.16, 60
2026/09/26 15:03:11.142, 2332, 13365, 298.77, 60
2026/09/26 15:03:11.242, 2332, 13365, 298.77, 60
2026/09/26 15:03:11.342, 2332, 13365, 298.77, 60
2026/09/26 15:03:11.443, 2332, 13365, 298.77, 60
2026/09/26 15:03:11.543, 2332, 13365, 298.77, 60
2026/09/26 15:03:11.643, 2340, 13365, 226.52, 57
2026/09/26 15:03:11.743, 2340, 13365, 226.52, 57
2026/09/26 15:03:11.843, 2340, 13365, 226.52, 57
2026/09/26 15:03:11.943, 2340, 13365, 226.52, 57
2026/09/26 15:03:12.043, 2340, 13365, 226.52, 57
2026/09/26 15:03:12.143, 2325, 13365, 198.82, 60
2026/09/26 15:03:12.243, 2325, 13365, 198.82, 60
2026/09/26 15:03:12.344, 2325, 13365, 198.82, 60
2026/09/26 15:03:12.444, 2325, 13365, 198.82, 60
2026/09/26 15:03:12.544, 2325, 13365, 198.82, 60
2026/09/26 15:03:12.644, 2047, 13365, 282.57, 60
2026/09/26 15:03:12.744, 2047, 13365, 282.57, 60
2026/09/26 15:03:12.844, 2047, 13365, 282.57, 60
2026/09/26 15:03:12.944, 2047, 13365, 282.57, 60
2026/09/26 15:03:13.044, 2047, 13365, 282.57, 60
2026/09/26 15:03:13.144, 2175, 13365, 301.56, 60
2026/09/26 15:03:13.245, 2175, 13365, 301.56, 60
2026/09/26 15:03:13.345, 2175, 13365, 301.56, 60
2026/09/26 15:03:13.445, 2175, 13365, 301.56, 60
2026/09/26 15:03:13.545, 2175, 13365, 301.56, 60
2026/09/26 15:03:13.645, 2332, 13365, 295.54, 58
2026/09/26 15:03:13.745, 2332, 13365, 295.54, 58
2026/09/26 15:03:13.845, 2332, 13365, 295.54, 58
2026/09/26 15:03:13.945, 2332, 13365, 295.54, 58
2026/09/26 15:03:14.045, 2332, 13365, 295.54, 58
2026/09/26 15:03:14.146, 2340, 13365, 207.26, 59
2026/09/26 15:03:14.246, 2340, 13365, 207.26, 59
2026/09/26 15:03:14.346, 2340, 13365, 207.26, 59
2026/09/26 15:03:14.446, 2340, 13365, 207.26, 59
2026/09/26 15:03:14.546, 2340, 13365, 207.26, 59
2026/09/26 15:03:14.646, 2325, 13365, 215.57, 59
2026/09/26 15:03:14.746, 2325, 13365, 215.57, 59
2026/09/26 15:03:14.846, 2325, 13365, 215.57, 59
2026/09/26 15:03:14.946, 2325, 13365, 215.57, 59
2026/09/26 15:03:15.047, 2325, 13365, 215.57, 59
2026/09/26 15:03:15.147, 1792, 13365, 307.78, 60
2026/09/26 15:03:15.247, 1792, 13365, 307.78, 60
2026/09/26 15:03:15.347, 1792, 13365, 307.78, 60
2026/09/26 15:03:15.447, 1792, 13365, 307.78, 60
2026/09/26 15:03:15.547, 1792, 13365, 307.78, 60
2026/09/26 15:03:15.647, 2310, 13365, 300.63, 60
2026/09/26 15:03:15.747, 2310, 13365, 300.63, 60
2026/09/26 15:03:15.847, 2310, 13365, 300.63, 60
2026/09/26 15:03:15.947, 2310, 13365, 300.63, 60
2026/09/26 15:03:16.048, 2310, 13365, 300.63, 60
2026/09/26 15:03:16.148, 2332, 13365, 275.92, 58
2026/09/26 15:03:16.248, 2332, 13365, 275.92, 58
2026/09/26 15:03:16.348, 2332, 13365, 275.92, 58
2026/09/26 15:03:16.448, 2332, 13365, 275.92, 58
2026/09/26 15:03:16.548, 2332, 13365, 275.92, 58
2026/09/26 15:03:16.648, 2340, 13365, 193.79, 60
2026/09/26 15:03:16.748, 2340, 13365, 193.79, 60
2026/09/26 15:03:16.849, 2340, 13365, 193.79, 60
2026/09/26 15:03:16.949, 2340, 13365, 193.79, 60
2026/09/26 15:03:17.049, 2340, 13365, 193.79, 60
2026/09/26 15:03:17.149, 2325, 13365, 198.16, 58
2026/09/26 15:03:17.249, 2325, 13365, 198.16, 58
2026/09/26 15:03:17.349, 2325, 13365, 198.16, 58
2026/09/26 15:03:17.449, 2325, 13365, 198.16, 58
2026/09/26 15:03:17.549, 2325, 13365, 198.16, 58
2026/09/26 15:03:17.649, 2340, 14001, 184.86, 57
2026/09/26 15:03:17.750, 2340, 14001, 184.86, 57
2026/09/26 15:03:17.850, 2340, 14001, 184.86, 57
2026/09/26 15:03:17.950, 2340, 14001, 184.86, 57
2026/09/26 15:03:18.050, 2340, 14001, 184.86, 57
2026/09/26 15:03:18.150, 2340, 14001, 93.23, 57
2026/09/26 15:03:18.250, 2340, 14001, 93.23, 57
2026/09/26 15:03:18.350, 2340, 14001, 93.23, 57
