label,opcode,count
triton_matmul_512x512x512,FFMA,512
triton_matmul_512x512x512,LDS.128,68
triton_matmul_512x512x512,SEL,51
triton_matmul_512x512x512,IADD,34
triton_matmul_512x512x512,LDGSTS.E.BYPASS.128,30
triton_matmul_512x512x512,IADD.64,29
triton_matmul_512x512x512,SHF.L.U32,28
triton_matmul_512x512x512,MOV,25
triton_matmul_512x512x512,ISETP.GE.AND,21
triton_matmul_512x512x512,ISETP.NE.U32.AND,21
triton_matmul_512x512x512,LOP3.LUT,17
triton_matmul_512x512x512,IMAD,16
triton_matmul_512x512x512,IMAD.WIDE,16
triton_matmul_512x512x512,MOV.64,16
triton_matmul_512x512x512,LDS,15
triton_matmul_512x512x512,IMAD.HI,12
triton_matmul_512x512x512,SHF.R.S32.HI,12
triton_matmul_512x512x512,LEA,11
triton_matmul_512x512x512,LDGDEPBAR,10
triton_matmul_512x512x512,NOP,8
triton_matmul_512x512x512,BAR.SYNC.DEFER_BLOCKING,7
triton_matmul_512x512x512,IABS,6
triton_matmul_512x512x512,ISETP.GT.AND,6
triton_matmul_512x512x512,SHF.L.U64.HI,6
triton_matmul_512x512x512,BRA,4
triton_matmul_512x512x512,IMAD.HI.U32,4
triton_matmul_512x512x512,IMAD.WIDE.U32,4
triton_matmul_512x512x512,STG.E.128,4
triton_matmul_512x512x512,STS.128,4
triton_matmul_512x512x512,LDC.64,3
triton_matmul_512x512x512,LEA.HI,3
triton_matmul_512x512x512,S2R,3
triton_matmul_512x512x512,UMOV,3
triton_matmul_512x512x512,DEPBAR.LE,2
triton_matmul_512x512x512,EXIT,2
triton_matmul_512x512x512,F2I.FTZ.U32.TRUNC.NTZ,2
triton_matmul_512x512x512,HFMA2,2
triton_matmul_512x512x512,I2F.RP,2
triton_matmul_512x512x512,ISETP.GE.U32.AND,2
triton_matmul_512x512x512,ISETP.GT.U32.AND,2
triton_matmul_512x512x512,ISETP.LT.AND,2
triton_matmul_512x512x512,ISETP.NE.AND,2
triton_matmul_512x512x512,LDC,2
triton_matmul_512x512x512,LDCU.64,2
triton_matmul_512x512x512,MUFU.RCP,2
triton_matmul_512x512x512,S2UR,2
triton_matmul_512x512x512,SGXT.U32,2
triton_matmul_512x512x512,SHF.R.U32.HI,2
triton_matmul_512x512x512,ULEA,2
triton_matmul_512x512x512,ISETP.LE.AND,1
triton_matmul_512x512x512,LDCU,1
triton_matmul_512x512x512,LDCU.128,1
triton_matmul_512x512x512,LEA.HI.SX32,1
triton_matmul_512x512x512,LEA.HI.X,1
triton_matmul_512x512x512,UIADD3,1
triton_matmul_512x512x512,VIMNMX.S32,1
triton_matmul_1000x1000x1000,FFMA,2048
triton_matmul_1000x1000x1000,SEL,324
triton_matmul_1000x1000x1000,IADD.64,272
triton_matmul_1000x1000x1000,LDS.128,192
triton_matmul_1000x1000x1000,LOP3.LUT,166
triton_matmul_1000x1000x1000,ISETP.NE.U32.AND,144
triton_matmul_1000x1000x1000,LDGSTS.E,144
triton_matmul_1000x1000x1000,SHF.L.U32,124
triton_matmul_1000x1000x1000,IMAD.HI,112
triton_matmul_1000x1000x1000,IMAD,110
triton_matmul_1000x1000x1000,ISETP.GE.AND,86
triton_matmul_1000x1000x1000,IADD,48
triton_matmul_1000x1000x1000,IMAD.WIDE,48
triton_matmul_1000x1000x1000,IMAD.WIDE.U32,32
triton_matmul_1000x1000x1000,ISETP.LT.AND,32
triton_matmul_1000x1000x1000,MOV.64,32
triton_matmul_1000x1000x1000,STG.E,32
triton_matmul_1000x1000x1000,LEA,26
triton_matmul_1000x1000x1000,MOV,20
triton_matmul_1000x1000x1000,SHF.R.S32.HI,17
triton_matmul_1000x1000x1000,UIADD3,17
triton_matmul_1000x1000x1000,LDS,16
triton_matmul_1000x1000x1000,LEA.HI.X,16
triton_matmul_1000x1000x1000,ISETP.NE.AND,11
triton_matmul_1000x1000x1000,P2R,10
triton_matmul_1000x1000x1000,LDSM.16.M88.4,8
triton_matmul_1000x1000x1000,NOP,8
triton_matmul_1000x1000x1000,STS.128,8
triton_matmul_1000x1000x1000,BAR.SYNC.DEFER_BLOCKING,7
triton_matmul_1000x1000x1000,IABS,6
triton_matmul_1000x1000x1000,LDGDEPBAR,6
triton_matmul_1000x1000x1000,R2UR,6
triton_matmul_1000x1000x1000,STL,6
triton_matmul_1000x1000x1000,UMOV,6
triton_matmul_1000x1000x1000,USHF.R.S32.HI,6
triton_matmul_1000x1000x1000,LDL.LU,5
triton_matmul_1000x1000x1000,USHF.L.U32,5
triton_matmul_1000x1000x1000,LDCU.64,4
triton_matmul_1000x1000x1000,UIMAD,4
triton_matmul_1000x1000x1000,BRA,3
triton_matmul_1000x1000x1000,IADD3,3
triton_matmul_1000x1000x1000,S2R,3
triton_matmul_1000x1000x1000,ULEA.HI,3
triton_matmul_1000x1000x1000,ULOP3.LUT,3
triton_matmul_1000x1000x1000,DEPBAR.LE,2
triton_matmul_1000x1000x1000,EXIT,2
triton_matmul_1000x1000x1000,IMAD.HI.U32,2
triton_matmul_1000x1000x1000,ISETP.GT.AND,2
triton_matmul_1000x1000x1000,LDCU,2
triton_matmul_1000x1000x1000,MUFU.RCP,2
triton_matmul_1000x1000x1000,S2UR,2
triton_matmul_1000x1000x1000,UISETP.GT.AND,2
triton_matmul_1000x1000x1000,ULEA,2
triton_matmul_1000x1000x1000,USEL,2
triton_matmul_1000x1000x1000,USHF.L.U64.HI,2
triton_matmul_1000x1000x1000,BRA.U,1
triton_matmul_1000x1000x1000,F2I.FTZ.U32.TRUNC.NTZ,1
triton_matmul_1000x1000x1000,HFMA2,1
triton_matmul_1000x1000x1000,I2F.RP,1
triton_matmul_1000x1000x1000,ISETP.GE.U32.AND,1
triton_matmul_1000x1000x1000,ISETP.GT.U32.AND,1
triton_matmul_1000x1000x1000,ISETP.LE.AND,1
triton_matmul_1000x1000x1000,LDC,1
triton_matmul_1000x1000x1000,LDCU.128,1
triton_matmul_1000x1000x1000,SGXT.U32,1
triton_matmul_1000x1000x1000,SHF.L.U64.HI,1
triton_matmul_1000x1000x1000,SHF.R.U32.HI,1
triton_matmul_1000x1000x1000,UF2I.FTZ.U32.TRUNC.NTZ,1
triton_matmul_1000x1000x1000,UI2F.RP,1
triton_matmul_1000x1000x1000,UIMAD.HI.U32,1
triton_matmul_1000x1000x1000,UIMAD.WIDE.U32,1
triton_matmul_1000x1000x1000,UISETP.GE.AND,1
triton_matmul_1000x1000x1000,UISETP.GE.U32.AND,1
triton_matmul_1000x1000x1000,UISETP.GT.U32.AND,1
triton_matmul_1000x1000x1000,UISETP.NE.AND,1
triton_matmul_1000x1000x1000,UISETP.NE.U32.AND,1
triton_matmul_1000x1000x1000,ULEA.HI.SX32,1
triton_matmul_1000x1000x1000,UVIMNMX.S32,1
triton_matmul_1024x1024x1024,FFMA,2048
triton_matmul_1024x1024x1024,LDS.128,200
triton_matmul_1024x1024x1024,SEL,84
triton_matmul_1024x1024x1024,IADD.64,54
triton_matmul_1024x1024x1024,MOV,43
triton_matmul_1024x1024x1024,ISETP.NE.U32.AND,36
triton_matmul_1024x1024x1024,LDGSTS.E.BYPASS.128,36
triton_matmul_1024x1024x1024,PLOP3.LUT,36
triton_matmul_1024x1024x1024,SHF.L.U32,36
triton_matmul_1024x1024x1024,MOV.64,32
triton_matmul_1024x1024x1024,IMAD,28
triton_matmul_1024x1024x1024,IMAD.HI,28
triton_matmul_1024x1024x1024,ISETP.GE.AND,25
triton_matmul_1024x1024x1024,LOP3.LUT,20
triton_matmul_1024x1024x1024,IADD,19
triton_matmul_1024x1024x1024,LEA,17
triton_matmul_1024x1024x1024,UIADD3,17
triton_matmul_1024x1024x1024,LDS,16
triton_matmul_1024x1024x1024,NOP,13
triton_matmul_1024x1024x1024,IMAD.WIDE,12
triton_matmul_1024x1024x1024,IMAD.WIDE.U32,8
triton_matmul_1024x1024x1024,ISETP.LT.AND,8
triton_matmul_1024x1024x1024,ISETP.NE.AND,8
triton_matmul_1024x1024x1024,STG.E.128,8
triton_matmul_1024x1024x1024,STS.128,8
triton_matmul_1024x1024x1024,BAR.SYNC.DEFER_BLOCKING,7
triton_matmul_1024x1024x1024,P2R,7
triton_matmul_1024x1024x1024,IABS,6
triton_matmul_1024x1024x1024,LDGDEPBAR,6
triton_matmul_1024x1024x1024,R2UR,6
triton_matmul_1024x1024x1024,UMOV,6
triton_matmul_1024x1024x1024,USHF.R.S32.HI,6
triton_matmul_1024x1024x1024,SHF.R.S32.HI,5
triton_matmul_1024x1024x1024,USHF.L.U32,5
triton_matmul_1024x1024x1024,LDCU.64,4
triton_matmul_1024x1024x1024,LEA.HI.X,4
triton_matmul_1024x1024x1024,UIMAD,4
triton_matmul_1024x1024x1024,UISETP.GT.AND,4
triton_matmul_1024x1024x1024,IADD3,3
triton_matmul_1024x1024x1024,IMAD.HI.U32,3
triton_matmul_1024x1024x1024,UISETP.GE.AND,3
triton_matmul_1024x1024x1024,ULEA.HI,3
triton_matmul_1024x1024x1024,ULOP3.LUT,3
triton_matmul_1024x1024x1024,BRA.U,2
triton_matmul_1024x1024x1024,DEPBAR.LE,2
triton_matmul_1024x1024x1024,EXIT,2
triton_matmul_1024x1024x1024,LDCU,2
triton_matmul_1024x1024x1024,MUFU.RCP,2
triton_matmul_1024x1024x1024,S2R,2
triton_matmul_1024x1024x1024,S2UR,2
triton_matmul_1024x1024x1024,SGXT.U32,2
triton_matmul_1024x1024x1024,SHF.R.U32.HI,2
triton_matmul_1024x1024x1024,USEL,2
triton_matmul_1024x1024x1024,USHF.L.U64.HI,2
triton_matmul_1024x1024x1024,BRA,1
triton_matmul_1024x1024x1024,F2I.FTZ.U32.TRUNC.NTZ,1
triton_matmul_1024x1024x1024,HFMA2,1
triton_matmul_1024x1024x1024,I2F.RP,1
triton_matmul_1024x1024x1024,ISETP.GE.U32.AND,1
triton_matmul_1024x1024x1024,ISETP.GT.U32.AND,1
triton_matmul_1024x1024x1024,ISETP.LE.AND,1
triton_matmul_1024x1024x1024,LDC,1
triton_matmul_1024x1024x1024,LDCU.128,1
triton_matmul_1024x1024x1024,SHF.L.U64.HI,1
triton_matmul_1024x1024x1024,UF2I.FTZ.U32.TRUNC.NTZ,1
triton_matmul_1024x1024x1024,UI2F.RP,1
triton_matmul_1024x1024x1024,UIMAD.HI.U32,1
triton_matmul_1024x1024x1024,UIMAD.WIDE.U32,1
triton_matmul_1024x1024x1024,UISETP.GE.U32.AND,1
triton_matmul_1024x1024x1024,UISETP.GT.U32.AND,1
triton_matmul_1024x1024x1024,UISETP.NE.AND,1
triton_matmul_1024x1024x1024,UISETP.NE.U32.AND,1
triton_matmul_1024x1024x1024,ULEA,1
triton_matmul_1024x1024x1024,ULEA.HI.SX32,1
triton_matmul_1024x1024x1024,UVIMNMX.S32,1
triton_matmul_1536x1536x1536,FFMA,2048
triton_matmul_1536x1536x1536,LDS.128,176
triton_matmul_1536x1536x1536,MOV,105
triton_matmul_1536x1536x1536,MOV.64,64
triton_matmul_1536x1536x1536,IADD.64,57
triton_matmul_1536x1536x1536,SEL,43
triton_matmul_1536x1536x1536,SHF.L.U32,34
triton_matmul_1536x1536x1536,LOP3.LUT,28
triton_matmul_1536x1536x1536,IMAD.HI,27
triton_matmul_1536x1536x1536,IMAD,25
triton_matmul_1536x1536x1536,LDGSTS.E.BYPASS.128,24
triton_matmul_1536x1536x1536,UIADD3,23
triton_matmul_1536x1536x1536,ISETP.NE.U32.AND,18
triton_matmul_1536x1536x1536,PLOP3.LUT,18
triton_matmul_1536x1536x1536,STG.E.128,16
triton_matmul_1536x1536x1536,STS.128,16
triton_matmul_1536x1536x1536,IADD,15
triton_matmul_1536x1536x1536,ISETP.GE.AND,15
triton_matmul_1536x1536x1536,IMAD.WIDE,12
triton_matmul_1536x1536x1536,LEA,12
triton_matmul_1536x1536x1536,NOP,12
triton_matmul_1536x1536x1536,BAR.SYNC.DEFER_BLOCKING,11
triton_matmul_1536x1536x1536,R2UR,11
triton_matmul_1536x1536x1536,LDS,9
triton_matmul_1536x1536x1536,ISETP.LT.AND,8
triton_matmul_1536x1536x1536,UMOV,7
triton_matmul_1536x1536x1536,IABS,6
triton_matmul_1536x1536x1536,LDGDEPBAR,6
triton_matmul_1536x1536x1536,SHF.R.S32.HI,6
triton_matmul_1536x1536x1536,UIMAD,6
triton_matmul_1536x1536x1536,USHF.L.U32,6
triton_matmul_1536x1536x1536,USHF.R.S32.HI,6
triton_matmul_1536x1536x1536,LEA.HI.X,5
triton_matmul_1536x1536x1536,IMAD.WIDE.U32,4
triton_matmul_1536x1536x1536,LDCU.64,4
triton_matmul_1536x1536x1536,SGXT.U32,4
triton_matmul_1536x1536x1536,SHF.R.U32.HI,4
triton_matmul_1536x1536x1536,UISETP.GE.AND,4
triton_matmul_1536x1536x1536,UISETP.GT.AND,4
triton_matmul_1536x1536x1536,ULEA,4
triton_matmul_1536x1536x1536,ULOP3.LUT,4
triton_matmul_1536x1536x1536,ULEA.HI,3
triton_matmul_1536x1536x1536,BRA.U,2
triton_matmul_1536x1536x1536,DEPBAR.LE,2
triton_matmul_1536x1536x1536,EXIT,2
triton_matmul_1536x1536x1536,LDCU,2
triton_matmul_1536x1536x1536,MUFU.RCP,2
triton_matmul_1536x1536x1536,S2R,2
triton_matmul_1536x1536x1536,S2UR,2
triton_matmul_1536x1536x1536,UF2I.FTZ.U32.TRUNC.NTZ,2
triton_matmul_1536x1536x1536,UI2F.RP,2
triton_matmul_1536x1536x1536,UIMAD.HI.U32,2
triton_matmul_1536x1536x1536,UIMAD.WIDE.U32,2
triton_matmul_1536x1536x1536,UISETP.GE.U32.AND,2
triton_matmul_1536x1536x1536,UISETP.GT.U32.AND,2
triton_matmul_1536x1536x1536,UISETP.NE.AND,2
triton_matmul_1536x1536x1536,USEL,2
triton_matmul_1536x1536x1536,USHF.L.U64.HI,2
triton_matmul_1536x1536x1536,BRA,1
triton_matmul_1536x1536x1536,IADD3,1
triton_matmul_1536x1536x1536,IMAD.HI.U32,1
triton_matmul_1536x1536x1536,LDC,1
triton_matmul_1536x1536x1536,LDCU.128,1
triton_matmul_1536x1536x1536,LEA.HI,1
triton_matmul_1536x1536x1536,SHF.L.U64.HI,1
triton_matmul_1536x1536x1536,UISETP.NE.U32.AND,1
triton_matmul_1536x1536x1536,ULEA.HI.SX32,1
triton_matmul_1536x1536x1536,UVIMNMX.S32,1
triton_matmul_2048x2048x2048,FFMA,2048
triton_matmul_2048x2048x2048,LDS.128,176
triton_matmul_2048x2048x2048,MOV,125
triton_matmul_2048x2048x2048,SEL,88
triton_matmul_2048x2048x2048,IADD.64,69
triton_matmul_2048x2048x2048,MOV.64,64
triton_matmul_2048x2048x2048,LDGSTS.E.BYPASS.128,48
triton_matmul_2048x2048x2048,SHF.L.U32,44
triton_matmul_2048x2048x2048,ISETP.NE.U32.AND,40
triton_matmul_2048x2048x2048,PLOP3.LUT,40
triton_matmul_2048x2048x2048,IMAD,35
triton_matmul_2048x2048x2048,IMAD.HI,35
triton_matmul_2048x2048x2048,LOP3.LUT,32
triton_matmul_2048x2048x2048,ISETP.GE.AND,22
triton_matmul_2048x2048x2048,UIADD3,21
triton_matmul_2048x2048x2048,IADD,20
triton_matmul_2048x2048x2048,LEA,17
triton_matmul_2048x2048x2048,STG.E.128,16
triton_matmul_2048x2048x2048,STS.128,16
triton_matmul_2048x2048x2048,NOP,13
triton_matmul_2048x2048x2048,BAR.SYNC.DEFER_BLOCKING,12
triton_matmul_2048x2048x2048,IMAD.WIDE,12
triton_matmul_2048x2048x2048,LDS,12
triton_matmul_2048x2048x2048,IMAD.WIDE.U32,8
triton_matmul_2048x2048x2048,ISETP.LT.AND,8
triton_matmul_2048x2048x2048,ISETP.NE.AND,8
triton_matmul_2048x2048x2048,LDGDEPBAR,8
triton_matmul_2048x2048x2048,R2UR,8
triton_matmul_2048x2048x2048,UMOV,8
triton_matmul_2048x2048x2048,SHF.R.S32.HI,7
triton_matmul_2048x2048x2048,IABS,6
triton_matmul_2048x2048x2048,USHF.R.S32.HI,6
triton_matmul_2048x2048x2048,LDCU.64,5
triton_matmul_2048x2048x2048,LEA.HI.X,5
triton_matmul_2048x2048x2048,S2R,5
triton_matmul_2048x2048x2048,UIMAD,5
triton_matmul_2048x2048x2048,UISETP.GT.AND,5
triton_matmul_2048x2048x2048,USHF.L.U32,5
triton_matmul_2048x2048x2048,P2R,4
triton_matmul_2048x2048x2048,SGXT.U32,4
triton_matmul_2048x2048x2048,SHF.R.U32.HI,4
triton_matmul_2048x2048x2048,ULOP3.LUT,4
triton_matmul_2048x2048x2048,IMAD.HI.U32,3
triton_matmul_2048x2048x2048,UISETP.GE.AND,3
triton_matmul_2048x2048x2048,ULEA.HI,3
triton_matmul_2048x2048x2048,BRA,2
triton_matmul_2048x2048x2048,BRA.U,2
triton_matmul_2048x2048x2048,DEPBAR.LE,2
triton_matmul_2048x2048x2048,EXIT,2
triton_matmul_2048x2048x2048,LDCU,2
triton_matmul_2048x2048x2048,MUFU.RCP,2
triton_matmul_2048x2048x2048,S2UR,2
triton_matmul_2048x2048x2048,UIMAD.WIDE.U32,2
triton_matmul_2048x2048x2048,UISETP.NE.AND,2
triton_matmul_2048x2048x2048,USEL,2
triton_matmul_2048x2048x2048,F2I.FTZ.U32.TRUNC.NTZ,1
triton_matmul_2048x2048x2048,HFMA2,1
triton_matmul_2048x2048x2048,I2F.RP,1
triton_matmul_2048x2048x2048,IADD3,1
triton_matmul_2048x2048x2048,ISETP.GE.U32.AND,1
triton_matmul_2048x2048x2048,ISETP.GT.U32.AND,1
triton_matmul_2048x2048x2048,LDC,1
triton_matmul_2048x2048x2048,LDCU.128,1
triton_matmul_2048x2048x2048,LEA.HI,1
triton_matmul_2048x2048x2048,SHF.L.U64.HI,1
triton_matmul_2048x2048x2048,UF2I.FTZ.U32.TRUNC.NTZ,1
triton_matmul_2048x2048x2048,UI2F.RP,1
triton_matmul_2048x2048x2048,UIADD3.64,1
triton_matmul_2048x2048x2048,UIMAD.HI.U32,1
triton_matmul_2048x2048x2048,UISETP.GE.U32.AND,1
triton_matmul_2048x2048x2048,UISETP.GT.U32.AND,1
triton_matmul_2048x2048x2048,UISETP.NE.U32.AND,1
triton_matmul_2048x2048x2048,ULEA,1
triton_matmul_2048x2048x2048,ULEA.HI.SX32,1
triton_matmul_2048x2048x2048,USHF.L.U64.HI,1
triton_matmul_2048x2048x2048,UVIMNMX.S32,1
triton_matmul_3000x3000x3000,FFMA,2048
triton_matmul_3000x3000x3000,SEL,261
triton_matmul_3000x3000x3000,IADD.64,168
triton_matmul_3000x3000x3000,IADD,164
triton_matmul_3000x3000x3000,LDS.128,160
triton_matmul_3000x3000x3000,ISETP.NE.U32.AND,120
triton_matmul_3000x3000x3000,LDGSTS.E,120
triton_matmul_3000x3000x3000,MOV,101
triton_matmul_3000x3000x3000,IMAD.WIDE,94
triton_matmul_3000x3000x3000,SHF.L.U32,93
triton_matmul_3000x3000x3000,LOP3.LUT,86
triton_matmul_3000x3000x3000,IMAD.HI,80
triton_matmul_3000x3000x3000,IMAD,74
triton_matmul_3000x3000x3000,ISETP.GE.U32.AND,65
triton_matmul_3000x3000x3000,ISETP.LT.AND,64
triton_matmul_3000x3000x3000,MOV.64,64
triton_matmul_3000x3000x3000,STG.E,64
triton_matmul_3000x3000x3000,BAR.SYNC.DEFER_BLOCKING,35
triton_matmul_3000x3000x3000,ISETP.GT.AND,34
triton_matmul_3000x3000x3000,SHF.R.U64,31
triton_matmul_3000x3000x3000,LEA,20
triton_matmul_3000x3000x3000,LDSM.16.M88.4,16
triton_matmul_3000x3000x3000,SHF.R.U32.HI,16
triton_matmul_3000x3000x3000,STS.128,16
triton_matmul_3000x3000x3000,UIADD3,14
triton_matmul_3000x3000x3000,IADD3,13
triton_matmul_3000x3000x3000,ISETP.GE.AND,13
triton_matmul_3000x3000x3000,ISETP.NE.AND,11
triton_matmul_3000x3000x3000,LDS,9
triton_matmul_3000x3000x3000,R2UR,9
triton_matmul_3000x3000x3000,IMAD.WIDE.U32,8
triton_matmul_3000x3000x3000,NOP,8
triton_matmul_3000x3000x3000,UMOV,8
triton_matmul_3000x3000x3000,P2R,7
triton_matmul_3000x3000x3000,IABS,6
triton_matmul_3000x3000x3000,LDGDEPBAR,6
triton_matmul_3000x3000x3000,USHF.R.S32.HI,6
triton_matmul_3000x3000x3000,LDCU.64,4
triton_matmul_3000x3000x3000,UIMAD,4
triton_matmul_3000x3000x3000,BRA,3
triton_matmul_3000x3000x3000,LDC,3
triton_matmul_3000x3000x3000,LEA.HI.X,3
triton_matmul_3000x3000x3000,SHF.R.S32.HI,3
triton_matmul_3000x3000x3000,ULEA.HI,3
triton_matmul_3000x3000x3000,ULOP3.LUT,3
triton_matmul_3000x3000x3000,USHF.L.U32,3
triton_matmul_3000x3000x3000,DEPBAR.LE,2
triton_matmul_3000x3000x3000,EXIT,2
triton_matmul_3000x3000x3000,IMAD.HI.U32,2
triton_matmul_3000x3000x3000,ISETP.LE.AND,2
triton_matmul_3000x3000x3000,MUFU.RCP,2
triton_matmul_3000x3000x3000,S2R,2
triton_matmul_3000x3000x3000,S2UR,2
triton_matmul_3000x3000x3000,UISETP.GT.AND,2
triton_matmul_3000x3000x3000,ULEA,2
triton_matmul_3000x3000x3000,USEL,2
triton_matmul_3000x3000x3000,BRA.U,1
triton_matmul_3000x3000x3000,F2I.FTZ.U32.TRUNC.NTZ,1
triton_matmul_3000x3000x3000,HFMA2,1
triton_matmul_3000x3000x3000,I2F.RP,1
triton_matmul_3000x3000x3000,ISETP.GT.U32.AND,1
triton_matmul_3000x3000x3000,LDC.64,1
triton_matmul_3000x3000x3000,LDCU.128,1
triton_matmul_3000x3000x3000,LEA.HI,1
triton_matmul_3000x3000x3000,PRMT,1
triton_matmul_3000x3000x3000,SGXT.U32,1
triton_matmul_3000x3000x3000,SHF.L.U64.HI,1
triton_matmul_3000x3000x3000,UF2I.FTZ.U32.TRUNC.NTZ,1
triton_matmul_3000x3000x3000,UI2F.RP,1
triton_matmul_3000x3000x3000,UIMAD.HI.U32,1
triton_matmul_3000x3000x3000,UIMAD.WIDE.U32,1
triton_matmul_3000x3000x3000,UISETP.GE.AND,1
triton_matmul_3000x3000x3000,UISETP.GE.U32.AND,1
triton_matmul_3000x3000x3000,UISETP.GT.U32.AND,1
triton_matmul_3000x3000x3000,UISETP.NE.AND,1
triton_matmul_3000x3000x3000,UISETP.NE.U32.AND,1
triton_matmul_3000x3000x3000,ULEA.HI.SX32,1
triton_matmul_3000x3000x3000,USHF.L.U64.HI,1
triton_matmul_3000x3000x3000,UVIMNMX.S32,1
triton_matmul_4096x4096x4096,FFMA,2048
triton_matmul_4096x4096x4096,LDS.128,176
triton_matmul_4096x4096x4096,MOV,105
triton_matmul_4096x4096x4096,MOV.64,64
triton_matmul_4096x4096x4096,IADD.64,57
triton_matmul_4096x4096x4096,SEL,43
triton_matmul_4096x4096x4096,SHF.L.U32,34
triton_matmul_4096x4096x4096,LOP3.LUT,28
triton_matmul_4096x4096x4096,IMAD.HI,27
triton_matmul_4096x4096x4096,IMAD,25
triton_matmul_4096x4096x4096,LDGSTS.E.BYPASS.128,24
triton_matmul_4096x4096x4096,UIADD3,23
triton_matmul_4096x4096x4096,ISETP.NE.U32.AND,18
triton_matmul_4096x4096x4096,PLOP3.LUT,18
triton_matmul_4096x4096x4096,STG.E.128,16
triton_matmul_4096x4096x4096,STS.128,16
triton_matmul_4096x4096x4096,IADD,15
triton_matmul_4096x4096x4096,ISETP.GE.AND,15
triton_matmul_4096x4096x4096,IMAD.WIDE,12
triton_matmul_4096x4096x4096,LEA,12
triton_matmul_4096x4096x4096,NOP,12
triton_matmul_4096x4096x4096,BAR.SYNC.DEFER_BLOCKING,11
triton_matmul_4096x4096x4096,R2UR,11
triton_matmul_4096x4096x4096,LDS,9
triton_matmul_4096x4096x4096,ISETP.LT.AND,8
triton_matmul_4096x4096x4096,UMOV,7
triton_matmul_4096x4096x4096,IABS,6
triton_matmul_4096x4096x4096,LDGDEPBAR,6
triton_matmul_4096x4096x4096,SHF.R.S32.HI,6
triton_matmul_4096x4096x4096,UIMAD,6
triton_matmul_4096x4096x4096,USHF.L.U32,6
triton_matmul_4096x4096x4096,USHF.R.S32.HI,6
triton_matmul_4096x4096x4096,LEA.HI.X,5
triton_matmul_4096x4096x4096,IMAD.WIDE.U32,4
triton_matmul_4096x4096x4096,LDCU.64,4
triton_matmul_4096x4096x4096,SGXT.U32,4
triton_matmul_4096x4096x4096,SHF.R.U32.HI,4
triton_matmul_4096x4096x4096,UISETP.GE.AND,4
triton_matmul_4096x4096x4096,UISETP.GT.AND,4
triton_matmul_4096x4096x4096,ULEA,4
triton_matmul_4096x4096x4096,ULOP3.LUT,4
triton_matmul_4096x4096x4096,ULEA.HI,3
triton_matmul_4096x4096x4096,BRA.U,2
triton_matmul_4096x4096x4096,DEPBAR.LE,2
triton_matmul_4096x4096x4096,EXIT,2
triton_matmul_4096x4096x4096,LDCU,2
triton_matmul_4096x4096x4096,MUFU.RCP,2
triton_matmul_4096x4096x4096,S2R,2
triton_matmul_4096x4096x4096,S2UR,2
triton_matmul_4096x4096x4096,UF2I.FTZ.U32.TRUNC.NTZ,2
triton_matmul_4096x4096x4096,UI2F.RP,2
triton_matmul_4096x4096x4096,UIMAD.HI.U32,2
triton_matmul_4096x4096x4096,UIMAD.WIDE.U32,2
triton_matmul_4096x4096x4096,UISETP.GE.U32.AND,2
triton_matmul_4096x4096x4096,UISETP.GT.U32.AND,2
triton_matmul_4096x4096x4096,UISETP.NE.AND,2
triton_matmul_4096x4096x4096,USEL,2
triton_matmul_4096x4096x4096,USHF.L.U64.HI,2
triton_matmul_4096x4096x4096,BRA,1
triton_matmul_4096x4096x4096,IADD3,1
triton_matmul_4096x4096x4096,IMAD.HI.U32,1
triton_matmul_4096x4096x4096,LDC,1
triton_matmul_4096x4096x4096,LDCU.128,1
triton_matmul_4096x4096x4096,LEA.HI,1
triton_matmul_4096x4096x4096,SHF.L.U64.HI,1
triton_matmul_4096x4096x4096,UISETP.NE.U32.AND,1
triton_matmul_4096x4096x4096,ULEA.HI.SX32,1
triton_matmul_4096x4096x4096,UVIMNMX.S32,1
triton_matmul_4097x4097x4097,FFMA,2048
triton_matmul_4097x4097x4097,IADD.64,256
triton_matmul_4097x4097x4097,SEL,213
triton_matmul_4097x4097x4097,LDS.128,160
triton_matmul_4097x4097x4097,LOP3.LUT,159
triton_matmul_4097x4097x4097,SHF.L.U32,119
triton_matmul_4097x4097x4097,IMAD.HI,112
triton_matmul_4097x4097x4097,IMAD,110
triton_matmul_4097x4097x4097,MOV,99
triton_matmul_4097x4097x4097,ISETP.NE.U32.AND,96
triton_matmul_4097x4097x4097,LDGSTS.E,96
triton_matmul_4097x4097x4097,ISETP.GE.AND,69
triton_matmul_4097x4097x4097,ISETP.LT.AND,64
triton_matmul_4097x4097x4097,MOV.64,64
triton_matmul_4097x4097x4097,STG.E,64
triton_matmul_4097x4097x4097,IMAD.WIDE,48
triton_matmul_4097x4097x4097,IADD,35
triton_matmul_4097x4097x4097,PLOP3.LUT,32
triton_matmul_4097x4097x4097,LEA,25
triton_matmul_4097x4097x4097,BAR.SYNC.DEFER_BLOCKING,19
triton_matmul_4097x4097x4097,SHF.R.S32.HI,17
triton_matmul_4097x4097x4097,UIADD3,17
triton_matmul_4097x4097x4097,IMAD.WIDE.U32,16
triton_matmul_4097x4097x4097,LDSM.16.M88.4,16
triton_matmul_4097x4097x4097,LEA.HI.X,16
triton_matmul_4097x4097x4097,STS.128,16
triton_matmul_4097x4097x4097,LDS,9
triton_matmul_4097x4097x4097,NOP,9
triton_matmul_4097x4097x4097,R2UR,9
triton_matmul_4097x4097x4097,IABS,6
triton_matmul_4097x4097x4097,LDGDEPBAR,6
triton_matmul_4097x4097x4097,LDL,6
triton_matmul_4097x4097x4097,STL,6
triton_matmul_4097x4097x4097,UMOV,6
triton_matmul_4097x4097x4097,USHF.R.S32.HI,6
triton_matmul_4097x4097x4097,USHF.L.U32,5
triton_matmul_4097x4097x4097,UIMAD,4
triton_matmul_4097x4097x4097,ULEA,4
triton_matmul_4097x4097x4097,LDCU.64,3
triton_matmul_4097x4097x4097,S2R,3
triton_matmul_4097x4097x4097,UISETP.GE.AND,3
triton_matmul_4097x4097x4097,ULEA.HI,3
triton_matmul_4097x4097x4097,ULOP3.LUT,3
triton_matmul_4097x4097x4097,BRA.U,2
triton_matmul_4097x4097x4097,DEPBAR.LE,2
triton_matmul_4097x4097x4097,EXIT,2
triton_matmul_4097x4097x4097,IMAD.HI.U32,2
triton_matmul_4097x4097x4097,ISETP.GT.AND,2
triton_matmul_4097x4097x4097,ISETP.NE.AND,2
triton_matmul_4097x4097x4097,LDCU,2
triton_matmul_4097x4097x4097,MUFU.RCP,2
triton_matmul_4097x4097x4097,S2UR,2
triton_matmul_4097x4097x4097,SGXT.U32,2
triton_matmul_4097x4097x4097,SHF.R.U32.HI,2
triton_matmul_4097x4097x4097,UISETP.GT.AND,2
triton_matmul_4097x4097x4097,USEL,2
triton_matmul_4097x4097x4097,USHF.L.U64.HI,2
triton_matmul_4097x4097x4097,BRA,1
triton_matmul_4097x4097x4097,F2I.FTZ.U32.TRUNC.NTZ,1
triton_matmul_4097x4097x4097,HFMA2,1
triton_matmul_4097x4097x4097,I2F.RP,1
triton_matmul_4097x4097x4097,IADD3,1
triton_matmul_4097x4097x4097,ISETP.GE.U32.AND,1
triton_matmul_4097x4097x4097,ISETP.GT.U32.AND,1
triton_matmul_4097x4097x4097,ISETP.LE.AND,1
triton_matmul_4097x4097x4097,LDC,1
triton_matmul_4097x4097x4097,LDC.64,1
triton_matmul_4097x4097x4097,LDCU.128,1
triton_matmul_4097x4097x4097,P2R,1
triton_matmul_4097x4097x4097,SHF.L.U64.HI,1
triton_matmul_4097x4097x4097,UF2I.FTZ.U32.TRUNC.NTZ,1
triton_matmul_4097x4097x4097,UI2F.RP,1
triton_matmul_4097x4097x4097,UIMAD.HI.U32,1
triton_matmul_4097x4097x4097,UIMAD.WIDE.U32,1
triton_matmul_4097x4097x4097,UISETP.GE.U32.AND,1
triton_matmul_4097x4097x4097,UISETP.GT.U32.AND,1
triton_matmul_4097x4097x4097,UISETP.NE.AND,1
triton_matmul_4097x4097x4097,UISETP.NE.U32.AND,1
triton_matmul_4097x4097x4097,ULEA.HI.SX32,1
triton_matmul_4097x4097x4097,UVIMNMX.S32,1
triton_matmul_6144x6144x6144,FFMA,2048
triton_matmul_6144x6144x6144,LDS.128,176
triton_matmul_6144x6144x6144,MOV,105
triton_matmul_6144x6144x6144,MOV.64,64
triton_matmul_6144x6144x6144,IADD.64,57
triton_matmul_6144x6144x6144,SEL,43
triton_matmul_6144x6144x6144,SHF.L.U32,34
triton_matmul_6144x6144x6144,LOP3.LUT,28
triton_matmul_6144x6144x6144,IMAD.HI,27
triton_matmul_6144x6144x6144,IMAD,25
triton_matmul_6144x6144x6144,LDGSTS.E.BYPASS.128,24
triton_matmul_6144x6144x6144,UIADD3,23
triton_matmul_6144x6144x6144,ISETP.NE.U32.AND,18
triton_matmul_6144x6144x6144,PLOP3.LUT,18
triton_matmul_6144x6144x6144,STG.E.128,16
triton_matmul_6144x6144x6144,STS.128,16
triton_matmul_6144x6144x6144,IADD,15
triton_matmul_6144x6144x6144,ISETP.GE.AND,15
triton_matmul_6144x6144x6144,IMAD.WIDE,12
triton_matmul_6144x6144x6144,LEA,12
triton_matmul_6144x6144x6144,NOP,12
triton_matmul_6144x6144x6144,BAR.SYNC.DEFER_BLOCKING,11
triton_matmul_6144x6144x6144,R2UR,11
triton_matmul_6144x6144x6144,LDS,9
triton_matmul_6144x6144x6144,ISETP.LT.AND,8
triton_matmul_6144x6144x6144,UMOV,7
triton_matmul_6144x6144x6144,IABS,6
triton_matmul_6144x6144x6144,LDGDEPBAR,6
triton_matmul_6144x6144x6144,SHF.R.S32.HI,6
triton_matmul_6144x6144x6144,UIMAD,6
triton_matmul_6144x6144x6144,USHF.L.U32,6
triton_matmul_6144x6144x6144,USHF.R.S32.HI,6
triton_matmul_6144x6144x6144,LEA.HI.X,5
triton_matmul_6144x6144x6144,IMAD.WIDE.U32,4
triton_matmul_6144x6144x6144,LDCU.64,4
triton_matmul_6144x6144x6144,SGXT.U32,4
triton_matmul_6144x6144x6144,SHF.R.U32.HI,4
triton_matmul_6144x6144x6144,UISETP.GE.AND,4
triton_matmul_6144x6144x6144,UISETP.GT.AND,4
triton_matmul_6144x6144x6144,ULEA,4
triton_matmul_6144x6144x6144,ULOP3.LUT,4
triton_matmul_6144x6144x6144,ULEA.HI,3
triton_matmul_6144x6144x6144,BRA.U,2
triton_matmul_6144x6144x6144,DEPBAR.LE,2
triton_matmul_6144x6144x6144,EXIT,2
triton_matmul_6144x6144x6144,LDCU,2
triton_matmul_6144x6144x6144,MUFU.RCP,2
triton_matmul_6144x6144x6144,S2R,2
triton_matmul_6144x6144x6144,S2UR,2
triton_matmul_6144x6144x6144,UF2I.FTZ.U32.TRUNC.NTZ,2
triton_matmul_6144x6144x6144,UI2F.RP,2
triton_matmul_6144x6144x6144,UIMAD.HI.U32,2
triton_matmul_6144x6144x6144,UIMAD.WIDE.U32,2
triton_matmul_6144x6144x6144,UISETP.GE.U32.AND,2
triton_matmul_6144x6144x6144,UISETP.GT.U32.AND,2
triton_matmul_6144x6144x6144,UISETP.NE.AND,2
triton_matmul_6144x6144x6144,USEL,2
triton_matmul_6144x6144x6144,USHF.L.U64.HI,2
triton_matmul_6144x6144x6144,BRA,1
triton_matmul_6144x6144x6144,IADD3,1
triton_matmul_6144x6144x6144,IMAD.HI.U32,1
triton_matmul_6144x6144x6144,LDC,1
triton_matmul_6144x6144x6144,LDCU.128,1
triton_matmul_6144x6144x6144,LEA.HI,1
triton_matmul_6144x6144x6144,SHF.L.U64.HI,1
triton_matmul_6144x6144x6144,UISETP.NE.U32.AND,1
triton_matmul_6144x6144x6144,ULEA.HI.SX32,1
triton_matmul_6144x6144x6144,UVIMNMX.S32,1
triton_matmul_8192x8192x8192,FFMA,2048
triton_matmul_8192x8192x8192,LDS.128,176
triton_matmul_8192x8192x8192,MOV,105
triton_matmul_8192x8192x8192,MOV.64,64
triton_matmul_8192x8192x8192,IADD.64,57
triton_matmul_8192x8192x8192,SEL,43
triton_matmul_8192x8192x8192,SHF.L.U32,34
triton_matmul_8192x8192x8192,LOP3.LUT,28
triton_matmul_8192x8192x8192,IMAD.HI,27
triton_matmul_8192x8192x8192,IMAD,25
triton_matmul_8192x8192x8192,LDGSTS.E.BYPASS.128,24
triton_matmul_8192x8192x8192,UIADD3,23
triton_matmul_8192x8192x8192,ISETP.NE.U32.AND,18
triton_matmul_8192x8192x8192,PLOP3.LUT,18
triton_matmul_8192x8192x8192,STG.E.128,16
triton_matmul_8192x8192x8192,STS.128,16
triton_matmul_8192x8192x8192,IADD,15
triton_matmul_8192x8192x8192,ISETP.GE.AND,15
triton_matmul_8192x8192x8192,IMAD.WIDE,12
triton_matmul_8192x8192x8192,LEA,12
triton_matmul_8192x8192x8192,NOP,12
triton_matmul_8192x8192x8192,BAR.SYNC.DEFER_BLOCKING,11
triton_matmul_8192x8192x8192,R2UR,11
triton_matmul_8192x8192x8192,LDS,9
triton_matmul_8192x8192x8192,ISETP.LT.AND,8
triton_matmul_8192x8192x8192,UMOV,7
triton_matmul_8192x8192x8192,IABS,6
triton_matmul_8192x8192x8192,LDGDEPBAR,6
triton_matmul_8192x8192x8192,SHF.R.S32.HI,6
triton_matmul_8192x8192x8192,UIMAD,6
triton_matmul_8192x8192x8192,USHF.L.U32,6
triton_matmul_8192x8192x8192,USHF.R.S32.HI,6
triton_matmul_8192x8192x8192,LEA.HI.X,5
triton_matmul_8192x8192x8192,IMAD.WIDE.U32,4
triton_matmul_8192x8192x8192,LDCU.64,4
triton_matmul_8192x8192x8192,SGXT.U32,4
triton_matmul_8192x8192x8192,SHF.R.U32.HI,4
triton_matmul_8192x8192x8192,UISETP.GE.AND,4
triton_matmul_8192x8192x8192,UISETP.GT.AND,4
triton_matmul_8192x8192x8192,ULEA,4
triton_matmul_8192x8192x8192,ULOP3.LUT,4
triton_matmul_8192x8192x8192,ULEA.HI,3
triton_matmul_8192x8192x8192,BRA.U,2
triton_matmul_8192x8192x8192,DEPBAR.LE,2
triton_matmul_8192x8192x8192,EXIT,2
triton_matmul_8192x8192x8192,LDCU,2
triton_matmul_8192x8192x8192,MUFU.RCP,2
triton_matmul_8192x8192x8192,S2R,2
triton_matmul_8192x8192x8192,S2UR,2
triton_matmul_8192x8192x8192,UF2I.FTZ.U32.TRUNC.NTZ,2
triton_matmul_8192x8192x8192,UI2F.RP,2
triton_matmul_8192x8192x8192,UIMAD.HI.U32,2
triton_matmul_8192x8192x8192,UIMAD.WIDE.U32,2
triton_matmul_8192x8192x8192,UISETP.GE.U32.AND,2
triton_matmul_8192x8192x8192,UISETP.GT.U32.AND,2
triton_matmul_8192x8192x8192,UISETP.NE.AND,2
triton_matmul_8192x8192x8192,USEL,2
triton_matmul_8192x8192x8192,USHF.L.U64.HI,2
triton_matmul_8192x8192x8192,BRA,1
triton_matmul_8192x8192x8192,IADD3,1
triton_matmul_8192x8192x8192,IMAD.HI.U32,1
triton_matmul_8192x8192x8192,LDC,1
triton_matmul_8192x8192x8192,LDCU.128,1
triton_matmul_8192x8192x8192,LEA.HI,1
triton_matmul_8192x8192x8192,SHF.L.U64.HI,1
triton_matmul_8192x8192x8192,UISETP.NE.U32.AND,1
triton_matmul_8192x8192x8192,ULEA.HI.SX32,1
triton_matmul_8192x8192x8192,UVIMNMX.S32,1
triton_matmul_777x1111x333,FFMA,1024
triton_matmul_777x1111x333,SEL,278
triton_matmul_777x1111x333,IADD.64,190
triton_matmul_777x1111x333,ISETP.NE.U32.AND,128
triton_matmul_777x1111x333,LDGSTS.E,128
triton_matmul_777x1111x333,LOP3.LUT,125
triton_matmul_777x1111x333,SHF.L.U32,105
triton_matmul_777x1111x333,LDS.128,96
triton_matmul_777x1111x333,PLOP3.LUT,96
triton_matmul_777x1111x333,ISETP.GE.AND,86
triton_matmul_777x1111x333,IMAD.HI,78
triton_matmul_777x1111x333,IMAD,76
triton_matmul_777x1111x333,IMAD.WIDE,48
triton_matmul_777x1111x333,IADD,37
triton_matmul_777x1111x333,ISETP.LT.AND,32
triton_matmul_777x1111x333,MOV,32
triton_matmul_777x1111x333,MOV.64,32
triton_matmul_777x1111x333,STG.E,32
triton_matmul_777x1111x333,SHF.R.S32.HI,20
triton_matmul_777x1111x333,UIADD3,18
triton_matmul_777x1111x333,SHF.L.U64.HI,17
triton_matmul_777x1111x333,IMAD.WIDE.U32,16
triton_matmul_777x1111x333,BAR.SYNC.DEFER_BLOCKING,12
triton_matmul_777x1111x333,LDS,12
triton_matmul_777x1111x333,ISETP.NE.AND,11
triton_matmul_777x1111x333,NOP,11
triton_matmul_777x1111x333,P2R,10
triton_matmul_777x1111x333,LEA,9
triton_matmul_777x1111x333,LDGDEPBAR,8
triton_matmul_777x1111x333,LDSM.16.M88.4,8
triton_matmul_777x1111x333,R2UR,8
triton_matmul_777x1111x333,STS.128,8
triton_matmul_777x1111x333,UMOV,7
triton_matmul_777x1111x333,IABS,6
triton_matmul_777x1111x333,USHF.R.S32.HI,6
triton_matmul_777x1111x333,UIMAD,5
triton_matmul_777x1111x333,LDCU.64,4
triton_matmul_777x1111x333,S2R,4
triton_matmul_777x1111x333,UISETP.GT.AND,4
triton_matmul_777x1111x333,USHF.L.U32,4
triton_matmul_777x1111x333,STL,3
triton_matmul_777x1111x333,ULEA.HI,3
triton_matmul_777x1111x333,ULOP3.LUT,3
triton_matmul_777x1111x333,BRA,2
triton_matmul_777x1111x333,BRA.U,2
triton_matmul_777x1111x333,DEPBAR.LE,2
triton_matmul_777x1111x333,EXIT,2
triton_matmul_777x1111x333,IADD3,2
triton_matmul_777x1111x333,IMAD.HI.U32,2
triton_matmul_777x1111x333,LDCU,2
triton_matmul_777x1111x333,LEA.HI.X,2
triton_matmul_777x1111x333,MUFU.RCP,2
triton_matmul_777x1111x333,S2UR,2
triton_matmul_777x1111x333,SGXT.U32,2
triton_matmul_777x1111x333,SHF.R.U32.HI,2
triton_matmul_777x1111x333,UIMAD.WIDE.U32,2
triton_matmul_777x1111x333,UISETP.GE.AND,2
triton_matmul_777x1111x333,ULEA,2
triton_matmul_777x1111x333,USEL,2
triton_matmul_777x1111x333,F2I.FTZ.U32.TRUNC.NTZ,1
triton_matmul_777x1111x333,HFMA2,1
triton_matmul_777x1111x333,I2F.RP,1
triton_matmul_777x1111x333,ISETP.GE.U32.AND,1
triton_matmul_777x1111x333,ISETP.GT.AND,1
triton_matmul_777x1111x333,ISETP.GT.U32.AND,1
triton_matmul_777x1111x333,ISETP.LE.AND,1
triton_matmul_777x1111x333,LDC,1
triton_matmul_777x1111x333,LDC.64,1
triton_matmul_777x1111x333,LDCU.128,1
triton_matmul_777x1111x333,LDL,1
triton_matmul_777x1111x333,LDL.LU,1
triton_matmul_777x1111x333,LEA.HI,1
triton_matmul_777x1111x333,UF2I.FTZ.U32.TRUNC.NTZ,1
triton_matmul_777x1111x333,UI2F.RP,1
triton_matmul_777x1111x333,UIADD3.64,1
triton_matmul_777x1111x333,UIMAD.HI.U32,1
triton_matmul_777x1111x333,UISETP.GE.U32.AND,1
triton_matmul_777x1111x333,UISETP.GT.U32.AND,1
triton_matmul_777x1111x333,UISETP.NE.AND,1
triton_matmul_777x1111x333,UISETP.NE.U32.AND,1
triton_matmul_777x1111x333,ULEA.HI.SX32,1
triton_matmul_777x1111x333,USHF.L.U64.HI,1
triton_matmul_777x1111x333,UVIMNMX.S32,1
triton_matmul_1000x3000x2000,FFMA,2048
triton_matmul_1000x3000x2000,LDS.128,192
triton_matmul_1000x3000x2000,IADD.64,138
triton_matmul_1000x3000x2000,SEL,81
triton_matmul_1000x3000x2000,SHF.L.U32,73
triton_matmul_1000x3000x2000,IMAD.HI,64
triton_matmul_1000x3000x2000,IMAD,62
triton_matmul_1000x3000x2000,LOP3.LUT,58
triton_matmul_1000x3000x2000,IMAD.WIDE,48
triton_matmul_1000x3000x2000,LDGSTS.E,48
triton_matmul_1000x3000x2000,MOV,42
triton_matmul_1000x3000x2000,ISETP.NE.U32.AND,36
triton_matmul_1000x3000x2000,ISETP.LT.AND,32
triton_matmul_1000x3000x2000,MOV.64,32
triton_matmul_1000x3000x2000,STG.E,32
triton_matmul_1000x3000x2000,LEA,30
triton_matmul_1000x3000x2000,ISETP.GE.AND,25
triton_matmul_1000x3000x2000,LDGSTS.E.BYPASS.128,24
triton_matmul_1000x3000x2000,IADD,20
triton_matmul_1000x3000x2000,SHF.R.S32.HI,17
triton_matmul_1000x3000x2000,UIADD3,17
triton_matmul_1000x3000x2000,LDS,16
triton_matmul_1000x3000x2000,LEA.HI.X,16
triton_matmul_1000x3000x2000,NOP,12
triton_matmul_1000x3000x2000,PLOP3.LUT,12
triton_matmul_1000x3000x2000,ISETP.NE.AND,11
triton_matmul_1000x3000x2000,IMAD.WIDE.U32,8
triton_matmul_1000x3000x2000,LDSM.16.M88.4,8
triton_matmul_1000x3000x2000,P2R,8
triton_matmul_1000x3000x2000,R2UR,8
triton_matmul_1000x3000x2000,STS.128,8
triton_matmul_1000x3000x2000,BAR.SYNC.DEFER_BLOCKING,7
triton_matmul_1000x3000x2000,IABS,6
triton_matmul_1000x3000x2000,LDGDEPBAR,6
triton_matmul_1000x3000x2000,UMOV,6
triton_matmul_1000x3000x2000,USHF.R.S32.HI,6
triton_matmul_1000x3000x2000,USHF.L.U32,5
triton_matmul_1000x3000x2000,SGXT.U32,4
triton_matmul_1000x3000x2000,SHF.R.U32.HI,4
triton_matmul_1000x3000x2000,UIMAD,4
triton_matmul_1000x3000x2000,IMAD.HI.U32,3
triton_matmul_1000x3000x2000,LDCU.64,3
triton_matmul_1000x3000x2000,S2R,3
triton_matmul_1000x3000x2000,UISETP.GE.AND,3
triton_matmul_1000x3000x2000,ULEA.HI,3
triton_matmul_1000x3000x2000,ULOP3.LUT,3
triton_matmul_1000x3000x2000,BRA.U,2
triton_matmul_1000x3000x2000,DEPBAR.LE,2
triton_matmul_1000x3000x2000,EXIT,2
triton_matmul_1000x3000x2000,IADD3,2
triton_matmul_1000x3000x2000,ISETP.GT.AND,2
triton_matmul_1000x3000x2000,LDCU,2
triton_matmul_1000x3000x2000,MUFU.RCP,2
triton_matmul_1000x3000x2000,S2UR,2
triton_matmul_1000x3000x2000,UISETP.GT.AND,2
triton_matmul_1000x3000x2000,USEL,2
triton_matmul_1000x3000x2000,USHF.L.U64.HI,2
triton_matmul_1000x3000x2000,BRA,1
triton_matmul_1000x3000x2000,F2I.FTZ.U32.TRUNC.NTZ,1
triton_matmul_1000x3000x2000,HFMA2,1
triton_matmul_1000x3000x2000,I2F.RP,1
triton_matmul_1000x3000x2000,ISETP.GE.U32.AND,1
triton_matmul_1000x3000x2000,ISETP.GT.U32.AND,1
triton_matmul_1000x3000x2000,ISETP.LE.AND,1
triton_matmul_1000x3000x2000,LDC,1
triton_matmul_1000x3000x2000,LDC.64,1
triton_matmul_1000x3000x2000,LDCU.128,1
triton_matmul_1000x3000x2000,SHF.L.U64.HI,1
triton_matmul_1000x3000x2000,UF2I.FTZ.U32.TRUNC.NTZ,1
triton_matmul_1000x3000x2000,UI2F.RP,1
triton_matmul_1000x3000x2000,UIMAD.HI.U32,1
triton_matmul_1000x3000x2000,UIMAD.WIDE.U32,1
triton_matmul_1000x3000x2000,UISETP.GE.U32.AND,1
triton_matmul_1000x3000x2000,UISETP.GT.U32.AND,1
triton_matmul_1000x3000x2000,UISETP.NE.AND,1
triton_matmul_1000x3000x2000,UISETP.NE.U32.AND,1
triton_matmul_1000x3000x2000,ULEA,1
triton_matmul_1000x3000x2000,ULEA.HI.SX32,1
triton_matmul_1000x3000x2000,UVIMNMX.S32,1
triton_matmul_4096x4096x1000,FFMA,2048
triton_matmul_4096x4096x1000,LDS.128,176
triton_matmul_4096x4096x1000,IADD.64,124
triton_matmul_4096x4096x1000,SEL,82
triton_matmul_4096x4096x1000,MOV,75
triton_matmul_4096x4096x1000,MOV.64,64
triton_matmul_4096x4096x1000,SHF.L.U32,58
triton_matmul_4096x4096x1000,LOP3.LUT,56
triton_matmul_4096x4096x1000,IMAD,52
triton_matmul_4096x4096x1000,IMAD.HI,52
triton_matmul_4096x4096x1000,LDGSTS.E,48
triton_matmul_4096x4096x1000,ISETP.NE.U32.AND,36
triton_matmul_4096x4096x1000,PLOP3.LUT,36
triton_matmul_4096x4096x1000,IADD,29
triton_matmul_4096x4096x1000,ISETP.GE.AND,25
triton_matmul_4096x4096x1000,UIADD3,17
triton_matmul_4096x4096x1000,IMAD.WIDE.U32,16
triton_matmul_4096x4096x1000,STG.E.128,16
triton_matmul_4096x4096x1000,STS.128,16
triton_matmul_4096x4096x1000,LEA,14
triton_matmul_4096x4096x1000,IMAD.WIDE,12
triton_matmul_4096x4096x1000,LDGSTS.E.BYPASS.128,12
triton_matmul_4096x4096x1000,BAR.SYNC.DEFER_BLOCKING,11
triton_matmul_4096x4096x1000,NOP,10
triton_matmul_4096x4096x1000,LDS,9
triton_matmul_4096x4096x1000,ISETP.LT.AND,8
triton_matmul_4096x4096x1000,R2UR,7
triton_matmul_4096x4096x1000,IABS,6
triton_matmul_4096x4096x1000,LDGDEPBAR,6
triton_matmul_4096x4096x1000,UMOV,6
triton_matmul_4096x4096x1000,USHF.R.S32.HI,6
triton_matmul_4096x4096x1000,SHF.R.S32.HI,5
triton_matmul_4096x4096x1000,USHF.L.U32,5
triton_matmul_4096x4096x1000,LDCU.64,4
triton_matmul_4096x4096x1000,LEA.HI.X,4
triton_matmul_4096x4096x1000,UIMAD,4
triton_matmul_4096x4096x1000,UISETP.GT.AND,4
triton_matmul_4096x4096x1000,ULEA,4
triton_matmul_4096x4096x1000,LDL.LU,3
triton_matmul_4096x4096x1000,STL,3
triton_matmul_4096x4096x1000,UISETP.GE.AND,3
triton_matmul_4096x4096x1000,ULEA.HI,3
triton_matmul_4096x4096x1000,ULOP3.LUT,3
triton_matmul_4096x4096x1000,BRA.U,2
triton_matmul_4096x4096x1000,DEPBAR.LE,2
triton_matmul_4096x4096x1000,EXIT,2
triton_matmul_4096x4096x1000,IMAD.HI.U32,2
triton_matmul_4096x4096x1000,LDCU,2
triton_matmul_4096x4096x1000,MUFU.RCP,2
triton_matmul_4096x4096x1000,S2R,2
triton_matmul_4096x4096x1000,S2UR,2
triton_matmul_4096x4096x1000,SGXT.U32,2
triton_matmul_4096x4096x1000,SHF.R.U32.HI,2
triton_matmul_4096x4096x1000,USEL,2
triton_matmul_4096x4096x1000,USHF.L.U64.HI,2
triton_matmul_4096x4096x1000,BRA,1
triton_matmul_4096x4096x1000,F2I.FTZ.U32.TRUNC.NTZ,1
triton_matmul_4096x4096x1000,HFMA2,1
triton_matmul_4096x4096x1000,I2F.RP,1
triton_matmul_4096x4096x1000,IADD3,1
triton_matmul_4096x4096x1000,ISETP.GE.U32.AND,1
triton_matmul_4096x4096x1000,ISETP.GT.U32.AND,1
triton_matmul_4096x4096x1000,ISETP.LE.AND,1
triton_matmul_4096x4096x1000,ISETP.NE.AND,1
triton_matmul_4096x4096x1000,LDC,1
triton_matmul_4096x4096x1000,LDCU.128,1
triton_matmul_4096x4096x1000,SHF.L.U64.HI,1
triton_matmul_4096x4096x1000,UF2I.FTZ.U32.TRUNC.NTZ,1
triton_matmul_4096x4096x1000,UI2F.RP,1
triton_matmul_4096x4096x1000,UIMAD.HI.U32,1
triton_matmul_4096x4096x1000,UIMAD.WIDE.U32,1
triton_matmul_4096x4096x1000,UISETP.GE.U32.AND,1
triton_matmul_4096x4096x1000,UISETP.GT.U32.AND,1
triton_matmul_4096x4096x1000,UISETP.NE.AND,1
triton_matmul_4096x4096x1000,UISETP.NE.U32.AND,1
triton_matmul_4096x4096x1000,ULEA.HI.SX32,1
triton_matmul_4096x4096x1000,UVIMNMX.S32,1
triton_fixed_4096x4096x4096_128x128x32_w8_s1,FFMA,2048
triton_fixed_4096x4096x4096_128x128x32_w8_s1,LDS.128,176
triton_fixed_4096x4096x4096_128x128x32_w8_s1,MOV,65
triton_fixed_4096x4096x4096_128x128x32_w8_s1,MOV.64,64
triton_fixed_4096x4096x4096_128x128x32_w8_s1,IADD.64,44
triton_fixed_4096x4096x4096_128x128x32_w8_s1,LOP3.LUT,35
triton_fixed_4096x4096x4096_128x128x32_w8_s1,SHF.L.U32,35
triton_fixed_4096x4096x4096_128x128x32_w8_s1,IMAD,30
triton_fixed_4096x4096x4096_128x128x32_w8_s1,IMAD.HI,24
triton_fixed_4096x4096x4096_128x128x32_w8_s1,STS.128,24
triton_fixed_4096x4096x4096_128x128x32_w8_s1,IADD,21
triton_fixed_4096x4096x4096_128x128x32_w8_s1,CS2R,16
triton_fixed_4096x4096x4096_128x128x32_w8_s1,STG.E.128,16
triton_fixed_4096x4096x4096_128x128x32_w8_s1,ISETP.LT.AND,14
triton_fixed_4096x4096x4096_128x128x32_w8_s1,BAR.SYNC.DEFER_BLOCKING,10
triton_fixed_4096x4096x4096_128x128x32_w8_s1,IMAD.WIDE,8
triton_fixed_4096x4096x4096_128x128x32_w8_s1,LDG.E.128,8
triton_fixed_4096x4096x4096_128x128x32_w8_s1,NOP,8
triton_fixed_4096x4096x4096_128x128x32_w8_s1,IABS,6
triton_fixed_4096x4096x4096_128x128x32_w8_s1,ISETP.GE.AND,5
triton_fixed_4096x4096x4096_128x128x32_w8_s1,LDCU,5
triton_fixed_4096x4096x4096_128x128x32_w8_s1,IMAD.HI.U32,4
triton_fixed_4096x4096x4096_128x128x32_w8_s1,IMAD.WIDE.U32,4
triton_fixed_4096x4096x4096_128x128x32_w8_s1,LEA,4
triton_fixed_4096x4096x4096_128x128x32_w8_s1,SGXT.U32,4
triton_fixed_4096x4096x4096_128x128x32_w8_s1,SHF.R.S32.HI,4
triton_fixed_4096x4096x4096_128x128x32_w8_s1,SHF.R.U32.HI,4
triton_fixed_4096x4096x4096_128x128x32_w8_s1,LDC,3
triton_fixed_4096x4096x4096_128x128x32_w8_s1,LEA.HI,3
triton_fixed_4096x4096x4096_128x128x32_w8_s1,UIADD3,3
triton_fixed_4096x4096x4096_128x128x32_w8_s1,BRA,2
triton_fixed_4096x4096x4096_128x128x32_w8_s1,BRA.U,2
triton_fixed_4096x4096x4096_128x128x32_w8_s1,EXIT,2
triton_fixed_4096x4096x4096_128x128x32_w8_s1,F2I.FTZ.U32.TRUNC.NTZ,2
triton_fixed_4096x4096x4096_128x128x32_w8_s1,HFMA2,2
triton_fixed_4096x4096x4096_128x128x32_w8_s1,I2F.RP,2
triton_fixed_4096x4096x4096_128x128x32_w8_s1,IADD3,2
triton_fixed_4096x4096x4096_128x128x32_w8_s1,ISETP.GE.U32.AND,2
triton_fixed_4096x4096x4096_128x128x32_w8_s1,ISETP.GT.U32.AND,2
triton_fixed_4096x4096x4096_128x128x32_w8_s1,ISETP.NE.AND,2
triton_fixed_4096x4096x4096_128x128x32_w8_s1,LDCU.64,2
triton_fixed_4096x4096x4096_128x128x32_w8_s1,MUFU.RCP,2
triton_fixed_4096x4096x4096_128x128x32_w8_s1,S2R,2
triton_fixed_4096x4096x4096_128x128x32_w8_s1,ULEA,2
triton_fixed_4096x4096x4096_128x128x32_w8_s1,USHF.R.S32.HI,2
triton_fixed_4096x4096x4096_128x128x32_w8_s1,LDC.64,1
triton_fixed_4096x4096x4096_128x128x32_w8_s1,LDCU.128,1
triton_fixed_4096x4096x4096_128x128x32_w8_s1,LEA.HI.SX32,1
triton_fixed_4096x4096x4096_128x128x32_w8_s1,R2UR,1
triton_fixed_4096x4096x4096_128x128x32_w8_s1,S2UR,1
triton_fixed_4096x4096x4096_128x128x32_w8_s1,SHF.L.U64.HI,1
triton_fixed_4096x4096x4096_128x128x32_w8_s1,UISETP.GT.AND,1
triton_fixed_4096x4096x4096_128x128x32_w8_s1,UISETP.NE.U32.AND,1
triton_fixed_4096x4096x4096_128x128x32_w8_s1,ULEA.HI,1
triton_fixed_4096x4096x4096_128x128x32_w8_s1,UMOV,1
triton_fixed_4096x4096x4096_128x128x32_w8_s1,VIMNMX.S32,1
triton_fixed_4096x4096x4096_128x128x32_w8_s2,FFMA,2048
triton_fixed_4096x4096x4096_128x128x32_w8_s2,LDS.128,176
triton_fixed_4096x4096x4096_128x128x32_w8_s2,MOV,112
triton_fixed_4096x4096x4096_128x128x32_w8_s2,MOV.64,64
triton_fixed_4096x4096x4096_128x128x32_w8_s2,IADD.64,53
triton_fixed_4096x4096x4096_128x128x32_w8_s2,SHF.L.U32,34
triton_fixed_4096x4096x4096_128x128x32_w8_s2,SEL,30
triton_fixed_4096x4096x4096_128x128x32_w8_s2,IMAD.HI,27
triton_fixed_4096x4096x4096_128x128x32_w8_s2,LOP3.LUT,27
triton_fixed_4096x4096x4096_128x128x32_w8_s2,IMAD,25
triton_fixed_4096x4096x4096_128x128x32_w8_s2,UIADD3,20
triton_fixed_4096x4096x4096_128x128x32_w8_s2,IMAD.WIDE,16
triton_fixed_4096x4096x4096_128x128x32_w8_s2,LDGSTS.E.BYPASS.128,16
triton_fixed_4096x4096x4096_128x128x32_w8_s2,STG.E.128,16
triton_fixed_4096x4096x4096_128x128x32_w8_s2,STS.128,16
triton_fixed_4096x4096x4096_128x128x32_w8_s2,ISETP.GE.AND,12
triton_fixed_4096x4096x4096_128x128x32_w8_s2,ISETP.NE.U32.AND,12
triton_fixed_4096x4096x4096_128x128x32_w8_s2,PLOP3.LUT,12
triton_fixed_4096x4096x4096_128x128x32_w8_s2,R2UR,11
triton_fixed_4096x4096x4096_128x128x32_w8_s2,BAR.SYNC.DEFER_BLOCKING,10
triton_fixed_4096x4096x4096_128x128x32_w8_s2,IADD,10
triton_fixed_4096x4096x4096_128x128x32_w8_s2,NOP,9
triton_fixed_4096x4096x4096_128x128x32_w8_s2,ISETP.LT.AND,8
triton_fixed_4096x4096x4096_128x128x32_w8_s2,LEA,7
triton_fixed_4096x4096x4096_128x128x32_w8_s2,IABS,6
triton_fixed_4096x4096x4096_128x128x32_w8_s2,LDS,6
triton_fixed_4096x4096x4096_128x128x32_w8_s2,SHF.R.S32.HI,6
triton_fixed_4096x4096x4096_128x128x32_w8_s2,UIMAD,6
triton_fixed_4096x4096x4096_128x128x32_w8_s2,SHF.L.U64.HI,5
triton_fixed_4096x4096x4096_128x128x32_w8_s2,UMOV,5
triton_fixed_4096x4096x4096_128x128x32_w8_s2,USHF.R.S32.HI,5
triton_fixed_4096x4096x4096_128x128x32_w8_s2,IMAD.WIDE.U32,4
triton_fixed_4096x4096x4096_128x128x32_w8_s2,LDCU.64,4
triton_fixed_4096x4096x4096_128x128x32_w8_s2,LDGDEPBAR,4
triton_fixed_4096x4096x4096_128x128x32_w8_s2,SGXT.U32,4
triton_fixed_4096x4096x4096_128x128x32_w8_s2,SHF.R.U32.HI,4
triton_fixed_4096x4096x4096_128x128x32_w8_s2,UISETP.GE.AND,4
triton_fixed_4096x4096x4096_128x128x32_w8_s2,ULOP3.LUT,4
triton_fixed_4096x4096x4096_128x128x32_w8_s2,USHF.L.U32,4
triton_fixed_4096x4096x4096_128x128x32_w8_s2,IADD3,3
triton_fixed_4096x4096x4096_128x128x32_w8_s2,ULEA.HI,3
triton_fixed_4096x4096x4096_128x128x32_w8_s2,BRA.U,2
triton_fixed_4096x4096x4096_128x128x32_w8_s2,DEPBAR.LE,2
triton_fixed_4096x4096x4096_128x128x32_w8_s2,EXIT,2
triton_fixed_4096x4096x4096_128x128x32_w8_s2,LDCU,2
triton_fixed_4096x4096x4096_128x128x32_w8_s2,MUFU.RCP,2
triton_fixed_4096x4096x4096_128x128x32_w8_s2,S2R,2
triton_fixed_4096x4096x4096_128x128x32_w8_s2,S2UR,2
triton_fixed_4096x4096x4096_128x128x32_w8_s2,UF2I.FTZ.U32.TRUNC.NTZ,2
triton_fixed_4096x4096x4096_128x128x32_w8_s2,UI2F.RP,2
triton_fixed_4096x4096x4096_128x128x32_w8_s2,UIMAD.HI.U32,2
triton_fixed_4096x4096x4096_128x128x32_w8_s2,UIMAD.WIDE.U32,2
triton_fixed_4096x4096x4096_128x128x32_w8_s2,UISETP.GE.U32.AND,2
triton_fixed_4096x4096x4096_128x128x32_w8_s2,UISETP.GT.U32.AND,2
triton_fixed_4096x4096x4096_128x128x32_w8_s2,UISETP.NE.AND,2
triton_fixed_4096x4096x4096_128x128x32_w8_s2,ULEA,2
triton_fixed_4096x4096x4096_128x128x32_w8_s2,BRA,1
triton_fixed_4096x4096x4096_128x128x32_w8_s2,IMAD.HI.U32,1
triton_fixed_4096x4096x4096_128x128x32_w8_s2,LDC,1
triton_fixed_4096x4096x4096_128x128x32_w8_s2,LDCU.128,1
triton_fixed_4096x4096x4096_128x128x32_w8_s2,LEA.HI,1
triton_fixed_4096x4096x4096_128x128x32_w8_s2,LEA.HI.X,1
triton_fixed_4096x4096x4096_128x128x32_w8_s2,UISETP.GT.AND,1
triton_fixed_4096x4096x4096_128x128x32_w8_s2,UISETP.NE.U32.AND,1
triton_fixed_4096x4096x4096_128x128x32_w8_s2,ULEA.HI.SX32,1
triton_fixed_4096x4096x4096_128x128x32_w8_s2,UVIMNMX.S32,1
triton_fixed_4096x4096x4096_128x128x32_w8_s3,FFMA,2048
triton_fixed_4096x4096x4096_128x128x32_w8_s3,LDS.128,176
triton_fixed_4096x4096x4096_128x128x32_w8_s3,MOV,105
triton_fixed_4096x4096x4096_128x128x32_w8_s3,MOV.64,64
triton_fixed_4096x4096x4096_128x128x32_w8_s3,IADD.64,57
triton_fixed_4096x4096x4096_128x128x32_w8_s3,SEL,43
triton_fixed_4096x4096x4096_128x128x32_w8_s3,SHF.L.U32,34
triton_fixed_4096x4096x4096_128x128x32_w8_s3,LOP3.LUT,28
triton_fixed_4096x4096x4096_128x128x32_w8_s3,IMAD.HI,27
triton_fixed_4096x4096x4096_128x128x32_w8_s3,IMAD,25
triton_fixed_4096x4096x4096_128x128x32_w8_s3,LDGSTS.E.BYPASS.128,24
triton_fixed_4096x4096x4096_128x128x32_w8_s3,UIADD3,23
triton_fixed_4096x4096x4096_128x128x32_w8_s3,ISETP.NE.U32.AND,18
triton_fixed_4096x4096x4096_128x128x32_w8_s3,PLOP3.LUT,18
triton_fixed_4096x4096x4096_128x128x32_w8_s3,STG.E.128,16
triton_fixed_4096x4096x4096_128x128x32_w8_s3,STS.128,16
triton_fixed_4096x4096x4096_128x128x32_w8_s3,IADD,15
triton_fixed_4096x4096x4096_128x128x32_w8_s3,ISETP.GE.AND,15
triton_fixed_4096x4096x4096_128x128x32_w8_s3,IMAD.WIDE,12
triton_fixed_4096x4096x4096_128x128x32_w8_s3,LEA,12
triton_fixed_4096x4096x4096_128x128x32_w8_s3,NOP,12
triton_fixed_4096x4096x4096_128x128x32_w8_s3,BAR.SYNC.DEFER_BLOCKING,11
triton_fixed_4096x4096x4096_128x128x32_w8_s3,R2UR,11
triton_fixed_4096x4096x4096_128x128x32_w8_s3,LDS,9
triton_fixed_4096x4096x4096_128x128x32_w8_s3,ISETP.LT.AND,8
triton_fixed_4096x4096x4096_128x128x32_w8_s3,UMOV,7
triton_fixed_4096x4096x4096_128x128x32_w8_s3,IABS,6
triton_fixed_4096x4096x4096_128x128x32_w8_s3,LDGDEPBAR,6
triton_fixed_4096x4096x4096_128x128x32_w8_s3,SHF.R.S32.HI,6
triton_fixed_4096x4096x4096_128x128x32_w8_s3,UIMAD,6
triton_fixed_4096x4096x4096_128x128x32_w8_s3,USHF.L.U32,6
triton_fixed_4096x4096x4096_128x128x32_w8_s3,USHF.R.S32.HI,6
triton_fixed_4096x4096x4096_128x128x32_w8_s3,LEA.HI.X,5
triton_fixed_4096x4096x4096_128x128x32_w8_s3,IMAD.WIDE.U32,4
triton_fixed_4096x4096x4096_128x128x32_w8_s3,LDCU.64,4
triton_fixed_4096x4096x4096_128x128x32_w8_s3,SGXT.U32,4
triton_fixed_4096x4096x4096_128x128x32_w8_s3,SHF.R.U32.HI,4
triton_fixed_4096x4096x4096_128x128x32_w8_s3,UISETP.GE.AND,4
triton_fixed_4096x4096x4096_128x128x32_w8_s3,UISETP.GT.AND,4
triton_fixed_4096x4096x4096_128x128x32_w8_s3,ULEA,4
triton_fixed_4096x4096x4096_128x128x32_w8_s3,ULOP3.LUT,4
triton_fixed_4096x4096x4096_128x128x32_w8_s3,ULEA.HI,3
triton_fixed_4096x4096x4096_128x128x32_w8_s3,BRA.U,2
triton_fixed_4096x4096x4096_128x128x32_w8_s3,DEPBAR.LE,2
triton_fixed_4096x4096x4096_128x128x32_w8_s3,EXIT,2
triton_fixed_4096x4096x4096_128x128x32_w8_s3,LDCU,2
triton_fixed_4096x4096x4096_128x128x32_w8_s3,MUFU.RCP,2
triton_fixed_4096x4096x4096_128x128x32_w8_s3,S2R,2
triton_fixed_4096x4096x4096_128x128x32_w8_s3,S2UR,2
triton_fixed_4096x4096x4096_128x128x32_w8_s3,UF2I.FTZ.U32.TRUNC.NTZ,2
triton_fixed_4096x4096x4096_128x128x32_w8_s3,UI2F.RP,2
triton_fixed_4096x4096x4096_128x128x32_w8_s3,UIMAD.HI.U32,2
triton_fixed_4096x4096x4096_128x128x32_w8_s3,UIMAD.WIDE.U32,2
triton_fixed_4096x4096x4096_128x128x32_w8_s3,UISETP.GE.U32.AND,2
triton_fixed_4096x4096x4096_128x128x32_w8_s3,UISETP.GT.U32.AND,2
triton_fixed_4096x4096x4096_128x128x32_w8_s3,UISETP.NE.AND,2
triton_fixed_4096x4096x4096_128x128x32_w8_s3,USEL,2
triton_fixed_4096x4096x4096_128x128x32_w8_s3,USHF.L.U64.HI,2
triton_fixed_4096x4096x4096_128x128x32_w8_s3,BRA,1
triton_fixed_4096x4096x4096_128x128x32_w8_s3,IADD3,1
triton_fixed_4096x4096x4096_128x128x32_w8_s3,IMAD.HI.U32,1
triton_fixed_4096x4096x4096_128x128x32_w8_s3,LDC,1
triton_fixed_4096x4096x4096_128x128x32_w8_s3,LDCU.128,1
triton_fixed_4096x4096x4096_128x128x32_w8_s3,LEA.HI,1
triton_fixed_4096x4096x4096_128x128x32_w8_s3,SHF.L.U64.HI,1
triton_fixed_4096x4096x4096_128x128x32_w8_s3,UISETP.NE.U32.AND,1
triton_fixed_4096x4096x4096_128x128x32_w8_s3,ULEA.HI.SX32,1
triton_fixed_4096x4096x4096_128x128x32_w8_s3,UVIMNMX.S32,1
triton_fixed_4096x4096x4096_128x128x32_w8_s4,FFMA,2048
triton_fixed_4096x4096x4096_128x128x32_w8_s4,LDS.128,176
triton_fixed_4096x4096x4096_128x128x32_w8_s4,MOV,114
triton_fixed_4096x4096x4096_128x128x32_w8_s4,MOV.64,64
triton_fixed_4096x4096x4096_128x128x32_w8_s4,IADD.64,57
triton_fixed_4096x4096x4096_128x128x32_w8_s4,SEL,56
triton_fixed_4096x4096x4096_128x128x32_w8_s4,SHF.L.U32,38
triton_fixed_4096x4096x4096_128x128x32_w8_s4,LDGSTS.E.BYPASS.128,32
triton_fixed_4096x4096x4096_128x128x32_w8_s4,LOP3.LUT,28
triton_fixed_4096x4096x4096_128x128x32_w8_s4,IMAD.HI,27
triton_fixed_4096x4096x4096_128x128x32_w8_s4,IMAD,25
triton_fixed_4096x4096x4096_128x128x32_w8_s4,UIADD3,25
triton_fixed_4096x4096x4096_128x128x32_w8_s4,ISETP.NE.U32.AND,24
triton_fixed_4096x4096x4096_128x128x32_w8_s4,PLOP3.LUT,24
triton_fixed_4096x4096x4096_128x128x32_w8_s4,ISETP.GE.AND,18
triton_fixed_4096x4096x4096_128x128x32_w8_s4,STG.E.128,16
triton_fixed_4096x4096x4096_128x128x32_w8_s4,STS.128,16
triton_fixed_4096x4096x4096_128x128x32_w8_s4,IADD,15
triton_fixed_4096x4096x4096_128x128x32_w8_s4,BAR.SYNC.DEFER_BLOCKING,12
triton_fixed_4096x4096x4096_128x128x32_w8_s4,IMAD.WIDE,12
triton_fixed_4096x4096x4096_128x128x32_w8_s4,LDS,12
triton_fixed_4096x4096x4096_128x128x32_w8_s4,R2UR,11
triton_fixed_4096x4096x4096_128x128x32_w8_s4,NOP,10
triton_fixed_4096x4096x4096_128x128x32_w8_s4,UMOV,9
triton_fixed_4096x4096x4096_128x128x32_w8_s4,ISETP.LT.AND,8
triton_fixed_4096x4096x4096_128x128x32_w8_s4,LDGDEPBAR,8
triton_fixed_4096x4096x4096_128x128x32_w8_s4,LEA,8
triton_fixed_4096x4096x4096_128x128x32_w8_s4,SHF.R.S32.HI,7
triton_fixed_4096x4096x4096_128x128x32_w8_s4,UIMAD,7
triton_fixed_4096x4096x4096_128x128x32_w8_s4,IABS,6
triton_fixed_4096x4096x4096_128x128x32_w8_s4,USHF.R.S32.HI,6
triton_fixed_4096x4096x4096_128x128x32_w8_s4,SHF.L.U64.HI,5
triton_fixed_4096x4096x4096_128x128x32_w8_s4,UISETP.GT.AND,5
triton_fixed_4096x4096x4096_128x128x32_w8_s4,USHF.L.U32,5
triton_fixed_4096x4096x4096_128x128x32_w8_s4,IMAD.WIDE.U32,4
triton_fixed_4096x4096x4096_128x128x32_w8_s4,LDCU.64,4
triton_fixed_4096x4096x4096_128x128x32_w8_s4,SGXT.U32,4
triton_fixed_4096x4096x4096_128x128x32_w8_s4,SHF.R.U32.HI,4
triton_fixed_4096x4096x4096_128x128x32_w8_s4,UISETP.GE.AND,4
triton_fixed_4096x4096x4096_128x128x32_w8_s4,ULEA,4
triton_fixed_4096x4096x4096_128x128x32_w8_s4,ULOP3.LUT,4
triton_fixed_4096x4096x4096_128x128x32_w8_s4,UIMAD.WIDE.U32,3
triton_fixed_4096x4096x4096_128x128x32_w8_s4,ULEA.HI,3
triton_fixed_4096x4096x4096_128x128x32_w8_s4,BRA.U,2
triton_fixed_4096x4096x4096_128x128x32_w8_s4,DEPBAR.LE,2
triton_fixed_4096x4096x4096_128x128x32_w8_s4,EXIT,2
triton_fixed_4096x4096x4096_128x128x32_w8_s4,LDCU,2
triton_fixed_4096x4096x4096_128x128x32_w8_s4,MUFU.RCP,2
triton_fixed_4096x4096x4096_128x128x32_w8_s4,S2R,2
triton_fixed_4096x4096x4096_128x128x32_w8_s4,S2UR,2
triton_fixed_4096x4096x4096_128x128x32_w8_s4,UF2I.FTZ.U32.TRUNC.NTZ,2
triton_fixed_4096x4096x4096_128x128x32_w8_s4,UI2F.RP,2
triton_fixed_4096x4096x4096_128x128x32_w8_s4,UIMAD.HI.U32,2
triton_fixed_4096x4096x4096_128x128x32_w8_s4,UISETP.GE.U32.AND,2
triton_fixed_4096x4096x4096_128x128x32_w8_s4,UISETP.GT.U32.AND,2
triton_fixed_4096x4096x4096_128x128x32_w8_s4,UISETP.NE.AND,2
triton_fixed_4096x4096x4096_128x128x32_w8_s4,USEL,2
triton_fixed_4096x4096x4096_128x128x32_w8_s4,BRA,1
triton_fixed_4096x4096x4096_128x128x32_w8_s4,IADD3,1
triton_fixed_4096x4096x4096_128x128x32_w8_s4,IMAD.HI.U32,1
triton_fixed_4096x4096x4096_128x128x32_w8_s4,LDC,1
triton_fixed_4096x4096x4096_128x128x32_w8_s4,LDCU.128,1
triton_fixed_4096x4096x4096_128x128x32_w8_s4,LEA.HI,1
triton_fixed_4096x4096x4096_128x128x32_w8_s4,LEA.HI.X,1
triton_fixed_4096x4096x4096_128x128x32_w8_s4,UIADD3.64,1
triton_fixed_4096x4096x4096_128x128x32_w8_s4,UISETP.NE.U32.AND,1
triton_fixed_4096x4096x4096_128x128x32_w8_s4,ULEA.HI.SX32,1
triton_fixed_4096x4096x4096_128x128x32_w8_s4,USHF.L.U64.HI,1
triton_fixed_4096x4096x4096_128x128x32_w8_s4,UVIMNMX.S32,1
triton_fixed_4096x4096x4096_128x128x16_w8_s1,FFMA,1024
triton_fixed_4096x4096x4096_128x128x16_w8_s1,MOV,111
triton_fixed_4096x4096x4096_128x128x16_w8_s1,LDS.128,96
triton_fixed_4096x4096x4096_128x128x16_w8_s1,MOV.64,64
triton_fixed_4096x4096x4096_128x128x16_w8_s1,IADD.64,37
triton_fixed_4096x4096x4096_128x128x16_w8_s1,LOP3.LUT,27
triton_fixed_4096x4096x4096_128x128x16_w8_s1,SHF.L.U32,25
triton_fixed_4096x4096x4096_128x128x16_w8_s1,IMAD,20
triton_fixed_4096x4096x4096_128x128x16_w8_s1,STS.128,20
triton_fixed_4096x4096x4096_128x128x16_w8_s1,IMAD.HI,19
triton_fixed_4096x4096x4096_128x128x16_w8_s1,UIADD3,18
triton_fixed_4096x4096x4096_128x128x16_w8_s1,STG.E.128,16
triton_fixed_4096x4096x4096_128x128x16_w8_s1,NOP,13
triton_fixed_4096x4096x4096_128x128x16_w8_s1,ISETP.LT.AND,11
triton_fixed_4096x4096x4096_128x128x16_w8_s1,R2UR,11
triton_fixed_4096x4096x4096_128x128x16_w8_s1,BAR.SYNC.DEFER_BLOCKING,10
triton_fixed_4096x4096x4096_128x128x16_w8_s1,CS2R,8
triton_fixed_4096x4096x4096_128x128x16_w8_s1,LDCU,7
triton_fixed_4096x4096x4096_128x128x16_w8_s1,IABS,6
triton_fixed_4096x4096x4096_128x128x16_w8_s1,IADD,6
triton_fixed_4096x4096x4096_128x128x16_w8_s1,UIMAD,6
triton_fixed_4096x4096x4096_128x128x16_w8_s1,USHF.R.S32.HI,5
triton_fixed_4096x4096x4096_128x128x16_w8_s1,LDG.E.128,4
triton_fixed_4096x4096x4096_128x128x16_w8_s1,SGXT.U32,4
triton_fixed_4096x4096x4096_128x128x16_w8_s1,SHF.R.U32.HI,4
triton_fixed_4096x4096x4096_128x128x16_w8_s1,ULOP3.LUT,4
triton_fixed_4096x4096x4096_128x128x16_w8_s1,UMOV,4
triton_fixed_4096x4096x4096_128x128x16_w8_s1,USHF.L.U32,4
triton_fixed_4096x4096x4096_128x128x16_w8_s1,IMAD.WIDE,3
triton_fixed_4096x4096x4096_128x128x16_w8_s1,ISETP.GE.AND,3
triton_fixed_4096x4096x4096_128x128x16_w8_s1,LDCU.64,3
triton_fixed_4096x4096x4096_128x128x16_w8_s1,LEA,3
triton_fixed_4096x4096x4096_128x128x16_w8_s1,ULEA.HI,3
triton_fixed_4096x4096x4096_128x128x16_w8_s1,BRA,2
triton_fixed_4096x4096x4096_128x128x16_w8_s1,BRA.U,2
triton_fixed_4096x4096x4096_128x128x16_w8_s1,EXIT,2
triton_fixed_4096x4096x4096_128x128x16_w8_s1,IMAD.WIDE.U32,2
triton_fixed_4096x4096x4096_128x128x16_w8_s1,MUFU.RCP,2
triton_fixed_4096x4096x4096_128x128x16_w8_s1,S2R,2
triton_fixed_4096x4096x4096_128x128x16_w8_s1,S2UR,2
triton_fixed_4096x4096x4096_128x128x16_w8_s1,UF2I.FTZ.U32.TRUNC.NTZ,2
triton_fixed_4096x4096x4096_128x128x16_w8_s1,UI2F.RP,2
triton_fixed_4096x4096x4096_128x128x16_w8_s1,UIMAD.HI.U32,2
triton_fixed_4096x4096x4096_128x128x16_w8_s1,UIMAD.WIDE.U32,2
triton_fixed_4096x4096x4096_128x128x16_w8_s1,UISETP.GE.AND,2
triton_fixed_4096x4096x4096_128x128x16_w8_s1,UISETP.GE.U32.AND,2
triton_fixed_4096x4096x4096_128x128x16_w8_s1,UISETP.GT.U32.AND,2
triton_fixed_4096x4096x4096_128x128x16_w8_s1,UISETP.NE.AND,2
triton_fixed_4096x4096x4096_128x128x16_w8_s1,ULEA,2
triton_fixed_4096x4096x4096_128x128x16_w8_s1,IADD3,1
triton_fixed_4096x4096x4096_128x128x16_w8_s1,LDC,1
triton_fixed_4096x4096x4096_128x128x16_w8_s1,LDCU.128,1
triton_fixed_4096x4096x4096_128x128x16_w8_s1,SHF.L.U64.HI,1
triton_fixed_4096x4096x4096_128x128x16_w8_s1,SHF.R.S32.HI,1
triton_fixed_4096x4096x4096_128x128x16_w8_s1,UISETP.GT.AND,1
triton_fixed_4096x4096x4096_128x128x16_w8_s1,UISETP.NE.U32.AND,1
triton_fixed_4096x4096x4096_128x128x16_w8_s1,ULEA.HI.SX32,1
triton_fixed_4096x4096x4096_128x128x16_w8_s1,UVIMNMX.S32,1
triton_fixed_4096x4096x4096_128x128x16_w8_s3,FFMA,1024
triton_fixed_4096x4096x4096_128x128x16_w8_s3,MOV,97
triton_fixed_4096x4096x4096_128x128x16_w8_s3,LDS.128,96
triton_fixed_4096x4096x4096_128x128x16_w8_s3,MOV.64,64
triton_fixed_4096x4096x4096_128x128x16_w8_s3,IADD.64,45
triton_fixed_4096x4096x4096_128x128x16_w8_s3,SHF.L.U32,29
triton_fixed_4096x4096x4096_128x128x16_w8_s3,LOP3.LUT,27
triton_fixed_4096x4096x4096_128x128x16_w8_s3,SEL,24
triton_fixed_4096x4096x4096_128x128x16_w8_s3,IMAD.HI,23
triton_fixed_4096x4096x4096_128x128x16_w8_s3,UIADD3,23
triton_fixed_4096x4096x4096_128x128x16_w8_s3,IMAD,21
triton_fixed_4096x4096x4096_128x128x16_w8_s3,STG.E.128,16
triton_fixed_4096x4096x4096_128x128x16_w8_s3,STS.128,16
triton_fixed_4096x4096x4096_128x128x16_w8_s3,LDGSTS.E.BYPASS.128,12
triton_fixed_4096x4096x4096_128x128x16_w8_s3,NOP,12
triton_fixed_4096x4096x4096_128x128x16_w8_s3,BAR.SYNC.DEFER_BLOCKING,11
triton_fixed_4096x4096x4096_128x128x16_w8_s3,R2UR,11
triton_fixed_4096x4096x4096_128x128x16_w8_s3,IADD,10
triton_fixed_4096x4096x4096_128x128x16_w8_s3,ISETP.GE.AND,10
triton_fixed_4096x4096x4096_128x128x16_w8_s3,ISETP.NE.U32.AND,9
triton_fixed_4096x4096x4096_128x128x16_w8_s3,LDS,9
triton_fixed_4096x4096x4096_128x128x16_w8_s3,ISETP.LT.AND,8
triton_fixed_4096x4096x4096_128x128x16_w8_s3,UMOV,8
triton_fixed_4096x4096x4096_128x128x16_w8_s3,IABS,6
triton_fixed_4096x4096x4096_128x128x16_w8_s3,LDGDEPBAR,6
triton_fixed_4096x4096x4096_128x128x16_w8_s3,LEA,6
triton_fixed_4096x4096x4096_128x128x16_w8_s3,UIMAD,6
triton_fixed_4096x4096x4096_128x128x16_w8_s3,USHF.R.S32.HI,6
triton_fixed_4096x4096x4096_128x128x16_w8_s3,USHF.L.U32,5
triton_fixed_4096x4096x4096_128x128x16_w8_s3,IMAD.WIDE,4
triton_fixed_4096x4096x4096_128x128x16_w8_s3,IMAD.WIDE.U32,4
triton_fixed_4096x4096x4096_128x128x16_w8_s3,LDCU.64,4
triton_fixed_4096x4096x4096_128x128x16_w8_s3,UISETP.GE.AND,4
triton_fixed_4096x4096x4096_128x128x16_w8_s3,UISETP.GT.AND,4
triton_fixed_4096x4096x4096_128x128x16_w8_s3,ULEA,4
triton_fixed_4096x4096x4096_128x128x16_w8_s3,ULOP3.LUT,4
triton_fixed_4096x4096x4096_128x128x16_w8_s3,PLOP3.LUT,3
triton_fixed_4096x4096x4096_128x128x16_w8_s3,S2R,3
triton_fixed_4096x4096x4096_128x128x16_w8_s3,ULEA.HI,3
triton_fixed_4096x4096x4096_128x128x16_w8_s3,BRA.U,2
triton_fixed_4096x4096x4096_128x128x16_w8_s3,DEPBAR.LE,2
triton_fixed_4096x4096x4096_128x128x16_w8_s3,EXIT,2
triton_fixed_4096x4096x4096_128x128x16_w8_s3,LDCU,2
triton_fixed_4096x4096x4096_128x128x16_w8_s3,MUFU.RCP,2
triton_fixed_4096x4096x4096_128x128x16_w8_s3,S2UR,2
triton_fixed_4096x4096x4096_128x128x16_w8_s3,SGXT.U32,2
triton_fixed_4096x4096x4096_128x128x16_w8_s3,SHF.R.U32.HI,2
triton_fixed_4096x4096x4096_128x128x16_w8_s3,UF2I.FTZ.U32.TRUNC.NTZ,2
triton_fixed_4096x4096x4096_128x128x16_w8_s3,UI2F.RP,2
triton_fixed_4096x4096x4096_128x128x16_w8_s3,UIMAD.HI.U32,2
triton_fixed_4096x4096x4096_128x128x16_w8_s3,UIMAD.WIDE.U32,2
triton_fixed_4096x4096x4096_128x128x16_w8_s3,UISETP.GE.U32.AND,2
triton_fixed_4096x4096x4096_128x128x16_w8_s3,UISETP.GT.U32.AND,2
triton_fixed_4096x4096x4096_128x128x16_w8_s3,UISETP.NE.AND,2
triton_fixed_4096x4096x4096_128x128x16_w8_s3,USEL,2
triton_fixed_4096x4096x4096_128x128x16_w8_s3,BRA,1
triton_fixed_4096x4096x4096_128x128x16_w8_s3,IADD3,1
triton_fixed_4096x4096x4096_128x128x16_w8_s3,LDC,1
triton_fixed_4096x4096x4096_128x128x16_w8_s3,LDCU.128,1
triton_fixed_4096x4096x4096_128x128x16_w8_s3,LEA.HI.X,1
triton_fixed_4096x4096x4096_128x128x16_w8_s3,SHF.L.U64.HI,1
triton_fixed_4096x4096x4096_128x128x16_w8_s3,SHF.R.S32.HI,1
triton_fixed_4096x4096x4096_128x128x16_w8_s3,UISETP.NE.U32.AND,1
triton_fixed_4096x4096x4096_128x128x16_w8_s3,ULEA.HI.SX32,1
triton_fixed_4096x4096x4096_128x128x16_w8_s3,USHF.L.U64.HI,1
triton_fixed_4096x4096x4096_128x128x16_w8_s3,UVIMNMX.S32,1
triton_fixed_4096x4096x4096_128x128x32_w4_s3,FFMA,4096
triton_fixed_4096x4096x4096_128x128x32_w4_s3,LDS.128,320
triton_fixed_4096x4096x4096_128x128x32_w4_s3,MOV,227
triton_fixed_4096x4096x4096_128x128x32_w4_s3,MOV.64,128
triton_fixed_4096x4096x4096_128x128x32_w4_s3,IADD.64,113
triton_fixed_4096x4096x4096_128x128x32_w4_s3,LOP3.LUT,69
triton_fixed_4096x4096x4096_128x128x32_w4_s3,SEL,67
triton_fixed_4096x4096x4096_128x128x32_w4_s3,SHF.L.U32,65
triton_fixed_4096x4096x4096_128x128x32_w4_s3,IMAD,58
triton_fixed_4096x4096x4096_128x128x32_w4_s3,IMAD.HI,55
triton_fixed_4096x4096x4096_128x128x32_w4_s3,LDGSTS.E.BYPASS.128,48
triton_fixed_4096x4096x4096_128x128x32_w4_s3,IADD,35
triton_fixed_4096x4096x4096_128x128x32_w4_s3,STG.E.128,32
triton_fixed_4096x4096x4096_128x128x32_w4_s3,STS.128,32
triton_fixed_4096x4096x4096_128x128x32_w4_s3,ISETP.NE.U32.AND,30
triton_fixed_4096x4096x4096_128x128x32_w4_s3,PLOP3.LUT,30
triton_fixed_4096x4096x4096_128x128x32_w4_s3,STL.64,26
triton_fixed_4096x4096x4096_128x128x32_w4_s3,IMAD.WIDE,24
triton_fixed_4096x4096x4096_128x128x32_w4_s3,ISETP.GE.AND,21
triton_fixed_4096x4096x4096_128x128x32_w4_s3,BAR.SYNC.DEFER_BLOCKING,19
triton_fixed_4096x4096x4096_128x128x32_w4_s3,LEA,17
triton_fixed_4096x4096x4096_128x128x32_w4_s3,SHF.R.S32.HI,13
triton_fixed_4096x4096x4096_128x128x32_w4_s3,LDL.LU.64,9
triton_fixed_4096x4096x4096_128x128x32_w4_s3,LDS,9
triton_fixed_4096x4096x4096_128x128x32_w4_s3,LEA.HI.X,9
triton_fixed_4096x4096x4096_128x128x32_w4_s3,IMAD.WIDE.U32,8
triton_fixed_4096x4096x4096_128x128x32_w4_s3,ISETP.LT.AND,8
triton_fixed_4096x4096x4096_128x128x32_w4_s3,LDL.64,8
triton_fixed_4096x4096x4096_128x128x32_w4_s3,NOP,8
triton_fixed_4096x4096x4096_128x128x32_w4_s3,UIADD3,8
triton_fixed_4096x4096x4096_128x128x32_w4_s3,STL,7
triton_fixed_4096x4096x4096_128x128x32_w4_s3,IABS,6
triton_fixed_4096x4096x4096_128x128x32_w4_s3,LDGDEPBAR,6
triton_fixed_4096x4096x4096_128x128x32_w4_s3,LDL,6
triton_fixed_4096x4096x4096_128x128x32_w4_s3,IMAD.HI.U32,5
triton_fixed_4096x4096x4096_128x128x32_w4_s3,LDL.LU,5
triton_fixed_4096x4096x4096_128x128x32_w4_s3,SGXT.U32,4
triton_fixed_4096x4096x4096_128x128x32_w4_s3,SHF.R.U32.HI,4
triton_fixed_4096x4096x4096_128x128x32_w4_s3,UISETP.GT.AND,4
triton_fixed_4096x4096x4096_128x128x32_w4_s3,ULEA,4
triton_fixed_4096x4096x4096_128x128x32_w4_s3,UMOV,4
triton_fixed_4096x4096x4096_128x128x32_w4_s3,ISETP.NE.AND,3
triton_fixed_4096x4096x4096_128x128x32_w4_s3,LDCU,3
triton_fixed_4096x4096x4096_128x128x32_w4_s3,LDCU.64,3
triton_fixed_4096x4096x4096_128x128x32_w4_s3,LEA.HI,3
triton_fixed_4096x4096x4096_128x128x32_w4_s3,USHF.L.U32,3
triton_fixed_4096x4096x4096_128x128x32_w4_s3,USHF.R.S32.HI,3
triton_fixed_4096x4096x4096_128x128x32_w4_s3,BRA.U,2
triton_fixed_4096x4096x4096_128x128x32_w4_s3,DEPBAR.LE,2
triton_fixed_4096x4096x4096_128x128x32_w4_s3,EXIT,2
triton_fixed_4096x4096x4096_128x128x32_w4_s3,F2I.FTZ.U32.TRUNC.NTZ,2
triton_fixed_4096x4096x4096_128x128x32_w4_s3,HFMA2,2
triton_fixed_4096x4096x4096_128x128x32_w4_s3,I2F.RP,2
triton_fixed_4096x4096x4096_128x128x32_w4_s3,ISETP.GE.U32.AND,2
triton_fixed_4096x4096x4096_128x128x32_w4_s3,ISETP.GT.U32.AND,2
triton_fixed_4096x4096x4096_128x128x32_w4_s3,MUFU.RCP,2
triton_fixed_4096x4096x4096_128x128x32_w4_s3,S2R,2
triton_fixed_4096x4096x4096_128x128x32_w4_s3,UISETP.GE.AND,2
triton_fixed_4096x4096x4096_128x128x32_w4_s3,USEL,2
triton_fixed_4096x4096x4096_128x128x32_w4_s3,USHF.L.U64.HI,2
triton_fixed_4096x4096x4096_128x128x32_w4_s3,BRA,1
triton_fixed_4096x4096x4096_128x128x32_w4_s3,IADD3,1
triton_fixed_4096x4096x4096_128x128x32_w4_s3,LDC,1
triton_fixed_4096x4096x4096_128x128x32_w4_s3,LDC.64,1
triton_fixed_4096x4096x4096_128x128x32_w4_s3,LDCU.128,1
triton_fixed_4096x4096x4096_128x128x32_w4_s3,LEA.HI.SX32,1
triton_fixed_4096x4096x4096_128x128x32_w4_s3,P2R,1
triton_fixed_4096x4096x4096_128x128x32_w4_s3,R2UR,1
triton_fixed_4096x4096x4096_128x128x32_w4_s3,S2UR,1
triton_fixed_4096x4096x4096_128x128x32_w4_s3,SHF.L.U64.HI,1
triton_fixed_4096x4096x4096_128x128x32_w4_s3,UISETP.NE.U32.AND,1
triton_fixed_4096x4096x4096_128x128x32_w4_s3,ULEA.HI,1
triton_fixed_4096x4096x4096_128x128x32_w4_s3,VIMNMX.S32,1
triton_fixed_4096x4096x4096_64x64x32_w4_s3,FFMA,1024
triton_fixed_4096x4096x4096_64x64x32_w4_s3,LDS.128,104
triton_fixed_4096x4096x4096_64x64x32_w4_s3,MOV,52
triton_fixed_4096x4096x4096_64x64x32_w4_s3,SEL,43
triton_fixed_4096x4096x4096_64x64x32_w4_s3,IADD.64,42
triton_fixed_4096x4096x4096_64x64x32_w4_s3,MOV.64,32
triton_fixed_4096x4096x4096_64x64x32_w4_s3,SHF.L.U32,28
triton_fixed_4096x4096x4096_64x64x32_w4_s3,LDGSTS.E.BYPASS.128,24
triton_fixed_4096x4096x4096_64x64x32_w4_s3,LOP3.LUT,21
triton_fixed_4096x4096x4096_64x64x32_w4_s3,IMAD,20
triton_fixed_4096x4096x4096_64x64x32_w4_s3,IMAD.HI,20
triton_fixed_4096x4096x4096_64x64x32_w4_s3,UIADD3,19
triton_fixed_4096x4096x4096_64x64x32_w4_s3,IADD,18
triton_fixed_4096x4096x4096_64x64x32_w4_s3,ISETP.NE.U32.AND,18
triton_fixed_4096x4096x4096_64x64x32_w4_s3,PLOP3.LUT,18
triton_fixed_4096x4096x4096_64x64x32_w4_s3,ISETP.GE.AND,15
triton_fixed_4096x4096x4096_64x64x32_w4_s3,NOP,14
triton_fixed_4096x4096x4096_64x64x32_w4_s3,IMAD.WIDE,12
triton_fixed_4096x4096x4096_64x64x32_w4_s3,LEA,12
triton_fixed_4096x4096x4096_64x64x32_w4_s3,LDS,9
triton_fixed_4096x4096x4096_64x64x32_w4_s3,R2UR,8
triton_fixed_4096x4096x4096_64x64x32_w4_s3,STG.E.128,8
triton_fixed_4096x4096x4096_64x64x32_w4_s3,STS.128,8
triton_fixed_4096x4096x4096_64x64x32_w4_s3,BAR.SYNC.DEFER_BLOCKING,7
triton_fixed_4096x4096x4096_64x64x32_w4_s3,IABS,6
triton_fixed_4096x4096x4096_64x64x32_w4_s3,LDGDEPBAR,6
triton_fixed_4096x4096x4096_64x64x32_w4_s3,UMOV,6
triton_fixed_4096x4096x4096_64x64x32_w4_s3,USHF.L.U32,6
triton_fixed_4096x4096x4096_64x64x32_w4_s3,USHF.R.S32.HI,6
triton_fixed_4096x4096x4096_64x64x32_w4_s3,SHF.R.S32.HI,5
triton_fixed_4096x4096x4096_64x64x32_w4_s3,STL,5
triton_fixed_4096x4096x4096_64x64x32_w4_s3,IMAD.WIDE.U32,4
triton_fixed_4096x4096x4096_64x64x32_w4_s3,ISETP.LT.AND,4
triton_fixed_4096x4096x4096_64x64x32_w4_s3,LDCU.64,4
triton_fixed_4096x4096x4096_64x64x32_w4_s3,LEA.HI.X,4
triton_fixed_4096x4096x4096_64x64x32_w4_s3,S2R,4
triton_fixed_4096x4096x4096_64x64x32_w4_s3,UIMAD,4
triton_fixed_4096x4096x4096_64x64x32_w4_s3,UISETP.GT.AND,4
triton_fixed_4096x4096x4096_64x64x32_w4_s3,ULOP3.LUT,4
triton_fixed_4096x4096x4096_64x64x32_w4_s3,IMAD.HI.U32,3
triton_fixed_4096x4096x4096_64x64x32_w4_s3,LDL,3
triton_fixed_4096x4096x4096_64x64x32_w4_s3,UISETP.GE.AND,3
triton_fixed_4096x4096x4096_64x64x32_w4_s3,ULEA.HI,3
triton_fixed_4096x4096x4096_64x64x32_w4_s3,BRA,2
triton_fixed_4096x4096x4096_64x64x32_w4_s3,BRA.U,2
triton_fixed_4096x4096x4096_64x64x32_w4_s3,DEPBAR.LE,2
triton_fixed_4096x4096x4096_64x64x32_w4_s3,EXIT,2
triton_fixed_4096x4096x4096_64x64x32_w4_s3,LDCU,2
triton_fixed_4096x4096x4096_64x64x32_w4_s3,MUFU.RCP,2
triton_fixed_4096x4096x4096_64x64x32_w4_s3,S2UR,2
triton_fixed_4096x4096x4096_64x64x32_w4_s3,SGXT.U32,2
triton_fixed_4096x4096x4096_64x64x32_w4_s3,SHF.R.U32.HI,2
triton_fixed_4096x4096x4096_64x64x32_w4_s3,UISETP.NE.AND,2
triton_fixed_4096x4096x4096_64x64x32_w4_s3,ULEA,2
triton_fixed_4096x4096x4096_64x64x32_w4_s3,USEL,2
triton_fixed_4096x4096x4096_64x64x32_w4_s3,USHF.L.U64.HI,2
triton_fixed_4096x4096x4096_64x64x32_w4_s3,F2I.FTZ.U32.TRUNC.NTZ,1
triton_fixed_4096x4096x4096_64x64x32_w4_s3,HFMA2,1
triton_fixed_4096x4096x4096_64x64x32_w4_s3,I2F.RP,1
triton_fixed_4096x4096x4096_64x64x32_w4_s3,ISETP.GE.U32.AND,1
triton_fixed_4096x4096x4096_64x64x32_w4_s3,ISETP.GT.U32.AND,1
triton_fixed_4096x4096x4096_64x64x32_w4_s3,LDC,1
triton_fixed_4096x4096x4096_64x64x32_w4_s3,LDCU.128,1
triton_fixed_4096x4096x4096_64x64x32_w4_s3,LDL.LU,1
triton_fixed_4096x4096x4096_64x64x32_w4_s3,SHF.L.U64.HI,1
triton_fixed_4096x4096x4096_64x64x32_w4_s3,UF2I.FTZ.U32.TRUNC.NTZ,1
triton_fixed_4096x4096x4096_64x64x32_w4_s3,UI2F.RP,1
triton_fixed_4096x4096x4096_64x64x32_w4_s3,UIMAD.HI.U32,1
triton_fixed_4096x4096x4096_64x64x32_w4_s3,UIMAD.WIDE.U32,1
triton_fixed_4096x4096x4096_64x64x32_w4_s3,UISETP.GE.U32.AND,1
triton_fixed_4096x4096x4096_64x64x32_w4_s3,UISETP.GT.U32.AND,1
triton_fixed_4096x4096x4096_64x64x32_w4_s3,UISETP.NE.U32.AND,1
triton_fixed_4096x4096x4096_64x64x32_w4_s3,ULEA.HI.SX32,1
triton_fixed_4096x4096x4096_64x64x32_w4_s3,UVIMNMX.S32,1
triton_fixed_4096x4096x4096_128x64x32_w4_s4,FFMA,2048
triton_fixed_4096x4096x4096_128x64x32_w4_s4,LDS.128,176
triton_fixed_4096x4096x4096_128x64x32_w4_s4,MOV,125
triton_fixed_4096x4096x4096_128x64x32_w4_s4,SEL,88
triton_fixed_4096x4096x4096_128x64x32_w4_s4,IADD.64,69
triton_fixed_4096x4096x4096_128x64x32_w4_s4,MOV.64,64
triton_fixed_4096x4096x4096_128x64x32_w4_s4,LDGSTS.E.BYPASS.128,48
triton_fixed_4096x4096x4096_128x64x32_w4_s4,SHF.L.U32,44
triton_fixed_4096x4096x4096_128x64x32_w4_s4,ISETP.NE.U32.AND,40
triton_fixed_4096x4096x4096_128x64x32_w4_s4,PLOP3.LUT,40
triton_fixed_4096x4096x4096_128x64x32_w4_s4,IMAD,35
triton_fixed_4096x4096x4096_128x64x32_w4_s4,IMAD.HI,35
triton_fixed_4096x4096x4096_128x64x32_w4_s4,LOP3.LUT,32
triton_fixed_4096x4096x4096_128x64x32_w4_s4,ISETP.GE.AND,22
triton_fixed_4096x4096x4096_128x64x32_w4_s4,UIADD3,21
triton_fixed_4096x4096x4096_128x64x32_w4_s4,IADD,20
triton_fixed_4096x4096x4096_128x64x32_w4_s4,LEA,17
triton_fixed_4096x4096x4096_128x64x32_w4_s4,STG.E.128,16
triton_fixed_4096x4096x4096_128x64x32_w4_s4,STS.128,16
triton_fixed_4096x4096x4096_128x64x32_w4_s4,NOP,13
triton_fixed_4096x4096x4096_128x64x32_w4_s4,BAR.SYNC.DEFER_BLOCKING,12
triton_fixed_4096x4096x4096_128x64x32_w4_s4,IMAD.WIDE,12
triton_fixed_4096x4096x4096_128x64x32_w4_s4,LDS,12
triton_fixed_4096x4096x4096_128x64x32_w4_s4,IMAD.WIDE.U32,8
triton_fixed_4096x4096x4096_128x64x32_w4_s4,ISETP.LT.AND,8
triton_fixed_4096x4096x4096_128x64x32_w4_s4,ISETP.NE.AND,8
triton_fixed_4096x4096x4096_128x64x32_w4_s4,LDGDEPBAR,8
triton_fixed_4096x4096x4096_128x64x32_w4_s4,R2UR,8
triton_fixed_4096x4096x4096_128x64x32_w4_s4,UMOV,8
triton_fixed_4096x4096x4096_128x64x32_w4_s4,SHF.R.S32.HI,7
triton_fixed_4096x4096x4096_128x64x32_w4_s4,IABS,6
triton_fixed_4096x4096x4096_128x64x32_w4_s4,USHF.R.S32.HI,6
triton_fixed_4096x4096x4096_128x64x32_w4_s4,LDCU.64,5
triton_fixed_4096x4096x4096_128x64x32_w4_s4,LEA.HI.X,5
triton_fixed_4096x4096x4096_128x64x32_w4_s4,S2R,5
triton_fixed_4096x4096x4096_128x64x32_w4_s4,UIMAD,5
triton_fixed_4096x4096x4096_128x64x32_w4_s4,UISETP.GT.AND,5
triton_fixed_4096x4096x4096_128x64x32_w4_s4,USHF.L.U32,5
triton_fixed_4096x4096x4096_128x64x32_w4_s4,P2R,4
triton_fixed_4096x4096x4096_128x64x32_w4_s4,SGXT.U32,4
triton_fixed_4096x4096x4096_128x64x32_w4_s4,SHF.R.U32.HI,4
triton_fixed_4096x4096x4096_128x64x32_w4_s4,ULOP3.LUT,4
triton_fixed_4096x4096x4096_128x64x32_w4_s4,IMAD.HI.U32,3
triton_fixed_4096x4096x4096_128x64x32_w4_s4,UISETP.GE.AND,3
triton_fixed_4096x4096x4096_128x64x32_w4_s4,ULEA.HI,3
triton_fixed_4096x4096x4096_128x64x32_w4_s4,BRA,2
triton_fixed_4096x4096x4096_128x64x32_w4_s4,BRA.U,2
triton_fixed_4096x4096x4096_128x64x32_w4_s4,DEPBAR.LE,2
triton_fixed_4096x4096x4096_128x64x32_w4_s4,EXIT,2
triton_fixed_4096x4096x4096_128x64x32_w4_s4,LDCU,2
triton_fixed_4096x4096x4096_128x64x32_w4_s4,MUFU.RCP,2
triton_fixed_4096x4096x4096_128x64x32_w4_s4,S2UR,2
triton_fixed_4096x4096x4096_128x64x32_w4_s4,UIMAD.WIDE.U32,2
triton_fixed_4096x4096x4096_128x64x32_w4_s4,UISETP.NE.AND,2
triton_fixed_4096x4096x4096_128x64x32_w4_s4,USEL,2
triton_fixed_4096x4096x4096_128x64x32_w4_s4,F2I.FTZ.U32.TRUNC.NTZ,1
triton_fixed_4096x4096x4096_128x64x32_w4_s4,HFMA2,1
triton_fixed_4096x4096x4096_128x64x32_w4_s4,I2F.RP,1
triton_fixed_4096x4096x4096_128x64x32_w4_s4,IADD3,1
triton_fixed_4096x4096x4096_128x64x32_w4_s4,ISETP.GE.U32.AND,1
triton_fixed_4096x4096x4096_128x64x32_w4_s4,ISETP.GT.U32.AND,1
triton_fixed_4096x4096x4096_128x64x32_w4_s4,LDC,1
triton_fixed_4096x4096x4096_128x64x32_w4_s4,LDCU.128,1
triton_fixed_4096x4096x4096_128x64x32_w4_s4,LEA.HI,1
triton_fixed_4096x4096x4096_128x64x32_w4_s4,SHF.L.U64.HI,1
triton_fixed_4096x4096x4096_128x64x32_w4_s4,UF2I.FTZ.U32.TRUNC.NTZ,1
triton_fixed_4096x4096x4096_128x64x32_w4_s4,UI2F.RP,1
triton_fixed_4096x4096x4096_128x64x32_w4_s4,UIADD3.64,1
triton_fixed_4096x4096x4096_128x64x32_w4_s4,UIMAD.HI.U32,1
triton_fixed_4096x4096x4096_128x64x32_w4_s4,UISETP.GE.U32.AND,1
triton_fixed_4096x4096x4096_128x64x32_w4_s4,UISETP.GT.U32.AND,1
triton_fixed_4096x4096x4096_128x64x32_w4_s4,UISETP.NE.U32.AND,1
triton_fixed_4096x4096x4096_128x64x32_w4_s4,ULEA,1
triton_fixed_4096x4096x4096_128x64x32_w4_s4,ULEA.HI.SX32,1
triton_fixed_4096x4096x4096_128x64x32_w4_s4,USHF.L.U64.HI,1
triton_fixed_4096x4096x4096_128x64x32_w4_s4,UVIMNMX.S32,1
triton_fixed_4097x4097x4097_128x128x32_w8_s1,FFMA,2048
triton_fixed_4097x4097x4097_128x128x32_w8_s1,IADD.64,176
triton_fixed_4097x4097x4097_128x128x32_w8_s1,LDS.128,160
triton_fixed_4097x4097x4097_128x128x32_w8_s1,LOP3.LUT,122
triton_fixed_4097x4097x4097_128x128x32_w8_s1,SHF.L.U32,103
triton_fixed_4097x4097x4097_128x128x32_w8_s1,IMAD,98
triton_fixed_4097x4097x4097_128x128x32_w8_s1,IMAD.HI,96
triton_fixed_4097x4097x4097_128x128x32_w8_s1,ISETP.LT.AND,96
triton_fixed_4097x4097x4097_128x128x32_w8_s1,MOV,94
triton_fixed_4097x4097x4097_128x128x32_w8_s1,MOV.64,64
triton_fixed_4097x4097x4097_128x128x32_w8_s1,STG.E,64
triton_fixed_4097x4097x4097_128x128x32_w8_s1,IMAD.WIDE,32
triton_fixed_4097x4097x4097_128x128x32_w8_s1,LDG.E,32
triton_fixed_4097x4097x4097_128x128x32_w8_s1,IADD,28
triton_fixed_4097x4097x4097_128x128x32_w8_s1,BAR.SYNC.DEFER_BLOCKING,18
triton_fixed_4097x4097x4097_128x128x32_w8_s1,IMAD.WIDE.U32,16
triton_fixed_4097x4097x4097_128x128x32_w8_s1,LDSM.16.M88.4,16
triton_fixed_4097x4097x4097_128x128x32_w8_s1,STS.128,16
triton_fixed_4097x4097x4097_128x128x32_w8_s1,UIADD3,13
triton_fixed_4097x4097x4097_128x128x32_w8_s1,CS2R,12
triton_fixed_4097x4097x4097_128x128x32_w8_s1,NOP,8
triton_fixed_4097x4097x4097_128x128x32_w8_s1,R2UR,8
triton_fixed_4097x4097x4097_128x128x32_w8_s1,STSM.16.M88.4,8
triton_fixed_4097x4097x4097_128x128x32_w8_s1,LDCU,7
triton_fixed_4097x4097x4097_128x128x32_w8_s1,IABS,6
triton_fixed_4097x4097x4097_128x128x32_w8_s1,HFMA2,5
triton_fixed_4097x4097x4097_128x128x32_w8_s1,LEA,5
triton_fixed_4097x4097x4097_128x128x32_w8_s1,USHF.R.S32.HI,5
triton_fixed_4097x4097x4097_128x128x32_w8_s1,UIMAD,4
triton_fixed_4097x4097x4097_128x128x32_w8_s1,UMOV,4
triton_fixed_4097x4097x4097_128x128x32_w8_s1,ISETP.GE.AND,3
triton_fixed_4097x4097x4097_128x128x32_w8_s1,LDCU.64,3
triton_fixed_4097x4097x4097_128x128x32_w8_s1,S2R,3
triton_fixed_4097x4097x4097_128x128x32_w8_s1,ULEA.HI,3
triton_fixed_4097x4097x4097_128x128x32_w8_s1,ULOP3.LUT,3
triton_fixed_4097x4097x4097_128x128x32_w8_s1,USHF.L.U32,3
triton_fixed_4097x4097x4097_128x128x32_w8_s1,BRA,2
triton_fixed_4097x4097x4097_128x128x32_w8_s1,BRA.U,2
triton_fixed_4097x4097x4097_128x128x32_w8_s1,EXIT,2
triton_fixed_4097x4097x4097_128x128x32_w8_s1,IADD3,2
triton_fixed_4097x4097x4097_128x128x32_w8_s1,IMAD.HI.U32,2
triton_fixed_4097x4097x4097_128x128x32_w8_s1,MUFU.RCP,2
triton_fixed_4097x4097x4097_128x128x32_w8_s1,S2UR,2
triton_fixed_4097x4097x4097_128x128x32_w8_s1,SGXT.U32,2
triton_fixed_4097x4097x4097_128x128x32_w8_s1,SHF.R.U32.HI,2
triton_fixed_4097x4097x4097_128x128x32_w8_s1,ULEA,2
triton_fixed_4097x4097x4097_128x128x32_w8_s1,F2I.FTZ.U32.TRUNC.NTZ,1
triton_fixed_4097x4097x4097_128x128x32_w8_s1,I2F.RP,1
triton_fixed_4097x4097x4097_128x128x32_w8_s1,ISETP.GE.U32.AND,1
triton_fixed_4097x4097x4097_128x128x32_w8_s1,ISETP.GT.U32.AND,1
triton_fixed_4097x4097x4097_128x128x32_w8_s1,ISETP.LE.AND,1
triton_fixed_4097x4097x4097_128x128x32_w8_s1,ISETP.NE.AND,1
triton_fixed_4097x4097x4097_128x128x32_w8_s1,LDC,1
triton_fixed_4097x4097x4097_128x128x32_w8_s1,LDCU.128,1
triton_fixed_4097x4097x4097_128x128x32_w8_s1,SHF.L.U64.HI,1
triton_fixed_4097x4097x4097_128x128x32_w8_s1,SHF.R.S32.HI,1
triton_fixed_4097x4097x4097_128x128x32_w8_s1,UF2I.FTZ.U32.TRUNC.NTZ,1
triton_fixed_4097x4097x4097_128x128x32_w8_s1,UI2F.RP,1
triton_fixed_4097x4097x4097_128x128x32_w8_s1,UIMAD.HI.U32,1
triton_fixed_4097x4097x4097_128x128x32_w8_s1,UIMAD.WIDE.U32,1
triton_fixed_4097x4097x4097_128x128x32_w8_s1,UISETP.GE.AND,1
triton_fixed_4097x4097x4097_128x128x32_w8_s1,UISETP.GE.U32.AND,1
triton_fixed_4097x4097x4097_128x128x32_w8_s1,UISETP.GT.AND,1
triton_fixed_4097x4097x4097_128x128x32_w8_s1,UISETP.GT.U32.AND,1
triton_fixed_4097x4097x4097_128x128x32_w8_s1,UISETP.NE.AND,1
triton_fixed_4097x4097x4097_128x128x32_w8_s1,UISETP.NE.U32.AND,1
triton_fixed_4097x4097x4097_128x128x32_w8_s1,ULEA.HI.SX32,1
triton_fixed_4097x4097x4097_128x128x32_w8_s1,UVIMNMX.S32,1
triton_fixed_4097x4097x4097_128x128x32_w8_s2,FFMA,2048
triton_fixed_4097x4097x4097_128x128x32_w8_s2,IADD.64,240
triton_fixed_4097x4097x4097_128x128x32_w8_s2,LDS.128,160
triton_fixed_4097x4097x4097_128x128x32_w8_s2,LOP3.LUT,149
triton_fixed_4097x4097x4097_128x128x32_w8_s2,SEL,148
triton_fixed_4097x4097x4097_128x128x32_w8_s2,SHF.L.U32,123
triton_fixed_4097x4097x4097_128x128x32_w8_s2,IMAD.HI,112
triton_fixed_4097x4097x4097_128x128x32_w8_s2,IMAD,110
triton_fixed_4097x4097x4097_128x128x32_w8_s2,MOV,66
triton_fixed_4097x4097x4097_128x128x32_w8_s2,IMAD.WIDE,64
triton_fixed_4097x4097x4097_128x128x32_w8_s2,ISETP.LT.AND,64
triton_fixed_4097x4097x4097_128x128x32_w8_s2,ISETP.NE.U32.AND,64
triton_fixed_4097x4097x4097_128x128x32_w8_s2,LDGSTS.E,64
triton_fixed_4097x4097x4097_128x128x32_w8_s2,MOV.64,64
triton_fixed_4097x4097x4097_128x128x32_w8_s2,STG.E,64
triton_fixed_4097x4097x4097_128x128x32_w8_s2,ISETP.GE.AND,52
triton_fixed_4097x4097x4097_128x128x32_w8_s2,PLOP3.LUT,32
triton_fixed_4097x4097x4097_128x128x32_w8_s2,IADD,30
triton_fixed_4097x4097x4097_128x128x32_w8_s2,BAR.SYNC.DEFER_BLOCKING,18
triton_fixed_4097x4097x4097_128x128x32_w8_s2,SHF.L.U64.HI,17
triton_fixed_4097x4097x4097_128x128x32_w8_s2,SHF.R.S32.HI,17
triton_fixed_4097x4097x4097_128x128x32_w8_s2,IMAD.WIDE.U32,16
triton_fixed_4097x4097x4097_128x128x32_w8_s2,LDSM.16.M88.4,16
triton_fixed_4097x4097x4097_128x128x32_w8_s2,STS.128,16
triton_fixed_4097x4097x4097_128x128x32_w8_s2,UIADD3,15
triton_fixed_4097x4097x4097_128x128x32_w8_s2,NOP,10
triton_fixed_4097x4097x4097_128x128x32_w8_s2,R2UR,9
triton_fixed_4097x4097x4097_128x128x32_w8_s2,LEA,8
triton_fixed_4097x4097x4097_128x128x32_w8_s2,IABS,6
triton_fixed_4097x4097x4097_128x128x32_w8_s2,LDS,6
triton_fixed_4097x4097x4097_128x128x32_w8_s2,LDCU.64,5
triton_fixed_4097x4097x4097_128x128x32_w8_s2,USHF.R.S32.HI,5
triton_fixed_4097x4097x4097_128x128x32_w8_s2,LDGDEPBAR,4
triton_fixed_4097x4097x4097_128x128x32_w8_s2,UIMAD,4
triton_fixed_4097x4097x4097_128x128x32_w8_s2,UMOV,4
triton_fixed_4097x4097x4097_128x128x32_w8_s2,LDL,3
triton_fixed_4097x4097x4097_128x128x32_w8_s2,S2R,3
triton_fixed_4097x4097x4097_128x128x32_w8_s2,STL,3
triton_fixed_4097x4097x4097_128x128x32_w8_s2,UISETP.GE.AND,3
triton_fixed_4097x4097x4097_128x128x32_w8_s2,ULEA.HI,3
triton_fixed_4097x4097x4097_128x128x32_w8_s2,ULOP3.LUT,3
triton_fixed_4097x4097x4097_128x128x32_w8_s2,BRA.U,2
triton_fixed_4097x4097x4097_128x128x32_w8_s2,DEPBAR.LE,2
triton_fixed_4097x4097x4097_128x128x32_w8_s2,EXIT,2
triton_fixed_4097x4097x4097_128x128x32_w8_s2,IADD3,2
triton_fixed_4097x4097x4097_128x128x32_w8_s2,IMAD.HI.U32,2
triton_fixed_4097x4097x4097_128x128x32_w8_s2,ISETP.NE.AND,2
triton_fixed_4097x4097x4097_128x128x32_w8_s2,LDC,2
triton_fixed_4097x4097x4097_128x128x32_w8_s2,MUFU.RCP,2
triton_fixed_4097x4097x4097_128x128x32_w8_s2,S2UR,2
triton_fixed_4097x4097x4097_128x128x32_w8_s2,SGXT.U32,2
triton_fixed_4097x4097x4097_128x128x32_w8_s2,SHF.R.U32.HI,2
triton_fixed_4097x4097x4097_128x128x32_w8_s2,ULEA,2
triton_fixed_4097x4097x4097_128x128x32_w8_s2,USHF.L.U32,2
triton_fixed_4097x4097x4097_128x128x32_w8_s2,BRA,1
triton_fixed_4097x4097x4097_128x128x32_w8_s2,F2I.FTZ.U32.TRUNC.NTZ,1
triton_fixed_4097x4097x4097_128x128x32_w8_s2,HFMA2,1
triton_fixed_4097x4097x4097_128x128x32_w8_s2,I2F.RP,1
triton_fixed_4097x4097x4097_128x128x32_w8_s2,ISETP.GE.U32.AND,1
triton_fixed_4097x4097x4097_128x128x32_w8_s2,ISETP.GT.AND,1
triton_fixed_4097x4097x4097_128x128x32_w8_s2,ISETP.GT.U32.AND,1
triton_fixed_4097x4097x4097_128x128x32_w8_s2,ISETP.LE.AND,1
triton_fixed_4097x4097x4097_128x128x32_w8_s2,LDC.64,1
triton_fixed_4097x4097x4097_128x128x32_w8_s2,LDCU,1
triton_fixed_4097x4097x4097_128x128x32_w8_s2,LDCU.128,1
triton_fixed_4097x4097x4097_128x128x32_w8_s2,P2R,1
triton_fixed_4097x4097x4097_128x128x32_w8_s2,UF2I.FTZ.U32.TRUNC.NTZ,1
triton_fixed_4097x4097x4097_128x128x32_w8_s2,UI2F.RP,1
triton_fixed_4097x4097x4097_128x128x32_w8_s2,UIMAD.HI.U32,1
triton_fixed_4097x4097x4097_128x128x32_w8_s2,UIMAD.WIDE.U32,1
triton_fixed_4097x4097x4097_128x128x32_w8_s2,UISETP.GE.U32.AND,1
triton_fixed_4097x4097x4097_128x128x32_w8_s2,UISETP.GT.U32.AND,1
triton_fixed_4097x4097x4097_128x128x32_w8_s2,UISETP.NE.AND,1
triton_fixed_4097x4097x4097_128x128x32_w8_s2,UISETP.NE.U32.AND,1
triton_fixed_4097x4097x4097_128x128x32_w8_s2,ULEA.HI.SX32,1
triton_fixed_4097x4097x4097_128x128x32_w8_s2,UVIMNMX.S32,1
triton_fixed_4097x4097x4097_128x128x32_w8_s3,FFMA,2048
triton_fixed_4097x4097x4097_128x128x32_w8_s3,IADD.64,256
triton_fixed_4097x4097x4097_128x128x32_w8_s3,SEL,213
triton_fixed_4097x4097x4097_128x128x32_w8_s3,LDS.128,160
triton_fixed_4097x4097x4097_128x128x32_w8_s3,LOP3.LUT,159
triton_fixed_4097x4097x4097_128x128x32_w8_s3,SHF.L.U32,119
triton_fixed_4097x4097x4097_128x128x32_w8_s3,IMAD.HI,112
triton_fixed_4097x4097x4097_128x128x32_w8_s3,IMAD,110
triton_fixed_4097x4097x4097_128x128x32_w8_s3,MOV,99
triton_fixed_4097x4097x4097_128x128x32_w8_s3,ISETP.NE.U32.AND,96
triton_fixed_4097x4097x4097_128x128x32_w8_s3,LDGSTS.E,96
triton_fixed_4097x4097x4097_128x128x32_w8_s3,ISETP.GE.AND,69
triton_fixed_4097x4097x4097_128x128x32_w8_s3,ISETP.LT.AND,64
triton_fixed_4097x4097x4097_128x128x32_w8_s3,MOV.64,64
triton_fixed_4097x4097x4097_128x128x32_w8_s3,STG.E,64
triton_fixed_4097x4097x4097_128x128x32_w8_s3,IMAD.WIDE,48
triton_fixed_4097x4097x4097_128x128x32_w8_s3,IADD,35
triton_fixed_4097x4097x4097_128x128x32_w8_s3,PLOP3.LUT,32
triton_fixed_4097x4097x4097_128x128x32_w8_s3,LEA,25
triton_fixed_4097x4097x4097_128x128x32_w8_s3,BAR.SYNC.DEFER_BLOCKING,19
triton_fixed_4097x4097x4097_128x128x32_w8_s3,SHF.R.S32.HI,17
triton_fixed_4097x4097x4097_128x128x32_w8_s3,UIADD3,17
triton_fixed_4097x4097x4097_128x128x32_w8_s3,IMAD.WIDE.U32,16
triton_fixed_4097x4097x4097_128x128x32_w8_s3,LDSM.16.M88.4,16
triton_fixed_4097x4097x4097_128x128x32_w8_s3,LEA.HI.X,16
triton_fixed_4097x4097x4097_128x128x32_w8_s3,STS.128,16
triton_fixed_4097x4097x4097_128x128x32_w8_s3,LDS,9
triton_fixed_4097x4097x4097_128x128x32_w8_s3,NOP,9
triton_fixed_4097x4097x4097_128x128x32_w8_s3,R2UR,9
triton_fixed_4097x4097x4097_128x128x32_w8_s3,IABS,6
triton_fixed_4097x4097x4097_128x128x32_w8_s3,LDGDEPBAR,6
triton_fixed_4097x4097x4097_128x128x32_w8_s3,LDL,6
triton_fixed_4097x4097x4097_128x128x32_w8_s3,STL,6
triton_fixed_4097x4097x4097_128x128x32_w8_s3,UMOV,6
triton_fixed_4097x4097x4097_128x128x32_w8_s3,USHF.R.S32.HI,6
triton_fixed_4097x4097x4097_128x128x32_w8_s3,USHF.L.U32,5
triton_fixed_4097x4097x4097_128x128x32_w8_s3,UIMAD,4
triton_fixed_4097x4097x4097_128x128x32_w8_s3,ULEA,4
triton_fixed_4097x4097x4097_128x128x32_w8_s3,LDCU.64,3
triton_fixed_4097x4097x4097_128x128x32_w8_s3,S2R,3
triton_fixed_4097x4097x4097_128x128x32_w8_s3,UISETP.GE.AND,3
triton_fixed_4097x4097x4097_128x128x32_w8_s3,ULEA.HI,3
triton_fixed_4097x4097x4097_128x128x32_w8_s3,ULOP3.LUT,3
triton_fixed_4097x4097x4097_128x128x32_w8_s3,BRA.U,2
triton_fixed_4097x4097x4097_128x128x32_w8_s3,DEPBAR.LE,2
triton_fixed_4097x4097x4097_128x128x32_w8_s3,EXIT,2
triton_fixed_4097x4097x4097_128x128x32_w8_s3,IMAD.HI.U32,2
triton_fixed_4097x4097x4097_128x128x32_w8_s3,ISETP.GT.AND,2
triton_fixed_4097x4097x4097_128x128x32_w8_s3,ISETP.NE.AND,2
triton_fixed_4097x4097x4097_128x128x32_w8_s3,LDCU,2
triton_fixed_4097x4097x4097_128x128x32_w8_s3,MUFU.RCP,2
triton_fixed_4097x4097x4097_128x128x32_w8_s3,S2UR,2
triton_fixed_4097x4097x4097_128x128x32_w8_s3,SGXT.U32,2
triton_fixed_4097x4097x4097_128x128x32_w8_s3,SHF.R.U32.HI,2
triton_fixed_4097x4097x4097_128x128x32_w8_s3,UISETP.GT.AND,2
triton_fixed_4097x4097x4097_128x128x32_w8_s3,USEL,2
triton_fixed_4097x4097x4097_128x128x32_w8_s3,USHF.L.U64.HI,2
triton_fixed_4097x4097x4097_128x128x32_w8_s3,BRA,1
triton_fixed_4097x4097x4097_128x128x32_w8_s3,F2I.FTZ.U32.TRUNC.NTZ,1
triton_fixed_4097x4097x4097_128x128x32_w8_s3,HFMA2,1
triton_fixed_4097x4097x4097_128x128x32_w8_s3,I2F.RP,1
triton_fixed_4097x4097x4097_128x128x32_w8_s3,IADD3,1
triton_fixed_4097x4097x4097_128x128x32_w8_s3,ISETP.GE.U32.AND,1
triton_fixed_4097x4097x4097_128x128x32_w8_s3,ISETP.GT.U32.AND,1
triton_fixed_4097x4097x4097_128x128x32_w8_s3,ISETP.LE.AND,1
triton_fixed_4097x4097x4097_128x128x32_w8_s3,LDC,1
triton_fixed_4097x4097x4097_128x128x32_w8_s3,LDC.64,1
triton_fixed_4097x4097x4097_128x128x32_w8_s3,LDCU.128,1
triton_fixed_4097x4097x4097_128x128x32_w8_s3,P2R,1
triton_fixed_4097x4097x4097_128x128x32_w8_s3,SHF.L.U64.HI,1
triton_fixed_4097x4097x4097_128x128x32_w8_s3,UF2I.FTZ.U32.TRUNC.NTZ,1
triton_fixed_4097x4097x4097_128x128x32_w8_s3,UI2F.RP,1
triton_fixed_4097x4097x4097_128x128x32_w8_s3,UIMAD.HI.U32,1
triton_fixed_4097x4097x4097_128x128x32_w8_s3,UIMAD.WIDE.U32,1
triton_fixed_4097x4097x4097_128x128x32_w8_s3,UISETP.GE.U32.AND,1
triton_fixed_4097x4097x4097_128x128x32_w8_s3,UISETP.GT.U32.AND,1
triton_fixed_4097x4097x4097_128x128x32_w8_s3,UISETP.NE.AND,1
triton_fixed_4097x4097x4097_128x128x32_w8_s3,UISETP.NE.U32.AND,1
triton_fixed_4097x4097x4097_128x128x32_w8_s3,ULEA.HI.SX32,1
triton_fixed_4097x4097x4097_128x128x32_w8_s3,UVIMNMX.S32,1
triton_fixed_4097x4097x4097_128x128x32_w8_s4,FFMA,2048
triton_fixed_4097x4097x4097_128x128x32_w8_s4,SEL,278
triton_fixed_4097x4097x4097_128x128x32_w8_s4,IADD.64,256
triton_fixed_4097x4097x4097_128x128x32_w8_s4,LOP3.LUT,164
triton_fixed_4097x4097x4097_128x128x32_w8_s4,LDS.128,160
triton_fixed_4097x4097x4097_128x128x32_w8_s4,SHF.L.U32,135
triton_fixed_4097x4097x4097_128x128x32_w8_s4,ISETP.NE.U32.AND,128
triton_fixed_4097x4097x4097_128x128x32_w8_s4,LDGSTS.E,128
triton_fixed_4097x4097x4097_128x128x32_w8_s4,IMAD.HI,112
triton_fixed_4097x4097x4097_128x128x32_w8_s4,IMAD,110
triton_fixed_4097x4097x4097_128x128x32_w8_s4,ISETP.GE.AND,86
triton_fixed_4097x4097x4097_128x128x32_w8_s4,ISETP.LT.AND,64
triton_fixed_4097x4097x4097_128x128x32_w8_s4,MOV.64,64
triton_fixed_4097x4097x4097_128x128x32_w8_s4,STG.E,64
triton_fixed_4097x4097x4097_128x128x32_w8_s4,MOV,53
triton_fixed_4097x4097x4097_128x128x32_w8_s4,IMAD.WIDE,48
triton_fixed_4097x4097x4097_128x128x32_w8_s4,IADD,36
triton_fixed_4097x4097x4097_128x128x32_w8_s4,PLOP3.LUT,32
triton_fixed_4097x4097x4097_128x128x32_w8_s4,BAR.SYNC.DEFER_BLOCKING,20
triton_fixed_4097x4097x4097_128x128x32_w8_s4,ISETP.NE.AND,20
triton_fixed_4097x4097x4097_128x128x32_w8_s4,P2R,19
triton_fixed_4097x4097x4097_128x128x32_w8_s4,SHF.R.S32.HI,18
triton_fixed_4097x4097x4097_128x128x32_w8_s4,UIADD3,18
triton_fixed_4097x4097x4097_128x128x32_w8_s4,SHF.L.U64.HI,17
triton_fixed_4097x4097x4097_128x128x32_w8_s4,IMAD.WIDE.U32,16
triton_fixed_4097x4097x4097_128x128x32_w8_s4,LDSM.16.M88.4,16
triton_fixed_4097x4097x4097_128x128x32_w8_s4,STS.128,16
triton_fixed_4097x4097x4097_128x128x32_w8_s4,LDS,12
triton_fixed_4097x4097x4097_128x128x32_w8_s4,NOP,10
triton_fixed_4097x4097x4097_128x128x32_w8_s4,LEA,9
triton_fixed_4097x4097x4097_128x128x32_w8_s4,R2UR,9
triton_fixed_4097x4097x4097_128x128x32_w8_s4,LDGDEPBAR,8
triton_fixed_4097x4097x4097_128x128x32_w8_s4,UMOV,7
triton_fixed_4097x4097x4097_128x128x32_w8_s4,IABS,6
triton_fixed_4097x4097x4097_128x128x32_w8_s4,USHF.R.S32.HI,6
triton_fixed_4097x4097x4097_128x128x32_w8_s4,LDL,5
triton_fixed_4097x4097x4097_128x128x32_w8_s4,STL,5
triton_fixed_4097x4097x4097_128x128x32_w8_s4,UIMAD,5
triton_fixed_4097x4097x4097_128x128x32_w8_s4,ULEA,4
triton_fixed_4097x4097x4097_128x128x32_w8_s4,USHF.L.U32,4
triton_fixed_4097x4097x4097_128x128x32_w8_s4,ISETP.GT.AND,3
triton_fixed_4097x4097x4097_128x128x32_w8_s4,LDCU.64,3
triton_fixed_4097x4097x4097_128x128x32_w8_s4,S2R,3
triton_fixed_4097x4097x4097_128x128x32_w8_s4,UISETP.GE.AND,3
triton_fixed_4097x4097x4097_128x128x32_w8_s4,ULEA.HI,3
triton_fixed_4097x4097x4097_128x128x32_w8_s4,ULOP3.LUT,3
triton_fixed_4097x4097x4097_128x128x32_w8_s4,BRA.U,2
triton_fixed_4097x4097x4097_128x128x32_w8_s4,DEPBAR.LE,2
triton_fixed_4097x4097x4097_128x128x32_w8_s4,EXIT,2
triton_fixed_4097x4097x4097_128x128x32_w8_s4,IMAD.HI.U32,2
triton_fixed_4097x4097x4097_128x128x32_w8_s4,LDCU,2
triton_fixed_4097x4097x4097_128x128x32_w8_s4,MUFU.RCP,2
triton_fixed_4097x4097x4097_128x128x32_w8_s4,S2UR,2
triton_fixed_4097x4097x4097_128x128x32_w8_s4,SGXT.U32,2
triton_fixed_4097x4097x4097_128x128x32_w8_s4,SHF.R.U32.HI,2
triton_fixed_4097x4097x4097_128x128x32_w8_s4,UIMAD.WIDE.U32,2
triton_fixed_4097x4097x4097_128x128x32_w8_s4,UISETP.GT.AND,2
triton_fixed_4097x4097x4097_128x128x32_w8_s4,USEL,2
triton_fixed_4097x4097x4097_128x128x32_w8_s4,BRA,1
triton_fixed_4097x4097x4097_128x128x32_w8_s4,F2I.FTZ.U32.TRUNC.NTZ,1
triton_fixed_4097x4097x4097_128x128x32_w8_s4,HFMA2,1
triton_fixed_4097x4097x4097_128x128x32_w8_s4,I2F.RP,1
triton_fixed_4097x4097x4097_128x128x32_w8_s4,IADD3,1
triton_fixed_4097x4097x4097_128x128x32_w8_s4,ISETP.GE.U32.AND,1
triton_fixed_4097x4097x4097_128x128x32_w8_s4,ISETP.GT.U32.AND,1
triton_fixed_4097x4097x4097_128x128x32_w8_s4,ISETP.LE.AND,1
triton_fixed_4097x4097x4097_128x128x32_w8_s4,LDC,1
triton_fixed_4097x4097x4097_128x128x32_w8_s4,LDC.64,1
triton_fixed_4097x4097x4097_128x128x32_w8_s4,LDCU.128,1
triton_fixed_4097x4097x4097_128x128x32_w8_s4,UF2I.FTZ.U32.TRUNC.NTZ,1
triton_fixed_4097x4097x4097_128x128x32_w8_s4,UI2F.RP,1
triton_fixed_4097x4097x4097_128x128x32_w8_s4,UIADD3.64,1
triton_fixed_4097x4097x4097_128x128x32_w8_s4,UIMAD.HI.U32,1
triton_fixed_4097x4097x4097_128x128x32_w8_s4,UISETP.GE.U32.AND,1
triton_fixed_4097x4097x4097_128x128x32_w8_s4,UISETP.GT.U32.AND,1
triton_fixed_4097x4097x4097_128x128x32_w8_s4,UISETP.NE.AND,1
triton_fixed_4097x4097x4097_128x128x32_w8_s4,UISETP.NE.U32.AND,1
triton_fixed_4097x4097x4097_128x128x32_w8_s4,ULEA.HI.SX32,1
triton_fixed_4097x4097x4097_128x128x32_w8_s4,USHF.L.U64.HI,1
triton_fixed_4097x4097x4097_128x128x32_w8_s4,UVIMNMX.S32,1
triton_fixed_4097x4097x4097_128x128x16_w8_s1,FFMA,1024
triton_fixed_4097x4097x4097_128x128x16_w8_s1,IADD.64,152
triton_fixed_4097x4097x4097_128x128x16_w8_s1,LOP3.LUT,100
triton_fixed_4097x4097x4097_128x128x16_w8_s1,SHF.L.U32,91
triton_fixed_4097x4097x4097_128x128x16_w8_s1,IMAD,86
triton_fixed_4097x4097x4097_128x128x16_w8_s1,MOV,81
triton_fixed_4097x4097x4097_128x128x16_w8_s1,IMAD.HI,80
triton_fixed_4097x4097x4097_128x128x16_w8_s1,ISETP.LT.AND,80
triton_fixed_4097x4097x4097_128x128x16_w8_s1,LDS.128,80
triton_fixed_4097x4097x4097_128x128x16_w8_s1,MOV.64,64
triton_fixed_4097x4097x4097_128x128x16_w8_s1,STG.E,64
triton_fixed_4097x4097x4097_128x128x16_w8_s1,IADD,31
triton_fixed_4097x4097x4097_128x128x16_w8_s1,BAR.SYNC.DEFER_BLOCKING,18
triton_fixed_4097x4097x4097_128x128x16_w8_s1,IMAD.WIDE,16
triton_fixed_4097x4097x4097_128x128x16_w8_s1,LDG.E,16
triton_fixed_4097x4097x4097_128x128x16_w8_s1,LDSM.16.M88.4,16
triton_fixed_4097x4097x4097_128x128x16_w8_s1,STS.128,16
triton_fixed_4097x4097x4097_128x128x16_w8_s1,NOP,9
triton_fixed_4097x4097x4097_128x128x16_w8_s1,CS2R,8
triton_fixed_4097x4097x4097_128x128x16_w8_s1,IMAD.WIDE.U32,8
triton_fixed_4097x4097x4097_128x128x16_w8_s1,IABS,6
triton_fixed_4097x4097x4097_128x128x16_w8_s1,ISETP.GE.AND,5
triton_fixed_4097x4097x4097_128x128x16_w8_s1,LDCU,5
triton_fixed_4097x4097x4097_128x128x16_w8_s1,IMAD.HI.U32,4
triton_fixed_4097x4097x4097_128x128x16_w8_s1,LEA,4
triton_fixed_4097x4097x4097_128x128x16_w8_s1,SHF.R.S32.HI,4
triton_fixed_4097x4097x4097_128x128x16_w8_s1,STSM.16.M88.4,4
triton_fixed_4097x4097x4097_128x128x16_w8_s1,LDC,3
triton_fixed_4097x4097x4097_128x128x16_w8_s1,LEA.HI,3
triton_fixed_4097x4097x4097_128x128x16_w8_s1,S2R,3
triton_fixed_4097x4097x4097_128x128x16_w8_s1,UIADD3,3
triton_fixed_4097x4097x4097_128x128x16_w8_s1,BRA,2
triton_fixed_4097x4097x4097_128x128x16_w8_s1,BRA.U,2
triton_fixed_4097x4097x4097_128x128x16_w8_s1,EXIT,2
triton_fixed_4097x4097x4097_128x128x16_w8_s1,F2I.FTZ.U32.TRUNC.NTZ,2
triton_fixed_4097x4097x4097_128x128x16_w8_s1,HFMA2,2
triton_fixed_4097x4097x4097_128x128x16_w8_s1,I2F.RP,2
triton_fixed_4097x4097x4097_128x128x16_w8_s1,IADD3,2
triton_fixed_4097x4097x4097_128x128x16_w8_s1,ISETP.GE.U32.AND,2
triton_fixed_4097x4097x4097_128x128x16_w8_s1,ISETP.GT.U32.AND,2
triton_fixed_4097x4097x4097_128x128x16_w8_s1,ISETP.NE.AND,2
triton_fixed_4097x4097x4097_128x128x16_w8_s1,LDCU.64,2
triton_fixed_4097x4097x4097_128x128x16_w8_s1,MUFU.RCP,2
triton_fixed_4097x4097x4097_128x128x16_w8_s1,S2UR,2
triton_fixed_4097x4097x4097_128x128x16_w8_s1,SGXT.U32,2
triton_fixed_4097x4097x4097_128x128x16_w8_s1,SHF.R.U32.HI,2
triton_fixed_4097x4097x4097_128x128x16_w8_s1,ULEA,2
triton_fixed_4097x4097x4097_128x128x16_w8_s1,UMOV,2
triton_fixed_4097x4097x4097_128x128x16_w8_s1,USHF.R.S32.HI,2
triton_fixed_4097x4097x4097_128x128x16_w8_s1,LDC.64,1
triton_fixed_4097x4097x4097_128x128x16_w8_s1,LDCU.128,1
triton_fixed_4097x4097x4097_128x128x16_w8_s1,LEA.HI.SX32,1
triton_fixed_4097x4097x4097_128x128x16_w8_s1,SHF.L.U64.HI,1
triton_fixed_4097x4097x4097_128x128x16_w8_s1,UISETP.GT.AND,1
triton_fixed_4097x4097x4097_128x128x16_w8_s1,UISETP.NE.U32.AND,1
triton_fixed_4097x4097x4097_128x128x16_w8_s1,ULEA.HI,1
triton_fixed_4097x4097x4097_128x128x16_w8_s1,VIMNMX.S32,1
triton_fixed_4097x4097x4097_128x128x16_w8_s3,FFMA,1024
triton_fixed_4097x4097x4097_128x128x16_w8_s3,IADD.64,190
triton_fixed_4097x4097x4097_128x128x16_w8_s3,SEL,109
triton_fixed_4097x4097x4097_128x128x16_w8_s3,LOP3.LUT,100
triton_fixed_4097x4097x4097_128x128x16_w8_s3,MOV,97
triton_fixed_4097x4097x4097_128x128x16_w8_s3,SHF.L.U32,96
triton_fixed_4097x4097x4097_128x128x16_w8_s3,IMAD.HI,86
triton_fixed_4097x4097x4097_128x128x16_w8_s3,IMAD,85
triton_fixed_4097x4097x4097_128x128x16_w8_s3,LDS.128,80
triton_fixed_4097x4097x4097_128x128x16_w8_s3,ISETP.LT.AND,64
triton_fixed_4097x4097x4097_128x128x16_w8_s3,MOV.64,64
triton_fixed_4097x4097x4097_128x128x16_w8_s3,STG.E,64
triton_fixed_4097x4097x4097_128x128x16_w8_s3,ISETP.NE.U32.AND,48
triton_fixed_4097x4097x4097_128x128x16_w8_s3,LDGSTS.E,48
triton_fixed_4097x4097x4097_128x128x16_w8_s3,ISETP.GE.AND,37
triton_fixed_4097x4097x4097_128x128x16_w8_s3,PLOP3.LUT,32
triton_fixed_4097x4097x4097_128x128x16_w8_s3,IADD,30
triton_fixed_4097x4097x4097_128x128x16_w8_s3,IMAD.WIDE,24
triton_fixed_4097x4097x4097_128x128x16_w8_s3,BAR.SYNC.DEFER_BLOCKING,19
triton_fixed_4097x4097x4097_128x128x16_w8_s3,LEA,17
triton_fixed_4097x4097x4097_128x128x16_w8_s3,UIADD3,17
triton_fixed_4097x4097x4097_128x128x16_w8_s3,LDSM.16.M88.4,16
triton_fixed_4097x4097x4097_128x128x16_w8_s3,STS.128,16
triton_fixed_4097x4097x4097_128x128x16_w8_s3,NOP,12
triton_fixed_4097x4097x4097_128x128x16_w8_s3,SHF.R.S32.HI,11
triton_fixed_4097x4097x4097_128x128x16_w8_s3,LEA.HI.X,10
triton_fixed_4097x4097x4097_128x128x16_w8_s3,LDS,9
triton_fixed_4097x4097x4097_128x128x16_w8_s3,IMAD.WIDE.U32,8
triton_fixed_4097x4097x4097_128x128x16_w8_s3,R2UR,8
triton_fixed_4097x4097x4097_128x128x16_w8_s3,IABS,6
triton_fixed_4097x4097x4097_128x128x16_w8_s3,LDGDEPBAR,6
triton_fixed_4097x4097x4097_128x128x16_w8_s3,UMOV,6
triton_fixed_4097x4097x4097_128x128x16_w8_s3,USHF.R.S32.HI,6
triton_fixed_4097x4097x4097_128x128x16_w8_s3,USHF.L.U32,5
triton_fixed_4097x4097x4097_128x128x16_w8_s3,ISETP.NE.AND,4
triton_fixed_4097x4097x4097_128x128x16_w8_s3,LDCU.64,4
triton_fixed_4097x4097x4097_128x128x16_w8_s3,S2R,4
triton_fixed_4097x4097x4097_128x128x16_w8_s3,STL,4
triton_fixed_4097x4097x4097_128x128x16_w8_s3,UIMAD,4
triton_fixed_4097x4097x4097_128x128x16_w8_s3,P2R,3
triton_fixed_4097x4097x4097_128x128x16_w8_s3,UISETP.GT.AND,3
triton_fixed_4097x4097x4097_128x128x16_w8_s3,ULEA.HI,3
triton_fixed_4097x4097x4097_128x128x16_w8_s3,ULOP3.LUT,3
triton_fixed_4097x4097x4097_128x128x16_w8_s3,BRA,2
triton_fixed_4097x4097x4097_128x128x16_w8_s3,BRA.U,2
triton_fixed_4097x4097x4097_128x128x16_w8_s3,DEPBAR.LE,2
triton_fixed_4097x4097x4097_128x128x16_w8_s3,EXIT,2
triton_fixed_4097x4097x4097_128x128x16_w8_s3,IMAD.HI.U32,2
triton_fixed_4097x4097x4097_128x128x16_w8_s3,LDCU,2
triton_fixed_4097x4097x4097_128x128x16_w8_s3,LDL.LU,2
triton_fixed_4097x4097x4097_128x128x16_w8_s3,MUFU.RCP,2
triton_fixed_4097x4097x4097_128x128x16_w8_s3,S2UR,2
triton_fixed_4097x4097x4097_128x128x16_w8_s3,SGXT.U32,2
triton_fixed_4097x4097x4097_128x128x16_w8_s3,SHF.R.U32.HI,2
triton_fixed_4097x4097x4097_128x128x16_w8_s3,UISETP.GE.AND,2
triton_fixed_4097x4097x4097_128x128x16_w8_s3,ULEA,2
triton_fixed_4097x4097x4097_128x128x16_w8_s3,USEL,2
triton_fixed_4097x4097x4097_128x128x16_w8_s3,USHF.L.U64.HI,2
triton_fixed_4097x4097x4097_128x128x16_w8_s3,F2I.FTZ.U32.TRUNC.NTZ,1
triton_fixed_4097x4097x4097_128x128x16_w8_s3,HFMA2,1
triton_fixed_4097x4097x4097_128x128x16_w8_s3,I2F.RP,1
triton_fixed_4097x4097x4097_128x128x16_w8_s3,IADD3,1
triton_fixed_4097x4097x4097_128x128x16_w8_s3,ISETP.GE.U32.AND,1
triton_fixed_4097x4097x4097_128x128x16_w8_s3,ISETP.GT.AND,1
triton_fixed_4097x4097x4097_128x128x16_w8_s3,ISETP.GT.U32.AND,1
triton_fixed_4097x4097x4097_128x128x16_w8_s3,ISETP.LE.AND,1
triton_fixed_4097x4097x4097_128x128x16_w8_s3,LDC,1
triton_fixed_4097x4097x4097_128x128x16_w8_s3,LDC.64,1
triton_fixed_4097x4097x4097_128x128x16_w8_s3,LDCU.128,1
triton_fixed_4097x4097x4097_128x128x16_w8_s3,LDL,1
triton_fixed_4097x4097x4097_128x128x16_w8_s3,LEA.HI,1
triton_fixed_4097x4097x4097_128x128x16_w8_s3,SHF.L.U64.HI,1
triton_fixed_4097x4097x4097_128x128x16_w8_s3,UF2I.FTZ.U32.TRUNC.NTZ,1
triton_fixed_4097x4097x4097_128x128x16_w8_s3,UI2F.RP,1
triton_fixed_4097x4097x4097_128x128x16_w8_s3,UIMAD.HI.U32,1
triton_fixed_4097x4097x4097_128x128x16_w8_s3,UIMAD.WIDE.U32,1
triton_fixed_4097x4097x4097_128x128x16_w8_s3,UISETP.GE.U32.AND,1
triton_fixed_4097x4097x4097_128x128x16_w8_s3,UISETP.GT.U32.AND,1
triton_fixed_4097x4097x4097_128x128x16_w8_s3,UISETP.NE.AND,1
triton_fixed_4097x4097x4097_128x128x16_w8_s3,UISETP.NE.U32.AND,1
triton_fixed_4097x4097x4097_128x128x16_w8_s3,ULEA.HI.SX32,1
triton_fixed_4097x4097x4097_128x128x16_w8_s3,UVIMNMX.S32,1
triton_fixed_4097x4097x4097_128x128x32_w4_s3,FFMA,4096
triton_fixed_4097x4097x4097_128x128x32_w4_s3,IADD.64,418
triton_fixed_4097x4097x4097_128x128x32_w4_s3,SEL,406
triton_fixed_4097x4097x4097_128x128x32_w4_s3,LDS.128,288
triton_fixed_4097x4097x4097_128x128x32_w4_s3,IADD,263
triton_fixed_4097x4097x4097_128x128x32_w4_s3,MOV,253
triton_fixed_4097x4097x4097_128x128x32_w4_s3,LOP3.LUT,229
triton_fixed_4097x4097x4097_128x128x32_w4_s3,SHF.L.U32,207
triton_fixed_4097x4097x4097_128x128x32_w4_s3,IMAD.HI,193
triton_fixed_4097x4097x4097_128x128x32_w4_s3,ISETP.NE.U32.AND,193
triton_fixed_4097x4097x4097_128x128x32_w4_s3,LDGSTS.E,192
triton_fixed_4097x4097x4097_128x128x32_w4_s3,IMAD,191
triton_fixed_4097x4097x4097_128x128x32_w4_s3,MOV.64,137
triton_fixed_4097x4097x4097_128x128x32_w4_s3,LDCU,130
triton_fixed_4097x4097x4097_128x128x32_w4_s3,ISETP.LT.AND,128
triton_fixed_4097x4097x4097_128x128x32_w4_s3,LDCU.64,128
triton_fixed_4097x4097x4097_128x128x32_w4_s3,STG.E,128
triton_fixed_4097x4097x4097_128x128x32_w4_s3,LDC,112
triton_fixed_4097x4097x4097_128x128x32_w4_s3,IMAD.WIDE,94
triton_fixed_4097x4097x4097_128x128x32_w4_s3,STL.64,85
triton_fixed_4097x4097x4097_128x128x32_w4_s3,BAR.SYNC.DEFER_BLOCKING,67
triton_fixed_4097x4097x4097_128x128x32_w4_s3,ISETP.GE.U32.AND,66
triton_fixed_4097x4097x4097_128x128x32_w4_s3,LDL.LU.64,53
triton_fixed_4097x4097x4097_128x128x32_w4_s3,ISETP.GE.AND,40
triton_fixed_4097x4097x4097_128x128x32_w4_s3,ISETP.GT.AND,35
triton_fixed_4097x4097x4097_128x128x32_w4_s3,IMAD.WIDE.U32,32
triton_fixed_4097x4097x4097_128x128x32_w4_s3,LDSM.16.M88.4,32
triton_fixed_4097x4097x4097_128x128x32_w4_s3,STS.128,32
triton_fixed_4097x4097x4097_128x128x32_w4_s3,SHF.R.U64,31
triton_fixed_4097x4097x4097_128x128x32_w4_s3,LEA,21
triton_fixed_4097x4097x4097_128x128x32_w4_s3,SHF.R.U32.HI,16
triton_fixed_4097x4097x4097_128x128x32_w4_s3,IADD3,13
triton_fixed_4097x4097x4097_128x128x32_w4_s3,NOP,10
triton_fixed_4097x4097x4097_128x128x32_w4_s3,LDL.64,9
triton_fixed_4097x4097x4097_128x128x32_w4_s3,LDS,9
triton_fixed_4097x4097x4097_128x128x32_w4_s3,STL,9
triton_fixed_4097x4097x4097_128x128x32_w4_s3,SHF.R.S32.HI,7
triton_fixed_4097x4097x4097_128x128x32_w4_s3,IABS,6
triton_fixed_4097x4097x4097_128x128x32_w4_s3,LDGDEPBAR,6
triton_fixed_4097x4097x4097_128x128x32_w4_s3,MOV.SPILL,6
triton_fixed_4097x4097x4097_128x128x32_w4_s3,R2UR.FILL,6
triton_fixed_4097x4097x4097_128x128x32_w4_s3,LDL,5
triton_fixed_4097x4097x4097_128x128x32_w4_s3,LDL.LU,5
triton_fixed_4097x4097x4097_128x128x32_w4_s3,IMAD.HI.U32,4
triton_fixed_4097x4097x4097_128x128x32_w4_s3,ISETP.NE.AND,4
triton_fixed_4097x4097x4097_128x128x32_w4_s3,S2R,4
triton_fixed_4097x4097x4097_128x128x32_w4_s3,UMOV,4
triton_fixed_4097x4097x4097_128x128x32_w4_s3,BRA,3
triton_fixed_4097x4097x4097_128x128x32_w4_s3,HFMA2,3
triton_fixed_4097x4097x4097_128x128x32_w4_s3,LEA.HI,3
triton_fixed_4097x4097x4097_128x128x32_w4_s3,DEPBAR.LE,2
triton_fixed_4097x4097x4097_128x128x32_w4_s3,EXIT,2
triton_fixed_4097x4097x4097_128x128x32_w4_s3,F2I.FTZ.U32.TRUNC.NTZ,2
triton_fixed_4097x4097x4097_128x128x32_w4_s3,I2F.RP,2
triton_fixed_4097x4097x4097_128x128x32_w4_s3,ISETP.GT.U32.AND,2
triton_fixed_4097x4097x4097_128x128x32_w4_s3,LDC.64,2
triton_fixed_4097x4097x4097_128x128x32_w4_s3,MUFU.RCP,2
triton_fixed_4097x4097x4097_128x128x32_w4_s3,P2R,2
triton_fixed_4097x4097x4097_128x128x32_w4_s3,SHF.L.U64.HI,2
triton_fixed_4097x4097x4097_128x128x32_w4_s3,UIADD3,2
triton_fixed_4097x4097x4097_128x128x32_w4_s3,ULEA,2
triton_fixed_4097x4097x4097_128x128x32_w4_s3,UMOV.64,2
triton_fixed_4097x4097x4097_128x128x32_w4_s3,ISETP.LE.AND,1
triton_fixed_4097x4097x4097_128x128x32_w4_s3,LDCU.128,1
triton_fixed_4097x4097x4097_128x128x32_w4_s3,LEA.HI.SX32,1
triton_fixed_4097x4097x4097_128x128x32_w4_s3,LEA.HI.X,1
triton_fixed_4097x4097x4097_128x128x32_w4_s3,PRMT,1
triton_fixed_4097x4097x4097_128x128x32_w4_s3,S2UR,1
triton_fixed_4097x4097x4097_128x128x32_w4_s3,SGXT.U32,1
triton_fixed_4097x4097x4097_128x128x32_w4_s3,UIMAD.WIDE,1
triton_fixed_4097x4097x4097_128x128x32_w4_s3,UISETP.GT.AND,1
triton_fixed_4097x4097x4097_128x128x32_w4_s3,USEL,1
triton_fixed_4097x4097x4097_128x128x32_w4_s3,USHF.L.U32,1
triton_fixed_4097x4097x4097_128x128x32_w4_s3,VIMNMX.S32,1
triton_fixed_4097x4097x4097_64x64x32_w4_s3,FFMA,1024
triton_fixed_4097x4097x4097_64x64x32_w4_s3,SEL,213
triton_fixed_4097x4097x4097_64x64x32_w4_s3,IADD.64,190
triton_fixed_4097x4097x4097_64x64x32_w4_s3,ISETP.NE.U32.AND,96
triton_fixed_4097x4097x4097_64x64x32_w4_s3,LDGSTS.E,96
triton_fixed_4097x4097x4097_64x64x32_w4_s3,LDS.128,96
triton_fixed_4097x4097x4097_64x64x32_w4_s3,PLOP3.LUT,96
triton_fixed_4097x4097x4097_64x64x32_w4_s3,SHF.L.U32,89
triton_fixed_4097x4097x4097_64x64x32_w4_s3,IMAD.HI,78
triton_fixed_4097x4097x4097_64x64x32_w4_s3,IMAD,76
triton_fixed_4097x4097x4097_64x64x32_w4_s3,LOP3.LUT,74
triton_fixed_4097x4097x4097_64x64x32_w4_s3,ISETP.GE.AND,69
triton_fixed_4097x4097x4097_64x64x32_w4_s3,IMAD.WIDE,48
triton_fixed_4097x4097x4097_64x64x32_w4_s3,MOV,47
triton_fixed_4097x4097x4097_64x64x32_w4_s3,IADD,34
triton_fixed_4097x4097x4097_64x64x32_w4_s3,ISETP.LT.AND,32
triton_fixed_4097x4097x4097_64x64x32_w4_s3,MOV.64,32
triton_fixed_4097x4097x4097_64x64x32_w4_s3,STG.E,32
triton_fixed_4097x4097x4097_64x64x32_w4_s3,LEA,25
triton_fixed_4097x4097x4097_64x64x32_w4_s3,ISETP.NE.AND,22
triton_fixed_4097x4097x4097_64x64x32_w4_s3,SHF.R.S32.HI,19
triton_fixed_4097x4097x4097_64x64x32_w4_s3,LEA.HI.X,18
triton_fixed_4097x4097x4097_64x64x32_w4_s3,UIADD3,18
triton_fixed_4097x4097x4097_64x64x32_w4_s3,IMAD.WIDE.U32,16
triton_fixed_4097x4097x4097_64x64x32_w4_s3,NOP,14
triton_fixed_4097x4097x4097_64x64x32_w4_s3,P2R,13
triton_fixed_4097x4097x4097_64x64x32_w4_s3,BAR.SYNC.DEFER_BLOCKING,11
triton_fixed_4097x4097x4097_64x64x32_w4_s3,LDS,9
triton_fixed_4097x4097x4097_64x64x32_w4_s3,LDSM.16.M88.4,8
triton_fixed_4097x4097x4097_64x64x32_w4_s3,STS.128,8
triton_fixed_4097x4097x4097_64x64x32_w4_s3,R2UR,7
triton_fixed_4097x4097x4097_64x64x32_w4_s3,IABS,6
triton_fixed_4097x4097x4097_64x64x32_w4_s3,LDGDEPBAR,6
triton_fixed_4097x4097x4097_64x64x32_w4_s3,UMOV,6
triton_fixed_4097x4097x4097_64x64x32_w4_s3,USHF.R.S32.HI,6
triton_fixed_4097x4097x4097_64x64x32_w4_s3,LDCU.64,5
triton_fixed_4097x4097x4097_64x64x32_w4_s3,USHF.L.U32,5
triton_fixed_4097x4097x4097_64x64x32_w4_s3,S2R,4
triton_fixed_4097x4097x4097_64x64x32_w4_s3,UIMAD,4
triton_fixed_4097x4097x4097_64x64x32_w4_s3,UISETP.GT.AND,4
triton_fixed_4097x4097x4097_64x64x32_w4_s3,ULEA.HI,3
triton_fixed_4097x4097x4097_64x64x32_w4_s3,ULOP3.LUT,3
triton_fixed_4097x4097x4097_64x64x32_w4_s3,BRA,2
triton_fixed_4097x4097x4097_64x64x32_w4_s3,BRA.U,2
triton_fixed_4097x4097x4097_64x64x32_w4_s3,DEPBAR.LE,2
triton_fixed_4097x4097x4097_64x64x32_w4_s3,EXIT,2
triton_fixed_4097x4097x4097_64x64x32_w4_s3,IADD3,2
triton_fixed_4097x4097x4097_64x64x32_w4_s3,IMAD.HI.U32,2
triton_fixed_4097x4097x4097_64x64x32_w4_s3,LDCU,2
triton_fixed_4097x4097x4097_64x64x32_w4_s3,MUFU.RCP,2
triton_fixed_4097x4097x4097_64x64x32_w4_s3,S2UR,2
triton_fixed_4097x4097x4097_64x64x32_w4_s3,SGXT.U32,2
triton_fixed_4097x4097x4097_64x64x32_w4_s3,SHF.R.U32.HI,2
triton_fixed_4097x4097x4097_64x64x32_w4_s3,UISETP.GE.AND,2
triton_fixed_4097x4097x4097_64x64x32_w4_s3,ULEA,2
triton_fixed_4097x4097x4097_64x64x32_w4_s3,USEL,2
triton_fixed_4097x4097x4097_64x64x32_w4_s3,USHF.L.U64.HI,2
triton_fixed_4097x4097x4097_64x64x32_w4_s3,F2I.FTZ.U32.TRUNC.NTZ,1
triton_fixed_4097x4097x4097_64x64x32_w4_s3,HFMA2,1
triton_fixed_4097x4097x4097_64x64x32_w4_s3,I2F.RP,1
triton_fixed_4097x4097x4097_64x64x32_w4_s3,ISETP.GE.U32.AND,1
triton_fixed_4097x4097x4097_64x64x32_w4_s3,ISETP.GT.U32.AND,1
triton_fixed_4097x4097x4097_64x64x32_w4_s3,ISETP.LE.AND,1
triton_fixed_4097x4097x4097_64x64x32_w4_s3,LDC,1
triton_fixed_4097x4097x4097_64x64x32_w4_s3,LDCU.128,1
triton_fixed_4097x4097x4097_64x64x32_w4_s3,LEA.HI,1
triton_fixed_4097x4097x4097_64x64x32_w4_s3,SHF.L.U64.HI,1
triton_fixed_4097x4097x4097_64x64x32_w4_s3,UF2I.FTZ.U32.TRUNC.NTZ,1
triton_fixed_4097x4097x4097_64x64x32_w4_s3,UI2F.RP,1
triton_fixed_4097x4097x4097_64x64x32_w4_s3,UIMAD.HI.U32,1
triton_fixed_4097x4097x4097_64x64x32_w4_s3,UIMAD.WIDE.U32,1
triton_fixed_4097x4097x4097_64x64x32_w4_s3,UISETP.GE.U32.AND,1
triton_fixed_4097x4097x4097_64x64x32_w4_s3,UISETP.GT.U32.AND,1
triton_fixed_4097x4097x4097_64x64x32_w4_s3,UISETP.NE.AND,1
triton_fixed_4097x4097x4097_64x64x32_w4_s3,UISETP.NE.U32.AND,1
triton_fixed_4097x4097x4097_64x64x32_w4_s3,ULEA.HI.SX32,1
triton_fixed_4097x4097x4097_64x64x32_w4_s3,UVIMNMX.S32,1
triton_fixed_4097x4097x4097_128x64x32_w4_s4,FFMA,2048
triton_fixed_4097x4097x4097_128x64x32_w4_s4,SEL,406
triton_fixed_4097x4097x4097_128x64x32_w4_s4,IADD.64,332
triton_fixed_4097x4097x4097_128x64x32_w4_s4,LOP3.LUT,260
triton_fixed_4097x4097x4097_128x64x32_w4_s4,ISETP.NE.U32.AND,192
triton_fixed_4097x4097x4097_128x64x32_w4_s4,LDGSTS.E,192
triton_fixed_4097x4097x4097_128x64x32_w4_s4,SHF.L.U32,167
triton_fixed_4097x4097x4097_128x64x32_w4_s4,LDS.128,160
triton_fixed_4097x4097x4097_128x64x32_w4_s4,IMAD.HI,140
triton_fixed_4097x4097x4097_128x64x32_w4_s4,IMAD,138
triton_fixed_4097x4097x4097_128x64x32_w4_s4,MOV,109
triton_fixed_4097x4097x4097_128x64x32_w4_s4,ISETP.GE.AND,103
triton_fixed_4097x4097x4097_128x64x32_w4_s4,ISETP.LT.AND,64
triton_fixed_4097x4097x4097_128x64x32_w4_s4,MOV.64,64
triton_fixed_4097x4097x4097_128x64x32_w4_s4,STG.E,64
triton_fixed_4097x4097x4097_128x64x32_w4_s4,IMAD.WIDE,48
triton_fixed_4097x4097x4097_128x64x32_w4_s4,IADD,47
triton_fixed_4097x4097x4097_128x64x32_w4_s4,IMAD.WIDE.U32,32
triton_fixed_4097x4097x4097_128x64x32_w4_s4,SHF.R.S32.HI,22
triton_fixed_4097x4097x4097_128x64x32_w4_s4,BAR.SYNC.DEFER_BLOCKING,20
triton_fixed_4097x4097x4097_128x64x32_w4_s4,UIADD3,20
triton_fixed_4097x4097x4097_128x64x32_w4_s4,ISETP.NE.AND,17
triton_fixed_4097x4097x4097_128x64x32_w4_s4,SHF.L.U64.HI,17
triton_fixed_4097x4097x4097_128x64x32_w4_s4,LDSM.16.M88.4,16
triton_fixed_4097x4097x4097_128x64x32_w4_s4,LEA,16
triton_fixed_4097x4097x4097_128x64x32_w4_s4,P2R,16
triton_fixed_4097x4097x4097_128x64x32_w4_s4,STS.128,16
triton_fixed_4097x4097x4097_128x64x32_w4_s4,LDS,12
triton_fixed_4097x4097x4097_128x64x32_w4_s4,LDGDEPBAR,8
triton_fixed_4097x4097x4097_128x64x32_w4_s4,NOP,8
triton_fixed_4097x4097x4097_128x64x32_w4_s4,R2UR,7
triton_fixed_4097x4097x4097_128x64x32_w4_s4,UMOV,7
triton_fixed_4097x4097x4097_128x64x32_w4_s4,IABS,6
triton_fixed_4097x4097x4097_128x64x32_w4_s4,USHF.R.S32.HI,6
triton_fixed_4097x4097x4097_128x64x32_w4_s4,LDCU.64,5
triton_fixed_4097x4097x4097_128x64x32_w4_s4,STL,5
triton_fixed_4097x4097x4097_128x64x32_w4_s4,UIMAD,5
triton_fixed_4097x4097x4097_128x64x32_w4_s4,LEA.HI.X,4
triton_fixed_4097x4097x4097_128x64x32_w4_s4,S2R,4
triton_fixed_4097x4097x4097_128x64x32_w4_s4,USHF.L.U32,4
triton_fixed_4097x4097x4097_128x64x32_w4_s4,BRA,3
triton_fixed_4097x4097x4097_128x64x32_w4_s4,IADD3,3
triton_fixed_4097x4097x4097_128x64x32_w4_s4,ISETP.GT.AND,3
triton_fixed_4097x4097x4097_128x64x32_w4_s4,LDL,3
triton_fixed_4097x4097x4097_128x64x32_w4_s4,ULEA.HI,3
triton_fixed_4097x4097x4097_128x64x32_w4_s4,ULOP3.LUT,3
triton_fixed_4097x4097x4097_128x64x32_w4_s4,DEPBAR.LE,2
triton_fixed_4097x4097x4097_128x64x32_w4_s4,EXIT,2
triton_fixed_4097x4097x4097_128x64x32_w4_s4,IMAD.HI.U32,2
triton_fixed_4097x4097x4097_128x64x32_w4_s4,LDCU,2
triton_fixed_4097x4097x4097_128x64x32_w4_s4,LDL.LU,2
triton_fixed_4097x4097x4097_128x64x32_w4_s4,MUFU.RCP,2
triton_fixed_4097x4097x4097_128x64x32_w4_s4,S2UR,2
triton_fixed_4097x4097x4097_128x64x32_w4_s4,SGXT.U32,2
triton_fixed_4097x4097x4097_128x64x32_w4_s4,SHF.R.U32.HI,2
triton_fixed_4097x4097x4097_128x64x32_w4_s4,UIMAD.WIDE.U32,2
triton_fixed_4097x4097x4097_128x64x32_w4_s4,UISETP.GT.AND,2
triton_fixed_4097x4097x4097_128x64x32_w4_s4,USEL,2
triton_fixed_4097x4097x4097_128x64x32_w4_s4,BRA.U,1
triton_fixed_4097x4097x4097_128x64x32_w4_s4,F2I.FTZ.U32.TRUNC.NTZ,1
triton_fixed_4097x4097x4097_128x64x32_w4_s4,HFMA2,1
triton_fixed_4097x4097x4097_128x64x32_w4_s4,I2F.RP,1
triton_fixed_4097x4097x4097_128x64x32_w4_s4,ISETP.GE.U32.AND,1
triton_fixed_4097x4097x4097_128x64x32_w4_s4,ISETP.GT.U32.AND,1
triton_fixed_4097x4097x4097_128x64x32_w4_s4,ISETP.LE.AND,1
triton_fixed_4097x4097x4097_128x64x32_w4_s4,LDC,1
triton_fixed_4097x4097x4097_128x64x32_w4_s4,LDCU.128,1
triton_fixed_4097x4097x4097_128x64x32_w4_s4,LEA.HI,1
triton_fixed_4097x4097x4097_128x64x32_w4_s4,UF2I.FTZ.U32.TRUNC.NTZ,1
triton_fixed_4097x4097x4097_128x64x32_w4_s4,UI2F.RP,1
triton_fixed_4097x4097x4097_128x64x32_w4_s4,UIADD3.64,1
triton_fixed_4097x4097x4097_128x64x32_w4_s4,UIMAD.HI.U32,1
triton_fixed_4097x4097x4097_128x64x32_w4_s4,UISETP.GE.AND,1
triton_fixed_4097x4097x4097_128x64x32_w4_s4,UISETP.GE.U32.AND,1
triton_fixed_4097x4097x4097_128x64x32_w4_s4,UISETP.GT.U32.AND,1
triton_fixed_4097x4097x4097_128x64x32_w4_s4,UISETP.NE.AND,1
triton_fixed_4097x4097x4097_128x64x32_w4_s4,UISETP.NE.U32.AND,1
triton_fixed_4097x4097x4097_128x64x32_w4_s4,ULEA,1
triton_fixed_4097x4097x4097_128x64x32_w4_s4,ULEA.HI.SX32,1
triton_fixed_4097x4097x4097_128x64x32_w4_s4,USHF.L.U64.HI,1
triton_fixed_4097x4097x4097_128x64x32_w4_s4,UVIMNMX.S32,1
cuda_softmax_128,FFMA,105
cuda_softmax_128,MOV,85
cuda_softmax_128,FADD,80
cuda_softmax_128,FMUL,58
cuda_softmax_128,SHF.L.U32,44
cuda_softmax_128,FFMA.RM,41
cuda_softmax_128,FFMA.SAT,40
cuda_softmax_128,MUFU.EX2,40
cuda_softmax_128,BRA,36
cuda_softmax_128,SHFL.BFLY,30
cuda_softmax_128,NOP,25
cuda_softmax_128,HFMA2,23
cuda_softmax_128,BSSY.RECONVERGENT,16
cuda_softmax_128,BSYNC.RECONVERGENT,16
cuda_softmax_128,IADD,16
cuda_softmax_128,LOP3.LUT,14
cuda_softmax_128,ENDCOLLECTIVE,10
cuda_softmax_128,FMNMX,10
cuda_softmax_128,FSETP.NEU.AND,10
cuda_softmax_128,WARPSYNC.COLLECTIVE,10
cuda_softmax_128,IMAD.WIDE.U32,8
cuda_softmax_128,ISETP.GE.AND,6
cuda_softmax_128,LEA,6
cuda_softmax_128,MUFU.RCP,6
cuda_softmax_128,UMOV,6
cuda_softmax_128,BRA.DIV,5
cuda_softmax_128,ISETP.NE.U32.AND,5
cuda_softmax_128,SHF.R.U32.HI,5
cuda_softmax_128,BSSY,4
cuda_softmax_128,BSYNC,4
cuda_softmax_128,FSETP.GT.AND,4
cuda_softmax_128,LDG.E.128.CONSTANT,4
cuda_softmax_128,S2R,4
cuda_softmax_128,EXIT,3
cuda_softmax_128,FADD.FTZ,3
cuda_softmax_128,IADD.64,3
cuda_softmax_128,ISETP.GE.U32.AND,3
cuda_softmax_128,LDC,3
cuda_softmax_128,SEL,3
cuda_softmax_128,STG.E.128,3
cuda_softmax_128,USHF.R.S32.HI,3
cuda_softmax_128,BAR.SYNC.DEFER_BLOCKING,2
cuda_softmax_128,IADD3,2
cuda_softmax_128,IMAD,2
cuda_softmax_128,IMAD.HI.U32,2
cuda_softmax_128,ISETP.GT.U32.AND,2
cuda_softmax_128,LDC.64,2
cuda_softmax_128,LDCU.64,2
cuda_softmax_128,LDS.64,2
cuda_softmax_128,S2UR,2
cuda_softmax_128,STS.64,2
cuda_softmax_128,USHF.L.U32,2
cuda_softmax_128,USHF.L.U64.HI,2
cuda_softmax_128,CALL.REL.NOINC,1
cuda_softmax_128,F2I.FTZ.U32.TRUNC.NTZ,1
cuda_softmax_128,FFMA.RP,1
cuda_softmax_128,FSETP.NEU.FTZ.AND,1
cuda_softmax_128,I2F.U32.RP,1
cuda_softmax_128,ISETP.NE.AND,1
cuda_softmax_128,LDCU,1
cuda_softmax_128,PLOP3.LUT,1
cuda_softmax_128,RET.REL.NODEC,1
cuda_softmax_128,UIADD3,1
cuda_softmax_128,UIMAD,1
cuda_softmax_128,UIMAD.WIDE.U32,1
cuda_softmax_128,ULEA,1
cuda_softmax_128,ULEA.HI,1
cuda_softmax_128,VIMNMX.S32,1
cuda_softmax_128,WARPSYNC.ALL,1
triton_softmax_128,FMUL,26
triton_softmax_128,FADD,12
triton_softmax_128,SHFL.BFLY,10
triton_softmax_128,FMNMX,8
triton_softmax_128,NOP,8
triton_softmax_128,FSETP.GEU.AND,5
triton_softmax_128,MOV,4
triton_softmax_128,MUFU.EX2,4
triton_softmax_128,EXIT,2
triton_softmax_128,IADD.64,2
triton_softmax_128,IMAD.WIDE.U32,2
triton_softmax_128,LDC.64,2
triton_softmax_128,BRA,1
triton_softmax_128,FSETP.GT.AND,1
triton_softmax_128,ISETP.GE.AND,1
triton_softmax_128,LDC,1
triton_softmax_128,LDCU,1
triton_softmax_128,LDCU.64,1
triton_softmax_128,LDG.E.128,1
triton_softmax_128,LOP3.LUT,1
triton_softmax_128,MUFU.RCP,1
triton_softmax_128,S2R,1
triton_softmax_128,S2UR,1
triton_softmax_128,SHF.L.U32,1
triton_softmax_128,STG.E.128,1
triton_softmax_128,UIADD3,1
triton_softmax_128,UIMAD,1
triton_softmax_128,UIMAD.WIDE.U32,1
triton_softmax_128,USHF.L.U32,1
triton_softmax_128,USHF.L.U64.HI,1
triton_softmax_128,USHF.R.S32.HI,1
cuda_softmax_512,FFMA,105
cuda_softmax_512,MOV,85
cuda_softmax_512,FADD,80
cuda_softmax_512,FMUL,58
cuda_softmax_512,SHF.L.U32,44
cuda_softmax_512,FFMA.RM,41
cuda_softmax_512,FFMA.SAT,40
cuda_softmax_512,MUFU.EX2,40
cuda_softmax_512,BRA,36
cuda_softmax_512,SHFL.BFLY,30
cuda_softmax_512,NOP,25
cuda_softmax_512,HFMA2,23
cuda_softmax_512,BSSY.RECONVERGENT,16
cuda_softmax_512,BSYNC.RECONVERGENT,16
cuda_softmax_512,IADD,16
cuda_softmax_512,LOP3.LUT,14
cuda_softmax_512,ENDCOLLECTIVE,10
cuda_softmax_512,FMNMX,10
cuda_softmax_512,FSETP.NEU.AND,10
cuda_softmax_512,WARPSYNC.COLLECTIVE,10
cuda_softmax_512,IMAD.WIDE.U32,8
cuda_softmax_512,ISETP.GE.AND,6
cuda_softmax_512,LEA,6
cuda_softmax_512,MUFU.RCP,6
cuda_softmax_512,UMOV,6
cuda_softmax_512,BRA.DIV,5
cuda_softmax_512,ISETP.NE.U32.AND,5
cuda_softmax_512,SHF.R.U32.HI,5
cuda_softmax_512,BSSY,4
cuda_softmax_512,BSYNC,4
cuda_softmax_512,FSETP.GT.AND,4
cuda_softmax_512,LDG.E.128.CONSTANT,4
cuda_softmax_512,S2R,4
cuda_softmax_512,EXIT,3
cuda_softmax_512,FADD.FTZ,3
cuda_softmax_512,IADD.64,3
cuda_softmax_512,ISETP.GE.U32.AND,3
cuda_softmax_512,LDC,3
cuda_softmax_512,SEL,3
cuda_softmax_512,STG.E.128,3
cuda_softmax_512,USHF.R.S32.HI,3
cuda_softmax_512,BAR.SYNC.DEFER_BLOCKING,2
cuda_softmax_512,IADD3,2
cuda_softmax_512,IMAD,2
cuda_softmax_512,IMAD.HI.U32,2
cuda_softmax_512,ISETP.GT.U32.AND,2
cuda_softmax_512,LDC.64,2
cuda_softmax_512,LDCU.64,2
cuda_softmax_512,LDS.64,2
cuda_softmax_512,S2UR,2
cuda_softmax_512,STS.64,2
cuda_softmax_512,USHF.L.U32,2
cuda_softmax_512,USHF.L.U64.HI,2
cuda_softmax_512,CALL.REL.NOINC,1
cuda_softmax_512,F2I.FTZ.U32.TRUNC.NTZ,1
cuda_softmax_512,FFMA.RP,1
cuda_softmax_512,FSETP.NEU.FTZ.AND,1
cuda_softmax_512,I2F.U32.RP,1
cuda_softmax_512,ISETP.NE.AND,1
cuda_softmax_512,LDCU,1
cuda_softmax_512,PLOP3.LUT,1
cuda_softmax_512,RET.REL.NODEC,1
cuda_softmax_512,UIADD3,1
cuda_softmax_512,UIMAD,1
cuda_softmax_512,UIMAD.WIDE.U32,1
cuda_softmax_512,ULEA,1
cuda_softmax_512,ULEA.HI,1
cuda_softmax_512,VIMNMX.S32,1
cuda_softmax_512,WARPSYNC.ALL,1
triton_softmax_512,SHFL.BFLY,16
triton_softmax_512,FMUL,14
triton_softmax_512,NOP,14
triton_softmax_512,FADD,11
triton_softmax_512,FMNMX,9
triton_softmax_512,BAR.SYNC.DEFER_BLOCKING,3
triton_softmax_512,FSETP.GEU.AND,3
triton_softmax_512,LOP3.LUT,3
triton_softmax_512,EXIT,2
triton_softmax_512,IADD.64,2
triton_softmax_512,IMAD.WIDE.U32,2
triton_softmax_512,LDC.64,2
triton_softmax_512,LDS,2
triton_softmax_512,MOV,2
triton_softmax_512,MUFU.EX2,2
triton_softmax_512,S2UR,2
triton_softmax_512,SHF.L.U32,2
triton_softmax_512,STS,2
triton_softmax_512,BRA,1
triton_softmax_512,FSETP.GT.AND,1
triton_softmax_512,ISETP.GE.AND,1
triton_softmax_512,LDC,1
triton_softmax_512,LDCU,1
triton_softmax_512,LDCU.64,1
triton_softmax_512,LDG.E.64,1
triton_softmax_512,MUFU.RCP,1
triton_softmax_512,S2R,1
triton_softmax_512,SHF.R.U32.HI,1
triton_softmax_512,STG.E.64,1
triton_softmax_512,UIADD3,1
triton_softmax_512,UIMAD,1
triton_softmax_512,UIMAD.WIDE.U32,1
triton_softmax_512,ULEA,1
triton_softmax_512,UMOV,1
triton_softmax_512,USHF.L.U32,1
triton_softmax_512,USHF.L.U64.HI,1
triton_softmax_512,USHF.R.S32.HI,1
cuda_softmax_1000,FFMA,105
cuda_softmax_1000,MOV,85
cuda_softmax_1000,FADD,80
cuda_softmax_1000,FMUL,58
cuda_softmax_1000,SHF.L.U32,44
cuda_softmax_1000,FFMA.RM,41
cuda_softmax_1000,FFMA.SAT,40
cuda_softmax_1000,MUFU.EX2,40
cuda_softmax_1000,BRA,36
cuda_softmax_1000,SHFL.BFLY,30
cuda_softmax_1000,NOP,25
cuda_softmax_1000,HFMA2,23
cuda_softmax_1000,BSSY.RECONVERGENT,16
cuda_softmax_1000,BSYNC.RECONVERGENT,16
cuda_softmax_1000,IADD,16
cuda_softmax_1000,LOP3.LUT,14
cuda_softmax_1000,ENDCOLLECTIVE,10
cuda_softmax_1000,FMNMX,10
cuda_softmax_1000,FSETP.NEU.AND,10
cuda_softmax_1000,WARPSYNC.COLLECTIVE,10
cuda_softmax_1000,IMAD.WIDE.U32,8
cuda_softmax_1000,ISETP.GE.AND,6
cuda_softmax_1000,LEA,6
cuda_softmax_1000,MUFU.RCP,6
cuda_softmax_1000,UMOV,6
cuda_softmax_1000,BRA.DIV,5
cuda_softmax_1000,ISETP.NE.U32.AND,5
cuda_softmax_1000,SHF.R.U32.HI,5
cuda_softmax_1000,BSSY,4
cuda_softmax_1000,BSYNC,4
cuda_softmax_1000,FSETP.GT.AND,4
cuda_softmax_1000,LDG.E.128.CONSTANT,4
cuda_softmax_1000,S2R,4
cuda_softmax_1000,EXIT,3
cuda_softmax_1000,FADD.FTZ,3
cuda_softmax_1000,IADD.64,3
cuda_softmax_1000,ISETP.GE.U32.AND,3
cuda_softmax_1000,LDC,3
cuda_softmax_1000,SEL,3
cuda_softmax_1000,STG.E.128,3
cuda_softmax_1000,USHF.R.S32.HI,3
cuda_softmax_1000,BAR.SYNC.DEFER_BLOCKING,2
cuda_softmax_1000,IADD3,2
cuda_softmax_1000,IMAD,2
cuda_softmax_1000,IMAD.HI.U32,2
cuda_softmax_1000,ISETP.GT.U32.AND,2
cuda_softmax_1000,LDC.64,2
cuda_softmax_1000,LDCU.64,2
cuda_softmax_1000,LDS.64,2
cuda_softmax_1000,S2UR,2
cuda_softmax_1000,STS.64,2
cuda_softmax_1000,USHF.L.U32,2
cuda_softmax_1000,USHF.L.U64.HI,2
cuda_softmax_1000,CALL.REL.NOINC,1
cuda_softmax_1000,F2I.FTZ.U32.TRUNC.NTZ,1
cuda_softmax_1000,FFMA.RP,1
cuda_softmax_1000,FSETP.NEU.FTZ.AND,1
cuda_softmax_1000,I2F.U32.RP,1
cuda_softmax_1000,ISETP.NE.AND,1
cuda_softmax_1000,LDCU,1
cuda_softmax_1000,PLOP3.LUT,1
cuda_softmax_1000,RET.REL.NODEC,1
cuda_softmax_1000,UIADD3,1
cuda_softmax_1000,UIMAD,1
cuda_softmax_1000,UIMAD.WIDE.U32,1
cuda_softmax_1000,ULEA,1
cuda_softmax_1000,ULEA.HI,1
cuda_softmax_1000,VIMNMX.S32,1
cuda_softmax_1000,WARPSYNC.ALL,1
triton_softmax_1000,SHFL.BFLY,18
triton_softmax_1000,FMUL,14
triton_softmax_1000,NOP,13
triton_softmax_1000,FADD,12
triton_softmax_1000,FMNMX,10
triton_softmax_1000,IMAD.WIDE.U32,4
triton_softmax_1000,BAR.SYNC.DEFER_BLOCKING,3
triton_softmax_1000,FSETP.GEU.AND,3
triton_softmax_1000,LOP3.LUT,3
triton_softmax_1000,EXIT,2
triton_softmax_1000,IADD.64,2
triton_softmax_1000,ISETP.GE.AND,2
triton_softmax_1000,LDC.64,2
triton_softmax_1000,LDG.E,2
triton_softmax_1000,LDS,2
triton_softmax_1000,MOV,2
triton_softmax_1000,MUFU.EX2,2
triton_softmax_1000,S2UR,2
triton_softmax_1000,STG.E,2
triton_softmax_1000,STS,2
triton_softmax_1000,BRA,1
triton_softmax_1000,FSETP.GT.AND,1
triton_softmax_1000,IADD,1
triton_softmax_1000,LDC,1
triton_softmax_1000,LDCU,1
triton_softmax_1000,LDCU.64,1
triton_softmax_1000,MUFU.RCP,1
triton_softmax_1000,S2R,1
triton_softmax_1000,SHF.L.U32,1
triton_softmax_1000,SHF.R.U32.HI,1
triton_softmax_1000,UIADD3,1
triton_softmax_1000,UIMAD,1
triton_softmax_1000,UIMAD.WIDE.U32,1
triton_softmax_1000,ULEA,1
triton_softmax_1000,UMOV,1
triton_softmax_1000,USHF.L.U32,1
triton_softmax_1000,USHF.L.U64.HI,1
triton_softmax_1000,USHF.R.S32.HI,1
cuda_softmax_1001,MOV,75
cuda_softmax_1001,FFMA,65
cuda_softmax_1001,FADD,46
cuda_softmax_1001,FMUL,33
cuda_softmax_1001,SHFL.BFLY,30
cuda_softmax_1001,BRA,29
cuda_softmax_1001,SHF.L.U32,27
cuda_softmax_1001,FFMA.RM,24
cuda_softmax_1001,HFMA2,24
cuda_softmax_1001,FFMA.SAT,23
cuda_softmax_1001,MUFU.EX2,23
cuda_softmax_1001,NOP,20
cuda_softmax_1001,BSSY.RECONVERGENT,12
cuda_softmax_1001,BSYNC.RECONVERGENT,12
cuda_softmax_1001,LOP3.LUT,12
cuda_softmax_1001,ENDCOLLECTIVE,10
cuda_softmax_1001,FMNMX,10
cuda_softmax_1001,FSETP.NEU.AND,10
cuda_softmax_1001,WARPSYNC.COLLECTIVE,10
cuda_softmax_1001,IADD,9
cuda_softmax_1001,LEA,7
cuda_softmax_1001,UMOV,6
cuda_softmax_1001,BRA.DIV,5
cuda_softmax_1001,ISETP.GE.AND,5
cuda_softmax_1001,MUFU.RCP,5
cuda_softmax_1001,BSSY,4
cuda_softmax_1001,BSYNC,4
cuda_softmax_1001,S2R,4
cuda_softmax_1001,SHF.R.U32.HI,4
cuda_softmax_1001,FADD.FTZ,3
cuda_softmax_1001,ISETP.NE.U32.AND,3
cuda_softmax_1001,LDC,3
cuda_softmax_1001,LDCU,3
cuda_softmax_1001,BAR.SYNC.DEFER_BLOCKING,2
cuda_softmax_1001,EXIT,2
cuda_softmax_1001,IMAD.WIDE,2
cuda_softmax_1001,ISETP.GT.U32.AND,2
cuda_softmax_1001,LDCU.64,2
cuda_softmax_1001,LDG.E.CONSTANT,2
cuda_softmax_1001,LDS.64,2
cuda_softmax_1001,LEA.HI.X,2
cuda_softmax_1001,S2UR,2
cuda_softmax_1001,SEL,2
cuda_softmax_1001,SHF.R.S32.HI,2
cuda_softmax_1001,STS.64,2
cuda_softmax_1001,CALL.REL.NOINC,1
cuda_softmax_1001,FFMA.RP,1
cuda_softmax_1001,FSETP.GT.AND,1
cuda_softmax_1001,FSETP.NEU.FTZ.AND,1
cuda_softmax_1001,IADD.64,1
cuda_softmax_1001,IMAD,1
cuda_softmax_1001,IMAD.WIDE.U32,1
cuda_softmax_1001,ISETP.GE.U32.AND,1
cuda_softmax_1001,ISETP.NE.AND,1
cuda_softmax_1001,LDC.64,1
cuda_softmax_1001,PLOP3.LUT,1
cuda_softmax_1001,RET.REL.NODEC,1
cuda_softmax_1001,STG.E,1
cuda_softmax_1001,ULEA,1
cuda_softmax_1001,USHF.R.U32.HI,1
cuda_softmax_1001,WARPSYNC.ALL,1
triton_softmax_1001,SHFL.BFLY,18
triton_softmax_1001,FMUL,14
triton_softmax_1001,NOP,13
triton_softmax_1001,FADD,12
triton_softmax_1001,FMNMX,10
triton_softmax_1001,IMAD.WIDE.U32,4
triton_softmax_1001,BAR.SYNC.DEFER_BLOCKING,3
triton_softmax_1001,FSETP.GEU.AND,3
triton_softmax_1001,LOP3.LUT,3
triton_softmax_1001,EXIT,2
triton_softmax_1001,IADD.64,2
triton_softmax_1001,ISETP.GE.AND,2
triton_softmax_1001,LDC.64,2
triton_softmax_1001,LDG.E,2
triton_softmax_1001,LDS,2
triton_softmax_1001,MOV,2
triton_softmax_1001,MUFU.EX2,2
triton_softmax_1001,S2UR,2
triton_softmax_1001,STG.E,2
triton_softmax_1001,STS,2
triton_softmax_1001,BRA,1
triton_softmax_1001,FSETP.GT.AND,1
triton_softmax_1001,IADD,1
triton_softmax_1001,LDC,1
triton_softmax_1001,LDCU,1
triton_softmax_1001,LDCU.64,1
triton_softmax_1001,MUFU.RCP,1
triton_softmax_1001,S2R,1
triton_softmax_1001,SHF.L.U32,1
triton_softmax_1001,SHF.R.U32.HI,1
triton_softmax_1001,UIADD3,1
triton_softmax_1001,UIMAD,1
triton_softmax_1001,UIMAD.WIDE.U32,1
triton_softmax_1001,ULEA,1
triton_softmax_1001,UMOV,1
triton_softmax_1001,USHF.L.U32,1
triton_softmax_1001,USHF.L.U64.HI,1
triton_softmax_1001,USHF.R.S32.HI,1
cuda_softmax_1024,FFMA,105
cuda_softmax_1024,MOV,85
cuda_softmax_1024,FADD,80
cuda_softmax_1024,FMUL,58
cuda_softmax_1024,SHF.L.U32,44
cuda_softmax_1024,FFMA.RM,41
cuda_softmax_1024,FFMA.SAT,40
cuda_softmax_1024,MUFU.EX2,40
cuda_softmax_1024,BRA,36
cuda_softmax_1024,SHFL.BFLY,30
cuda_softmax_1024,NOP,25
cuda_softmax_1024,HFMA2,23
cuda_softmax_1024,BSSY.RECONVERGENT,16
cuda_softmax_1024,BSYNC.RECONVERGENT,16
cuda_softmax_1024,IADD,16
cuda_softmax_1024,LOP3.LUT,14
cuda_softmax_1024,ENDCOLLECTIVE,10
cuda_softmax_1024,FMNMX,10
cuda_softmax_1024,FSETP.NEU.AND,10
cuda_softmax_1024,WARPSYNC.COLLECTIVE,10
cuda_softmax_1024,IMAD.WIDE.U32,8
cuda_softmax_1024,ISETP.GE.AND,6
cuda_softmax_1024,LEA,6
cuda_softmax_1024,MUFU.RCP,6
cuda_softmax_1024,UMOV,6
cuda_softmax_1024,BRA.DIV,5
cuda_softmax_1024,ISETP.NE.U32.AND,5
cuda_softmax_1024,SHF.R.U32.HI,5
cuda_softmax_1024,BSSY,4
cuda_softmax_1024,BSYNC,4
cuda_softmax_1024,FSETP.GT.AND,4
cuda_softmax_1024,LDG.E.128.CONSTANT,4
cuda_softmax_1024,S2R,4
cuda_softmax_1024,EXIT,3
cuda_softmax_1024,FADD.FTZ,3
cuda_softmax_1024,IADD.64,3
cuda_softmax_1024,ISETP.GE.U32.AND,3
cuda_softmax_1024,LDC,3
cuda_softmax_1024,SEL,3
cuda_softmax_1024,STG.E.128,3
cuda_softmax_1024,USHF.R.S32.HI,3
cuda_softmax_1024,BAR.SYNC.DEFER_BLOCKING,2
cuda_softmax_1024,IADD3,2
cuda_softmax_1024,IMAD,2
cuda_softmax_1024,IMAD.HI.U32,2
cuda_softmax_1024,ISETP.GT.U32.AND,2
cuda_softmax_1024,LDC.64,2
cuda_softmax_1024,LDCU.64,2
cuda_softmax_1024,LDS.64,2
cuda_softmax_1024,S2UR,2
cuda_softmax_1024,STS.64,2
cuda_softmax_1024,USHF.L.U32,2
cuda_softmax_1024,USHF.L.U64.HI,2
cuda_softmax_1024,CALL.REL.NOINC,1
cuda_softmax_1024,F2I.FTZ.U32.TRUNC.NTZ,1
cuda_softmax_1024,FFMA.RP,1
cuda_softmax_1024,FSETP.NEU.FTZ.AND,1
cuda_softmax_1024,I2F.U32.RP,1
cuda_softmax_1024,ISETP.NE.AND,1
cuda_softmax_1024,LDCU,1
cuda_softmax_1024,PLOP3.LUT,1
cuda_softmax_1024,RET.REL.NODEC,1
cuda_softmax_1024,UIADD3,1
cuda_softmax_1024,UIMAD,1
cuda_softmax_1024,UIMAD.WIDE.U32,1
cuda_softmax_1024,ULEA,1
cuda_softmax_1024,ULEA.HI,1
cuda_softmax_1024,VIMNMX.S32,1
cuda_softmax_1024,WARPSYNC.ALL,1
triton_softmax_1024,SHFL.BFLY,18
triton_softmax_1024,FMUL,14
triton_softmax_1024,FADD,12
triton_softmax_1024,FMNMX,10
triton_softmax_1024,NOP,10
triton_softmax_1024,BAR.SYNC.DEFER_BLOCKING,3
triton_softmax_1024,FSETP.GEU.AND,3
triton_softmax_1024,LOP3.LUT,3
triton_softmax_1024,EXIT,2
triton_softmax_1024,IADD.64,2
triton_softmax_1024,IMAD.WIDE.U32,2
triton_softmax_1024,LDC.64,2
triton_softmax_1024,LDS,2
triton_softmax_1024,MOV,2
triton_softmax_1024,MUFU.EX2,2
triton_softmax_1024,S2UR,2
triton_softmax_1024,SHF.L.U32,2
triton_softmax_1024,STS,2
triton_softmax_1024,BRA,1
triton_softmax_1024,FSETP.GT.AND,1
triton_softmax_1024,ISETP.GE.AND,1
triton_softmax_1024,LDC,1
triton_softmax_1024,LDCU,1
triton_softmax_1024,LDCU.64,1
triton_softmax_1024,LDG.E.64,1
triton_softmax_1024,MUFU.RCP,1
triton_softmax_1024,S2R,1
triton_softmax_1024,SHF.R.U32.HI,1
triton_softmax_1024,STG.E.64,1
triton_softmax_1024,UIADD3,1
triton_softmax_1024,UIMAD,1
triton_softmax_1024,UIMAD.WIDE.U32,1
triton_softmax_1024,ULEA,1
triton_softmax_1024,UMOV,1
triton_softmax_1024,USHF.L.U32,1
triton_softmax_1024,USHF.L.U64.HI,1
triton_softmax_1024,USHF.R.S32.HI,1
cuda_softmax_2048,FFMA,105
cuda_softmax_2048,MOV,85
cuda_softmax_2048,FADD,80
cuda_softmax_2048,FMUL,58
cuda_softmax_2048,SHF.L.U32,44
cuda_softmax_2048,FFMA.RM,41
cuda_softmax_2048,FFMA.SAT,40
cuda_softmax_2048,MUFU.EX2,40
cuda_softmax_2048,BRA,36
cuda_softmax_2048,SHFL.BFLY,30
cuda_softmax_2048,NOP,25
cuda_softmax_2048,HFMA2,23
cuda_softmax_2048,BSSY.RECONVERGENT,16
cuda_softmax_2048,BSYNC.RECONVERGENT,16
cuda_softmax_2048,IADD,16
cuda_softmax_2048,LOP3.LUT,14
cuda_softmax_2048,ENDCOLLECTIVE,10
cuda_softmax_2048,FMNMX,10
cuda_softmax_2048,FSETP.NEU.AND,10
cuda_softmax_2048,WARPSYNC.COLLECTIVE,10
cuda_softmax_2048,IMAD.WIDE.U32,8
cuda_softmax_2048,ISETP.GE.AND,6
cuda_softmax_2048,LEA,6
cuda_softmax_2048,MUFU.RCP,6
cuda_softmax_2048,UMOV,6
cuda_softmax_2048,BRA.DIV,5
cuda_softmax_2048,ISETP.NE.U32.AND,5
cuda_softmax_2048,SHF.R.U32.HI,5
cuda_softmax_2048,BSSY,4
cuda_softmax_2048,BSYNC,4
cuda_softmax_2048,FSETP.GT.AND,4
cuda_softmax_2048,LDG.E.128.CONSTANT,4
cuda_softmax_2048,S2R,4
cuda_softmax_2048,EXIT,3
cuda_softmax_2048,FADD.FTZ,3
cuda_softmax_2048,IADD.64,3
cuda_softmax_2048,ISETP.GE.U32.AND,3
cuda_softmax_2048,LDC,3
cuda_softmax_2048,SEL,3
cuda_softmax_2048,STG.E.128,3
cuda_softmax_2048,USHF.R.S32.HI,3
cuda_softmax_2048,BAR.SYNC.DEFER_BLOCKING,2
cuda_softmax_2048,IADD3,2
cuda_softmax_2048,IMAD,2
cuda_softmax_2048,IMAD.HI.U32,2
cuda_softmax_2048,ISETP.GT.U32.AND,2
cuda_softmax_2048,LDC.64,2
cuda_softmax_2048,LDCU.64,2
cuda_softmax_2048,LDS.64,2
cuda_softmax_2048,S2UR,2
cuda_softmax_2048,STS.64,2
cuda_softmax_2048,USHF.L.U32,2
cuda_softmax_2048,USHF.L.U64.HI,2
cuda_softmax_2048,CALL.REL.NOINC,1
cuda_softmax_2048,F2I.FTZ.U32.TRUNC.NTZ,1
cuda_softmax_2048,FFMA.RP,1
cuda_softmax_2048,FSETP.NEU.FTZ.AND,1
cuda_softmax_2048,I2F.U32.RP,1
cuda_softmax_2048,ISETP.NE.AND,1
cuda_softmax_2048,LDCU,1
cuda_softmax_2048,PLOP3.LUT,1
cuda_softmax_2048,RET.REL.NODEC,1
cuda_softmax_2048,UIADD3,1
cuda_softmax_2048,UIMAD,1
cuda_softmax_2048,UIMAD.WIDE.U32,1
cuda_softmax_2048,ULEA,1
cuda_softmax_2048,ULEA.HI,1
cuda_softmax_2048,VIMNMX.S32,1
cuda_softmax_2048,WARPSYNC.ALL,1
triton_softmax_2048,FMUL,50
triton_softmax_2048,FADD,23
triton_softmax_2048,SHFL.BFLY,16
triton_softmax_2048,FMNMX,15
triton_softmax_2048,NOP,11
triton_softmax_2048,FSETP.GEU.AND,9
triton_softmax_2048,MOV,8
triton_softmax_2048,MUFU.EX2,8
triton_softmax_2048,LOP3.LUT,4
triton_softmax_2048,BAR.SYNC.DEFER_BLOCKING,3
triton_softmax_2048,EXIT,2
triton_softmax_2048,IADD.64,2
triton_softmax_2048,IMAD.WIDE.U32,2
triton_softmax_2048,ISETP.GE.AND,2
triton_softmax_2048,LDC.64,2
triton_softmax_2048,LDG.E.128,2
triton_softmax_2048,LDS,2
triton_softmax_2048,S2UR,2
triton_softmax_2048,STG.E.128,2
triton_softmax_2048,STS,2
triton_softmax_2048,BRA,1
triton_softmax_2048,FSETP.GT.AND,1
triton_softmax_2048,LDC,1
triton_softmax_2048,LDCU,1
triton_softmax_2048,LDCU.64,1
triton_softmax_2048,MUFU.RCP,1
triton_softmax_2048,S2R,1
triton_softmax_2048,SHF.L.U32,1
triton_softmax_2048,SHF.R.U32.HI,1
triton_softmax_2048,UIADD3,1
triton_softmax_2048,UIMAD,1
triton_softmax_2048,UIMAD.WIDE.U32,1
triton_softmax_2048,ULEA,1
triton_softmax_2048,UMOV,1
triton_softmax_2048,USHF.L.U32,1
triton_softmax_2048,USHF.L.U64.HI,1
triton_softmax_2048,USHF.R.S32.HI,1
cuda_softmax_3000,FFMA,105
cuda_softmax_3000,MOV,85
cuda_softmax_3000,FADD,80
cuda_softmax_3000,FMUL,58
cuda_softmax_3000,SHF.L.U32,44
cuda_softmax_3000,FFMA.RM,41
cuda_softmax_3000,FFMA.SAT,40
cuda_softmax_3000,MUFU.EX2,40
cuda_softmax_3000,BRA,36
cuda_softmax_3000,SHFL.BFLY,30
cuda_softmax_3000,NOP,25
cuda_softmax_3000,HFMA2,23
cuda_softmax_3000,BSSY.RECONVERGENT,16
cuda_softmax_3000,BSYNC.RECONVERGENT,16
cuda_softmax_3000,IADD,16
cuda_softmax_3000,LOP3.LUT,14
cuda_softmax_3000,ENDCOLLECTIVE,10
cuda_softmax_3000,FMNMX,10
cuda_softmax_3000,FSETP.NEU.AND,10
cuda_softmax_3000,WARPSYNC.COLLECTIVE,10
cuda_softmax_3000,IMAD.WIDE.U32,8
cuda_softmax_3000,ISETP.GE.AND,6
cuda_softmax_3000,LEA,6
cuda_softmax_3000,MUFU.RCP,6
cuda_softmax_3000,UMOV,6
cuda_softmax_3000,BRA.DIV,5
cuda_softmax_3000,ISETP.NE.U32.AND,5
cuda_softmax_3000,SHF.R.U32.HI,5
cuda_softmax_3000,BSSY,4
cuda_softmax_3000,BSYNC,4
cuda_softmax_3000,FSETP.GT.AND,4
cuda_softmax_3000,LDG.E.128.CONSTANT,4
cuda_softmax_3000,S2R,4
cuda_softmax_3000,EXIT,3
cuda_softmax_3000,FADD.FTZ,3
cuda_softmax_3000,IADD.64,3
cuda_softmax_3000,ISETP.GE.U32.AND,3
cuda_softmax_3000,LDC,3
cuda_softmax_3000,SEL,3
cuda_softmax_3000,STG.E.128,3
cuda_softmax_3000,USHF.R.S32.HI,3
cuda_softmax_3000,BAR.SYNC.DEFER_BLOCKING,2
cuda_softmax_3000,IADD3,2
cuda_softmax_3000,IMAD,2
cuda_softmax_3000,IMAD.HI.U32,2
cuda_softmax_3000,ISETP.GT.U32.AND,2
cuda_softmax_3000,LDC.64,2
cuda_softmax_3000,LDCU.64,2
cuda_softmax_3000,LDS.64,2
cuda_softmax_3000,S2UR,2
cuda_softmax_3000,STS.64,2
cuda_softmax_3000,USHF.L.U32,2
cuda_softmax_3000,USHF.L.U64.HI,2
cuda_softmax_3000,CALL.REL.NOINC,1
cuda_softmax_3000,F2I.FTZ.U32.TRUNC.NTZ,1
cuda_softmax_3000,FFMA.RP,1
cuda_softmax_3000,FSETP.NEU.FTZ.AND,1
cuda_softmax_3000,I2F.U32.RP,1
cuda_softmax_3000,ISETP.NE.AND,1
cuda_softmax_3000,LDCU,1
cuda_softmax_3000,PLOP3.LUT,1
cuda_softmax_3000,RET.REL.NODEC,1
cuda_softmax_3000,UIADD3,1
cuda_softmax_3000,UIMAD,1
cuda_softmax_3000,UIMAD.WIDE.U32,1
cuda_softmax_3000,ULEA,1
cuda_softmax_3000,ULEA.HI,1
cuda_softmax_3000,VIMNMX.S32,1
cuda_softmax_3000,WARPSYNC.ALL,1
triton_softmax_3000,FMUL,98
triton_softmax_3000,FADD,39
triton_softmax_3000,FMNMX,23
triton_softmax_3000,FSETP.GEU.AND,17
triton_softmax_3000,ISETP.GE.AND,16
triton_softmax_3000,ISETP.NE.AND,16
triton_softmax_3000,LDG.E,16
triton_softmax_3000,MOV,16
triton_softmax_3000,MUFU.EX2,16
triton_softmax_3000,P2R,16
triton_softmax_3000,SHFL.BFLY,16
triton_softmax_3000,STG.E,16
triton_softmax_3000,LOP3.LUT,15
triton_softmax_3000,NOP,15
triton_softmax_3000,IMAD.WIDE.U32,10
triton_softmax_3000,IADD,6
triton_softmax_3000,BAR.SYNC.DEFER_BLOCKING,3
triton_softmax_3000,EXIT,2
triton_softmax_3000,IADD.64,2
triton_softmax_3000,LDC.64,2
triton_softmax_3000,LDS,2
triton_softmax_3000,S2R,2
triton_softmax_3000,S2UR,2
triton_softmax_3000,STS,2
triton_softmax_3000,BRA,1
triton_softmax_3000,FSETP.GT.AND,1
triton_softmax_3000,LDC,1
triton_softmax_3000,LDCU,1
triton_softmax_3000,LDCU.64,1
triton_softmax_3000,MUFU.RCP,1
triton_softmax_3000,SHF.L.U32,1
triton_softmax_3000,SHF.R.U32.HI,1
triton_softmax_3000,UIADD3,1
triton_softmax_3000,UIMAD,1
triton_softmax_3000,UIMAD.WIDE.U32,1
triton_softmax_3000,ULEA,1
triton_softmax_3000,UMOV,1
triton_softmax_3000,USHF.L.U32,1
triton_softmax_3000,USHF.L.U64.HI,1
triton_softmax_3000,USHF.R.S32.HI,1
cuda_softmax_4096,FFMA,105
cuda_softmax_4096,MOV,85
cuda_softmax_4096,FADD,80
cuda_softmax_4096,FMUL,58
cuda_softmax_4096,SHF.L.U32,44
cuda_softmax_4096,FFMA.RM,41
cuda_softmax_4096,FFMA.SAT,40
cuda_softmax_4096,MUFU.EX2,40
cuda_softmax_4096,BRA,36
cuda_softmax_4096,SHFL.BFLY,30
cuda_softmax_4096,NOP,25
cuda_softmax_4096,HFMA2,23
cuda_softmax_4096,BSSY.RECONVERGENT,16
cuda_softmax_4096,BSYNC.RECONVERGENT,16
cuda_softmax_4096,IADD,16
cuda_softmax_4096,LOP3.LUT,14
cuda_softmax_4096,ENDCOLLECTIVE,10
cuda_softmax_4096,FMNMX,10
cuda_softmax_4096,FSETP.NEU.AND,10
cuda_softmax_4096,WARPSYNC.COLLECTIVE,10
cuda_softmax_4096,IMAD.WIDE.U32,8
cuda_softmax_4096,ISETP.GE.AND,6
cuda_softmax_4096,LEA,6
cuda_softmax_4096,MUFU.RCP,6
cuda_softmax_4096,UMOV,6
cuda_softmax_4096,BRA.DIV,5
cuda_softmax_4096,ISETP.NE.U32.AND,5
cuda_softmax_4096,SHF.R.U32.HI,5
cuda_softmax_4096,BSSY,4
cuda_softmax_4096,BSYNC,4
cuda_softmax_4096,FSETP.GT.AND,4
cuda_softmax_4096,LDG.E.128.CONSTANT,4
cuda_softmax_4096,S2R,4
cuda_softmax_4096,EXIT,3
cuda_softmax_4096,FADD.FTZ,3
cuda_softmax_4096,IADD.64,3
cuda_softmax_4096,ISETP.GE.U32.AND,3
cuda_softmax_4096,LDC,3
cuda_softmax_4096,SEL,3
cuda_softmax_4096,STG.E.128,3
cuda_softmax_4096,USHF.R.S32.HI,3
cuda_softmax_4096,BAR.SYNC.DEFER_BLOCKING,2
cuda_softmax_4096,IADD3,2
cuda_softmax_4096,IMAD,2
cuda_softmax_4096,IMAD.HI.U32,2
cuda_softmax_4096,ISETP.GT.U32.AND,2
cuda_softmax_4096,LDC.64,2
cuda_softmax_4096,LDCU.64,2
cuda_softmax_4096,LDS.64,2
cuda_softmax_4096,S2UR,2
cuda_softmax_4096,STS.64,2
cuda_softmax_4096,USHF.L.U32,2
cuda_softmax_4096,USHF.L.U64.HI,2
cuda_softmax_4096,CALL.REL.NOINC,1
cuda_softmax_4096,F2I.FTZ.U32.TRUNC.NTZ,1
cuda_softmax_4096,FFMA.RP,1
cuda_softmax_4096,FSETP.NEU.FTZ.AND,1
cuda_softmax_4096,I2F.U32.RP,1
cuda_softmax_4096,ISETP.NE.AND,1
cuda_softmax_4096,LDCU,1
cuda_softmax_4096,PLOP3.LUT,1
cuda_softmax_4096,RET.REL.NODEC,1
cuda_softmax_4096,UIADD3,1
cuda_softmax_4096,UIMAD,1
cuda_softmax_4096,UIMAD.WIDE.U32,1
cuda_softmax_4096,ULEA,1
cuda_softmax_4096,ULEA.HI,1
cuda_softmax_4096,VIMNMX.S32,1
cuda_softmax_4096,WARPSYNC.ALL,1
triton_softmax_4096,FMUL,98
triton_softmax_4096,FADD,39
triton_softmax_4096,FMNMX,23
triton_softmax_4096,FSETP.GEU.AND,17
triton_softmax_4096,MOV,16
triton_softmax_4096,MUFU.EX2,16
triton_softmax_4096,SHFL.BFLY,16
triton_softmax_4096,NOP,9
triton_softmax_4096,LOP3.LUT,5
triton_softmax_4096,IMAD.WIDE.U32,4
triton_softmax_4096,ISETP.GE.AND,4
triton_softmax_4096,LDG.E.128,4
triton_softmax_4096,STG.E.128,4
triton_softmax_4096,BAR.SYNC.DEFER_BLOCKING,3
triton_softmax_4096,EXIT,2
triton_softmax_4096,IADD.64,2
triton_softmax_4096,LDC.64,2
triton_softmax_4096,LDS,2
triton_softmax_4096,S2UR,2
triton_softmax_4096,STS,2
triton_softmax_4096,BRA,1
triton_softmax_4096,FSETP.GT.AND,1
triton_softmax_4096,IADD,1
triton_softmax_4096,LDC,1
triton_softmax_4096,LDCU,1
triton_softmax_4096,LDCU.64,1
triton_softmax_4096,MUFU.RCP,1
triton_softmax_4096,S2R,1
triton_softmax_4096,SHF.L.U32,1
triton_softmax_4096,SHF.R.U32.HI,1
triton_softmax_4096,UIADD3,1
triton_softmax_4096,UIMAD,1
triton_softmax_4096,UIMAD.WIDE.U32,1
triton_softmax_4096,ULEA,1
triton_softmax_4096,UMOV,1
triton_softmax_4096,USHF.L.U32,1
triton_softmax_4096,USHF.L.U64.HI,1
triton_softmax_4096,USHF.R.S32.HI,1
cuda_softmax_4099,MOV,75
cuda_softmax_4099,FFMA,65
cuda_softmax_4099,FADD,46
cuda_softmax_4099,FMUL,33
cuda_softmax_4099,SHFL.BFLY,30
cuda_softmax_4099,BRA,29
cuda_softmax_4099,SHF.L.U32,27
cuda_softmax_4099,FFMA.RM,24
cuda_softmax_4099,HFMA2,24
cuda_softmax_4099,FFMA.SAT,23
cuda_softmax_4099,MUFU.EX2,23
cuda_softmax_4099,NOP,20
cuda_softmax_4099,BSSY.RECONVERGENT,12
cuda_softmax_4099,BSYNC.RECONVERGENT,12
cuda_softmax_4099,LOP3.LUT,12
cuda_softmax_4099,ENDCOLLECTIVE,10
cuda_softmax_4099,FMNMX,10
cuda_softmax_4099,FSETP.NEU.AND,10
cuda_softmax_4099,WARPSYNC.COLLECTIVE,10
cuda_softmax_4099,IADD,9
cuda_softmax_4099,LEA,7
cuda_softmax_4099,UMOV,6
cuda_softmax_4099,BRA.DIV,5
cuda_softmax_4099,ISETP.GE.AND,5
cuda_softmax_4099,MUFU.RCP,5
cuda_softmax_4099,BSSY,4
cuda_softmax_4099,BSYNC,4
cuda_softmax_4099,S2R,4
cuda_softmax_4099,SHF.R.U32.HI,4
cuda_softmax_4099,FADD.FTZ,3
cuda_softmax_4099,ISETP.NE.U32.AND,3
cuda_softmax_4099,LDC,3
cuda_softmax_4099,LDCU,3
cuda_softmax_4099,BAR.SYNC.DEFER_BLOCKING,2
cuda_softmax_4099,EXIT,2
cuda_softmax_4099,IMAD.WIDE,2
cuda_softmax_4099,ISETP.GT.U32.AND,2
cuda_softmax_4099,LDCU.64,2
cuda_softmax_4099,LDG.E.CONSTANT,2
cuda_softmax_4099,LDS.64,2
cuda_softmax_4099,LEA.HI.X,2
cuda_softmax_4099,S2UR,2
cuda_softmax_4099,SEL,2
cuda_softmax_4099,SHF.R.S32.HI,2
cuda_softmax_4099,STS.64,2
cuda_softmax_4099,CALL.REL.NOINC,1
cuda_softmax_4099,FFMA.RP,1
cuda_softmax_4099,FSETP.GT.AND,1
cuda_softmax_4099,FSETP.NEU.FTZ.AND,1
cuda_softmax_4099,IADD.64,1
cuda_softmax_4099,IMAD,1
cuda_softmax_4099,IMAD.WIDE.U32,1
cuda_softmax_4099,ISETP.GE.U32.AND,1
cuda_softmax_4099,ISETP.NE.AND,1
cuda_softmax_4099,LDC.64,1
cuda_softmax_4099,PLOP3.LUT,1
cuda_softmax_4099,RET.REL.NODEC,1
cuda_softmax_4099,STG.E,1
cuda_softmax_4099,ULEA,1
cuda_softmax_4099,USHF.R.U32.HI,1
cuda_softmax_4099,WARPSYNC.ALL,1
triton_softmax_4099,FMUL,194
triton_softmax_4099,FADD,71
triton_softmax_4099,FMNMX,39
triton_softmax_4099,ISETP.NE.AND,35
triton_softmax_4099,P2R,35
triton_softmax_4099,FSETP.GEU.AND,33
triton_softmax_4099,ISETP.GE.AND,32
triton_softmax_4099,LDG.E,32
triton_softmax_4099,MOV,32
triton_softmax_4099,MUFU.EX2,32
triton_softmax_4099,STG.E,32
triton_softmax_4099,LOP3.LUT,27
triton_softmax_4099,IMAD.WIDE.U32,18
triton_softmax_4099,SHFL.BFLY,16
triton_softmax_4099,IADD,13
triton_softmax_4099,NOP,13
triton_softmax_4099,BAR.SYNC.DEFER_BLOCKING,3
triton_softmax_4099,S2R,3
triton_softmax_4099,EXIT,2
triton_softmax_4099,IADD.64,2
triton_softmax_4099,LDC.64,2
triton_softmax_4099,LDS,2
triton_softmax_4099,S2UR,2
triton_softmax_4099,STS,2
triton_softmax_4099,BRA,1
triton_softmax_4099,FSETP.GT.AND,1
triton_softmax_4099,LDC,1
triton_softmax_4099,LDCU,1
triton_softmax_4099,LDCU.64,1
triton_softmax_4099,MUFU.RCP,1
triton_softmax_4099,SHF.L.U32,1
triton_softmax_4099,SHF.R.U32.HI,1
triton_softmax_4099,UIADD3,1
triton_softmax_4099,UIMAD,1
triton_softmax_4099,UIMAD.WIDE.U32,1
triton_softmax_4099,ULEA,1
triton_softmax_4099,UMOV,1
triton_softmax_4099,USHF.L.U32,1
triton_softmax_4099,USHF.L.U64.HI,1
triton_softmax_4099,USHF.R.S32.HI,1
cuda_softmax_6000,FFMA,105
cuda_softmax_6000,MOV,85
cuda_softmax_6000,FADD,80
cuda_softmax_6000,FMUL,58
cuda_softmax_6000,SHF.L.U32,44
cuda_softmax_6000,FFMA.RM,41
cuda_softmax_6000,FFMA.SAT,40
cuda_softmax_6000,MUFU.EX2,40
cuda_softmax_6000,BRA,36
cuda_softmax_6000,SHFL.BFLY,30
cuda_softmax_6000,NOP,25
cuda_softmax_6000,HFMA2,23
cuda_softmax_6000,BSSY.RECONVERGENT,16
cuda_softmax_6000,BSYNC.RECONVERGENT,16
cuda_softmax_6000,IADD,16
cuda_softmax_6000,LOP3.LUT,14
cuda_softmax_6000,ENDCOLLECTIVE,10
cuda_softmax_6000,FMNMX,10
cuda_softmax_6000,FSETP.NEU.AND,10
cuda_softmax_6000,WARPSYNC.COLLECTIVE,10
cuda_softmax_6000,IMAD.WIDE.U32,8
cuda_softmax_6000,ISETP.GE.AND,6
cuda_softmax_6000,LEA,6
cuda_softmax_6000,MUFU.RCP,6
cuda_softmax_6000,UMOV,6
cuda_softmax_6000,BRA.DIV,5
cuda_softmax_6000,ISETP.NE.U32.AND,5
cuda_softmax_6000,SHF.R.U32.HI,5
cuda_softmax_6000,BSSY,4
cuda_softmax_6000,BSYNC,4
cuda_softmax_6000,FSETP.GT.AND,4
cuda_softmax_6000,LDG.E.128.CONSTANT,4
cuda_softmax_6000,S2R,4
cuda_softmax_6000,EXIT,3
cuda_softmax_6000,FADD.FTZ,3
cuda_softmax_6000,IADD.64,3
cuda_softmax_6000,ISETP.GE.U32.AND,3
cuda_softmax_6000,LDC,3
cuda_softmax_6000,SEL,3
cuda_softmax_6000,STG.E.128,3
cuda_softmax_6000,USHF.R.S32.HI,3
cuda_softmax_6000,BAR.SYNC.DEFER_BLOCKING,2
cuda_softmax_6000,IADD3,2
cuda_softmax_6000,IMAD,2
cuda_softmax_6000,IMAD.HI.U32,2
cuda_softmax_6000,ISETP.GT.U32.AND,2
cuda_softmax_6000,LDC.64,2
cuda_softmax_6000,LDCU.64,2
cuda_softmax_6000,LDS.64,2
cuda_softmax_6000,S2UR,2
cuda_softmax_6000,STS.64,2
cuda_softmax_6000,USHF.L.U32,2
cuda_softmax_6000,USHF.L.U64.HI,2
cuda_softmax_6000,CALL.REL.NOINC,1
cuda_softmax_6000,F2I.FTZ.U32.TRUNC.NTZ,1
cuda_softmax_6000,FFMA.RP,1
cuda_softmax_6000,FSETP.NEU.FTZ.AND,1
cuda_softmax_6000,I2F.U32.RP,1
cuda_softmax_6000,ISETP.NE.AND,1
cuda_softmax_6000,LDCU,1
cuda_softmax_6000,PLOP3.LUT,1
cuda_softmax_6000,RET.REL.NODEC,1
cuda_softmax_6000,UIADD3,1
cuda_softmax_6000,UIMAD,1
cuda_softmax_6000,UIMAD.WIDE.U32,1
cuda_softmax_6000,ULEA,1
cuda_softmax_6000,ULEA.HI,1
cuda_softmax_6000,VIMNMX.S32,1
cuda_softmax_6000,WARPSYNC.ALL,1
triton_softmax_6000,FMUL,194
triton_softmax_6000,FADD,71
triton_softmax_6000,FMNMX,39
triton_softmax_6000,FSETP.GEU.AND,33
triton_softmax_6000,MOV,32
triton_softmax_6000,MUFU.EX2,32
triton_softmax_6000,SHFL.BFLY,16
triton_softmax_6000,LOP3.LUT,9
triton_softmax_6000,ISETP.GE.AND,8
triton_softmax_6000,LDG.E.128,8
triton_softmax_6000,NOP,8
triton_softmax_6000,STG.E.128,8
triton_softmax_6000,IMAD.WIDE.U32,6
triton_softmax_6000,ISETP.NE.AND,6
triton_softmax_6000,P2R,6
triton_softmax_6000,BAR.SYNC.DEFER_BLOCKING,3
triton_softmax_6000,EXIT,2
triton_softmax_6000,IADD,2
triton_softmax_6000,IADD.64,2
triton_softmax_6000,LDC.64,2
triton_softmax_6000,LDS,2
triton_softmax_6000,S2R,2
triton_softmax_6000,S2UR,2
triton_softmax_6000,SHF.L.U32,2
triton_softmax_6000,STS,2
triton_softmax_6000,BRA,1
triton_softmax_6000,FSETP.GT.AND,1
triton_softmax_6000,LDC,1
triton_softmax_6000,LDCU,1
triton_softmax_6000,LDCU.64,1
triton_softmax_6000,MUFU.RCP,1
triton_softmax_6000,SHF.R.U32.HI,1
triton_softmax_6000,UIADD3,1
triton_softmax_6000,UIMAD,1
triton_softmax_6000,UIMAD.WIDE.U32,1
triton_softmax_6000,ULEA,1
triton_softmax_6000,UMOV,1
triton_softmax_6000,USHF.L.U32,1
triton_softmax_6000,USHF.L.U64.HI,1
triton_softmax_6000,USHF.R.S32.HI,1
cuda_softmax_8192,FFMA,105
cuda_softmax_8192,MOV,85
cuda_softmax_8192,FADD,80
cuda_softmax_8192,FMUL,58
cuda_softmax_8192,SHF.L.U32,44
cuda_softmax_8192,FFMA.RM,41
cuda_softmax_8192,FFMA.SAT,40
cuda_softmax_8192,MUFU.EX2,40
cuda_softmax_8192,BRA,36
cuda_softmax_8192,SHFL.BFLY,30
cuda_softmax_8192,NOP,25
cuda_softmax_8192,HFMA2,23
cuda_softmax_8192,BSSY.RECONVERGENT,16
cuda_softmax_8192,BSYNC.RECONVERGENT,16
cuda_softmax_8192,IADD,16
cuda_softmax_8192,LOP3.LUT,14
cuda_softmax_8192,ENDCOLLECTIVE,10
cuda_softmax_8192,FMNMX,10
cuda_softmax_8192,FSETP.NEU.AND,10
cuda_softmax_8192,WARPSYNC.COLLECTIVE,10
cuda_softmax_8192,IMAD.WIDE.U32,8
cuda_softmax_8192,ISETP.GE.AND,6
cuda_softmax_8192,LEA,6
cuda_softmax_8192,MUFU.RCP,6
cuda_softmax_8192,UMOV,6
cuda_softmax_8192,BRA.DIV,5
cuda_softmax_8192,ISETP.NE.U32.AND,5
cuda_softmax_8192,SHF.R.U32.HI,5
cuda_softmax_8192,BSSY,4
cuda_softmax_8192,BSYNC,4
cuda_softmax_8192,FSETP.GT.AND,4
cuda_softmax_8192,LDG.E.128.CONSTANT,4
cuda_softmax_8192,S2R,4
cuda_softmax_8192,EXIT,3
cuda_softmax_8192,FADD.FTZ,3
cuda_softmax_8192,IADD.64,3
cuda_softmax_8192,ISETP.GE.U32.AND,3
cuda_softmax_8192,LDC,3
cuda_softmax_8192,SEL,3
cuda_softmax_8192,STG.E.128,3
cuda_softmax_8192,USHF.R.S32.HI,3
cuda_softmax_8192,BAR.SYNC.DEFER_BLOCKING,2
cuda_softmax_8192,IADD3,2
cuda_softmax_8192,IMAD,2
cuda_softmax_8192,IMAD.HI.U32,2
cuda_softmax_8192,ISETP.GT.U32.AND,2
cuda_softmax_8192,LDC.64,2
cuda_softmax_8192,LDCU.64,2
cuda_softmax_8192,LDS.64,2
cuda_softmax_8192,S2UR,2
cuda_softmax_8192,STS.64,2
cuda_softmax_8192,USHF.L.U32,2
cuda_softmax_8192,USHF.L.U64.HI,2
cuda_softmax_8192,CALL.REL.NOINC,1
cuda_softmax_8192,F2I.FTZ.U32.TRUNC.NTZ,1
cuda_softmax_8192,FFMA.RP,1
cuda_softmax_8192,FSETP.NEU.FTZ.AND,1
cuda_softmax_8192,I2F.U32.RP,1
cuda_softmax_8192,ISETP.NE.AND,1
cuda_softmax_8192,LDCU,1
cuda_softmax_8192,PLOP3.LUT,1
cuda_softmax_8192,RET.REL.NODEC,1
cuda_softmax_8192,UIADD3,1
cuda_softmax_8192,UIMAD,1
cuda_softmax_8192,UIMAD.WIDE.U32,1
cuda_softmax_8192,ULEA,1
cuda_softmax_8192,ULEA.HI,1
cuda_softmax_8192,VIMNMX.S32,1
cuda_softmax_8192,WARPSYNC.ALL,1
triton_softmax_8192,FMUL,770
triton_softmax_8192,FADD,261
triton_softmax_8192,FMNMX,133
triton_softmax_8192,FSETP.GEU.AND,129
triton_softmax_8192,MOV,128
triton_softmax_8192,MUFU.EX2,128
triton_softmax_8192,LOP3.LUT,105
triton_softmax_8192,ISETP.GE.AND,32
triton_softmax_8192,LDG.E.128,32
triton_softmax_8192,STG.E.128,32
triton_softmax_8192,NOP,14
triton_softmax_8192,SHFL.BFLY,12
triton_softmax_8192,IMAD.WIDE.U32,6
triton_softmax_8192,ISETP.NE.AND,6
triton_softmax_8192,P2R,6
triton_softmax_8192,IADD,4
triton_softmax_8192,BAR.SYNC.DEFER_BLOCKING,3
triton_softmax_8192,EXIT,2
triton_softmax_8192,IADD.64,2
triton_softmax_8192,LDC.64,2
triton_softmax_8192,LDS,2
triton_softmax_8192,S2R,2
triton_softmax_8192,S2UR,2
triton_softmax_8192,SHF.L.U32,2
triton_softmax_8192,STS,2
triton_softmax_8192,BRA,1
triton_softmax_8192,FSETP.GT.AND,1
triton_softmax_8192,LDC,1
triton_softmax_8192,LDCU,1
triton_softmax_8192,LDCU.64,1
triton_softmax_8192,MUFU.RCP,1
triton_softmax_8192,SHF.R.U32.HI,1
triton_softmax_8192,UIADD3,1
triton_softmax_8192,UIMAD,1
triton_softmax_8192,UIMAD.WIDE.U32,1
triton_softmax_8192,ULEA,1
triton_softmax_8192,UMOV,1
triton_softmax_8192,USHF.L.U32,1
triton_softmax_8192,USHF.L.U64.HI,1
triton_softmax_8192,USHF.R.S32.HI,1
cuda_softmax_12000,FFMA,105
cuda_softmax_12000,MOV,85
cuda_softmax_12000,FADD,80
cuda_softmax_12000,FMUL,58
cuda_softmax_12000,SHF.L.U32,44
cuda_softmax_12000,FFMA.RM,41
cuda_softmax_12000,FFMA.SAT,40
cuda_softmax_12000,MUFU.EX2,40
cuda_softmax_12000,BRA,36
cuda_softmax_12000,SHFL.BFLY,30
cuda_softmax_12000,NOP,25
cuda_softmax_12000,HFMA2,23
cuda_softmax_12000,BSSY.RECONVERGENT,16
cuda_softmax_12000,BSYNC.RECONVERGENT,16
cuda_softmax_12000,IADD,16
cuda_softmax_12000,LOP3.LUT,14
cuda_softmax_12000,ENDCOLLECTIVE,10
cuda_softmax_12000,FMNMX,10
cuda_softmax_12000,FSETP.NEU.AND,10
cuda_softmax_12000,WARPSYNC.COLLECTIVE,10
cuda_softmax_12000,IMAD.WIDE.U32,8
cuda_softmax_12000,ISETP.GE.AND,6
cuda_softmax_12000,LEA,6
cuda_softmax_12000,MUFU.RCP,6
cuda_softmax_12000,UMOV,6
cuda_softmax_12000,BRA.DIV,5
cuda_softmax_12000,ISETP.NE.U32.AND,5
cuda_softmax_12000,SHF.R.U32.HI,5
cuda_softmax_12000,BSSY,4
cuda_softmax_12000,BSYNC,4
cuda_softmax_12000,FSETP.GT.AND,4
cuda_softmax_12000,LDG.E.128.CONSTANT,4
cuda_softmax_12000,S2R,4
cuda_softmax_12000,EXIT,3
cuda_softmax_12000,FADD.FTZ,3
cuda_softmax_12000,IADD.64,3
cuda_softmax_12000,ISETP.GE.U32.AND,3
cuda_softmax_12000,LDC,3
cuda_softmax_12000,SEL,3
cuda_softmax_12000,STG.E.128,3
cuda_softmax_12000,USHF.R.S32.HI,3
cuda_softmax_12000,BAR.SYNC.DEFER_BLOCKING,2
cuda_softmax_12000,IADD3,2
cuda_softmax_12000,IMAD,2
cuda_softmax_12000,IMAD.HI.U32,2
cuda_softmax_12000,ISETP.GT.U32.AND,2
cuda_softmax_12000,LDC.64,2
cuda_softmax_12000,LDCU.64,2
cuda_softmax_12000,LDS.64,2
cuda_softmax_12000,S2UR,2
cuda_softmax_12000,STS.64,2
cuda_softmax_12000,USHF.L.U32,2
cuda_softmax_12000,USHF.L.U64.HI,2
cuda_softmax_12000,CALL.REL.NOINC,1
cuda_softmax_12000,F2I.FTZ.U32.TRUNC.NTZ,1
cuda_softmax_12000,FFMA.RP,1
cuda_softmax_12000,FSETP.NEU.FTZ.AND,1
cuda_softmax_12000,I2F.U32.RP,1
cuda_softmax_12000,ISETP.NE.AND,1
cuda_softmax_12000,LDCU,1
cuda_softmax_12000,PLOP3.LUT,1
cuda_softmax_12000,RET.REL.NODEC,1
cuda_softmax_12000,UIADD3,1
cuda_softmax_12000,UIMAD,1
cuda_softmax_12000,UIMAD.WIDE.U32,1
cuda_softmax_12000,ULEA,1
cuda_softmax_12000,ULEA.HI,1
cuda_softmax_12000,VIMNMX.S32,1
cuda_softmax_12000,WARPSYNC.ALL,1
triton_softmax_12000,FMUL,98
triton_softmax_12000,FADD,41
triton_softmax_12000,FMNMX,25
triton_softmax_12000,SHFL.BFLY,20
triton_softmax_12000,FSETP.GEU.AND,17
triton_softmax_12000,MOV,16
triton_softmax_12000,MUFU.EX2,16
triton_softmax_12000,NOP,12
triton_softmax_12000,ISETP.GE.AND,4
triton_softmax_12000,LDG.E.128,4
triton_softmax_12000,STG.E.128,4
triton_softmax_12000,BAR.SYNC.DEFER_BLOCKING,3
triton_softmax_12000,IADD,3
triton_softmax_12000,EXIT,2
triton_softmax_12000,IADD.64,2
triton_softmax_12000,IMAD.WIDE.U32,2
triton_softmax_12000,LDC.64,2
triton_softmax_12000,LDS,2
triton_softmax_12000,LOP3.LUT,2
triton_softmax_12000,S2UR,2
triton_softmax_12000,STS,2
triton_softmax_12000,BRA,1
triton_softmax_12000,FSETP.GT.AND,1
triton_softmax_12000,LDC,1
triton_softmax_12000,LDCU,1
triton_softmax_12000,LDCU.64,1
triton_softmax_12000,MUFU.RCP,1
triton_softmax_12000,S2R,1
triton_softmax_12000,SHF.L.U32,1
triton_softmax_12000,SHF.R.U32.HI,1
triton_softmax_12000,UIADD3,1
triton_softmax_12000,UIMAD,1
triton_softmax_12000,UIMAD.WIDE.U32,1
triton_softmax_12000,ULEA,1
triton_softmax_12000,UMOV,1
triton_softmax_12000,USHF.L.U32,1
triton_softmax_12000,USHF.L.U64.HI,1
triton_softmax_12000,USHF.R.S32.HI,1
cuda_softmax_16384,FFMA,105
cuda_softmax_16384,MOV,85
cuda_softmax_16384,FADD,80
cuda_softmax_16384,FMUL,58
cuda_softmax_16384,SHF.L.U32,44
cuda_softmax_16384,FFMA.RM,41
cuda_softmax_16384,FFMA.SAT,40
cuda_softmax_16384,MUFU.EX2,40
cuda_softmax_16384,BRA,36
cuda_softmax_16384,SHFL.BFLY,30
cuda_softmax_16384,NOP,25
cuda_softmax_16384,HFMA2,23
cuda_softmax_16384,BSSY.RECONVERGENT,16
cuda_softmax_16384,BSYNC.RECONVERGENT,16
cuda_softmax_16384,IADD,16
cuda_softmax_16384,LOP3.LUT,14
cuda_softmax_16384,ENDCOLLECTIVE,10
cuda_softmax_16384,FMNMX,10
cuda_softmax_16384,FSETP.NEU.AND,10
cuda_softmax_16384,WARPSYNC.COLLECTIVE,10
cuda_softmax_16384,IMAD.WIDE.U32,8
cuda_softmax_16384,ISETP.GE.AND,6
cuda_softmax_16384,LEA,6
cuda_softmax_16384,MUFU.RCP,6
cuda_softmax_16384,UMOV,6
cuda_softmax_16384,BRA.DIV,5
cuda_softmax_16384,ISETP.NE.U32.AND,5
cuda_softmax_16384,SHF.R.U32.HI,5
cuda_softmax_16384,BSSY,4
cuda_softmax_16384,BSYNC,4
cuda_softmax_16384,FSETP.GT.AND,4
cuda_softmax_16384,LDG.E.128.CONSTANT,4
cuda_softmax_16384,S2R,4
cuda_softmax_16384,EXIT,3
cuda_softmax_16384,FADD.FTZ,3
cuda_softmax_16384,IADD.64,3
cuda_softmax_16384,ISETP.GE.U32.AND,3
cuda_softmax_16384,LDC,3
cuda_softmax_16384,SEL,3
cuda_softmax_16384,STG.E.128,3
cuda_softmax_16384,USHF.R.S32.HI,3
cuda_softmax_16384,BAR.SYNC.DEFER_BLOCKING,2
cuda_softmax_16384,IADD3,2
cuda_softmax_16384,IMAD,2
cuda_softmax_16384,IMAD.HI.U32,2
cuda_softmax_16384,ISETP.GT.U32.AND,2
cuda_softmax_16384,LDC.64,2
cuda_softmax_16384,LDCU.64,2
cuda_softmax_16384,LDS.64,2
cuda_softmax_16384,S2UR,2
cuda_softmax_16384,STS.64,2
cuda_softmax_16384,USHF.L.U32,2
cuda_softmax_16384,USHF.L.U64.HI,2
cuda_softmax_16384,CALL.REL.NOINC,1
cuda_softmax_16384,F2I.FTZ.U32.TRUNC.NTZ,1
cuda_softmax_16384,FFMA.RP,1
cuda_softmax_16384,FSETP.NEU.FTZ.AND,1
cuda_softmax_16384,I2F.U32.RP,1
cuda_softmax_16384,ISETP.NE.AND,1
cuda_softmax_16384,LDCU,1
cuda_softmax_16384,PLOP3.LUT,1
cuda_softmax_16384,RET.REL.NODEC,1
cuda_softmax_16384,UIADD3,1
cuda_softmax_16384,UIMAD,1
cuda_softmax_16384,UIMAD.WIDE.U32,1
cuda_softmax_16384,ULEA,1
cuda_softmax_16384,ULEA.HI,1
cuda_softmax_16384,VIMNMX.S32,1
cuda_softmax_16384,WARPSYNC.ALL,1
triton_softmax_16384,FMUL,770
triton_softmax_16384,FADD,262
triton_softmax_16384,FMNMX,134
triton_softmax_16384,FSETP.GEU.AND,129
triton_softmax_16384,MOV,128
triton_softmax_16384,MUFU.EX2,128
triton_softmax_16384,LOP3.LUT,100
triton_softmax_16384,ISETP.GE.AND,32
triton_softmax_16384,LDG.E.128,32
triton_softmax_16384,STG.E.128,32
triton_softmax_16384,NOP,15
triton_softmax_16384,SHFL.BFLY,14
triton_softmax_16384,IMAD.WIDE.U32,10
triton_softmax_16384,ISETP.NE.AND,7
triton_softmax_16384,P2R,7
triton_softmax_16384,IADD,6
triton_softmax_16384,BAR.SYNC.DEFER_BLOCKING,3
triton_softmax_16384,EXIT,2
triton_softmax_16384,IADD.64,2
triton_softmax_16384,LDC.64,2
triton_softmax_16384,LDS,2
triton_softmax_16384,S2R,2
triton_softmax_16384,S2UR,2
triton_softmax_16384,SHF.L.U32,2
triton_softmax_16384,STS,2
triton_softmax_16384,BRA,1
triton_softmax_16384,FSETP.GT.AND,1
triton_softmax_16384,LDC,1
triton_softmax_16384,LDCU,1
triton_softmax_16384,LDCU.64,1
triton_softmax_16384,MUFU.RCP,1
triton_softmax_16384,SHF.R.U32.HI,1
triton_softmax_16384,UIADD3,1
triton_softmax_16384,UIMAD,1
triton_softmax_16384,UIMAD.WIDE.U32,1
triton_softmax_16384,ULEA,1
triton_softmax_16384,UMOV,1
triton_softmax_16384,USHF.L.U32,1
triton_softmax_16384,USHF.L.U64.HI,1
triton_softmax_16384,USHF.R.S32.HI,1
